atm_id,month,day,service,atm_street_number,atm_zipcode,atm_lat,atm_lon,temp,pressure,humidity,wind_speed,wind_deg,rain_3h,clouds_all,weekday_Friday,weekday_Monday,weekday_Saturday,weekday_Sunday,weekday_Thursday,weekday_Tuesday,weekday_Wednesday,atm_status_Active,atm_status_Inactive,atm_manufacturer_Diebold Nixdorf,atm_manufacturer_NCR,atm_location_Bindslev,atm_location_Bryggen  Vejle,atm_location_Frederiksberg,atm_location_Hobro,atm_location_Hørning Hallen,atm_location_Intern  Skive,atm_location_Jebjerg,atm_location_Odense,atm_location_Storvorde,atm_location_Viborg,atm_streetname_Adelgade,atm_streetname_Fælledvej,atm_streetname_Gammel Kongevej,atm_streetname_Kirkegade,atm_streetname_Nørrebro,atm_streetname_Sønderbrogade,atm_streetname_Toftevej,atm_streetname_Toldboden,atm_streetname_Vandværksvej,weather_main_Clear,weather_main_Clouds,weather_main_Drizzle,weather_main_Fog,weather_main_Mist,weather_main_Rain,weather_main_Snow,weather_main_Thunderstorm
18,1,1,13,3,8800,56.44774747,9.40115181,278.534615384615,1009.84615384615,92.5384615384615,3.61538461538462,269.230769230769,0,64.2307692307692,0,0,0,1,0,0,0,1,0,1,0,0,0,0,0,0,0,0,0,0,1,0,0,0,0,0,0,0,1,0,0,0,1,0,0,0,0,0
18,1,2,52,3,8800,56.44774747,9.40115181,274.015384615385,1014.65384615385,88.3653846153846,2.15384615384615,258.653846153846,0,6.53846153846154,0,1,0,0,0,0,0,1,0,1,0,0,0,0,0,0,0,0,0,0,1,0,0,0,0,0,0,0,1,0,0,1,0,0,0,0,0,0
18,1,3,24.945153487846255,3,8800,56.44774747,9.40115181,280.066666666667,1002.22222222222,89.9166666666667,8.08333333333333,268.333333333333,8.54,81,0,0,0,0,0,1,0,1,0,1,0,0,0,0,0,0,0,0,0,0,1,0,0,0,0,0,0,0,1,0,0,0,0,0,0,1,0,0
18,1,4,23.237014317302965,3,8800,56.44774747,9.40115181,275.683333333333,1004.33333333333,62.9,7.2,341.666666666667,0.285,19.4666666666667,0,0,0,0,0,0,1,1,0,1,0,0,0,0,0,0,0,0,0,0,1,0,0,0,0,0,0,0,1,0,0,0,0,0,0,1,0,0
18,1,5,39,3,8800,56.44774747,9.40115181,267.688461538462,1035.89743589744,71.8717948717949,2.38461538461538,73.2820512820513,0,3.07692307692308,0,0,0,0,1,0,0,1,0,1,0,0,0,0,0,0,0,0,0,0,1,0,0,0,0,0,0,0,1,0,1,0,0,0,0,0,0,0
18,1,6,34,3,8800,56.44774747,9.40115181,269.267647058824,1036.94117647059,70.4705882352941,4.5,177.352941176471,0,30.7058823529412,1,0,0,0,0,0,0,1,0,1,0,0,0,0,0,0,0,0,0,0,1,0,0,0,0,0,0,0,1,0,1,0,0,0,0,0,0,0
18,1,7,25,3,8800,56.44774747,9.40115181,277.67,1021.28,95.04,3.4,292.8,0,57.92,0,0,1,0,0,0,0,1,0,1,0,0,0,0,0,0,0,0,0,0,1,0,0,0,0,0,0,0,1,0,0,0,0,0,1,0,0,0
18,1,8,6,3,8800,56.44774747,9.40115181,274.316666666667,1028.5,92.6666666666667,3,185,0,56.3333333333333,0,0,0,1,0,0,0,1,0,1,0,0,0,0,0,0,0,0,0,0,1,0,0,0,0,0,0,0,1,0,0,1,0,0,0,0,0,0
18,1,9,36,3,8800,56.44774747,9.40115181,278.344444444444,1016.38888888889,95.9166666666667,4.02777777777778,195,0,75,0,1,0,0,0,0,0,1,0,1,0,0,0,0,0,0,0,0,0,0,1,0,0,0,0,0,0,0,1,0,0,1,0,0,0,0,0,0
18,1,10,27.96310955140507,3,8800,56.44774747,9.40115181,276.285135135135,1004.05405405405,100,4.54054054054054,174.594594594595,0,75.8648648648649,0,0,0,0,0,1,0,1,0,1,0,0,0,0,0,0,0,0,0,0,1,0,0,0,0,0,0,0,1,0,0,0,0,0,0,1,0,0
18,1,11,18.685192927368917,3,8800,56.44774747,9.40115181,279.073076923077,984.076923076923,88.0384615384615,8.92307692307692,242.307692307692,7.65,82.1153846153846,0,0,0,0,0,0,1,1,0,1,0,0,0,0,0,0,0,0,0,0,1,0,0,0,0,0,0,0,1,0,0,0,0,0,0,1,0,0
18,1,12,36.37760821189732,3,8800,56.44774747,9.40115181,276.696666666667,990.854166666667,80.25,7.3125,255.666666666667,1.86,47.2291666666667,0,0,0,0,1,0,0,1,0,1,0,0,0,0,0,0,0,0,0,0,1,0,0,0,0,0,0,0,1,0,0,0,0,0,0,1,0,0
18,1,13,52,3,8800,56.44774747,9.40115181,274.169230769231,989.846153846154,90.1153846153846,1.86538461538462,185.384615384615,0,10.2307692307692,1,0,0,0,0,0,0,1,0,1,0,0,0,0,0,0,0,0,0,0,1,0,0,0,0,0,0,0,1,0,1,0,0,0,0,0,0,0
18,1,14,22.02605835683644,3,8800,56.44774747,9.40115181,274.80625,999.21875,83.15625,4.34375,295.9375,0,24.375,0,0,1,0,0,0,0,1,0,1,0,0,0,0,0,0,0,0,0,0,1,0,0,0,0,0,0,0,1,0,0,0,0,0,0,1,0,0
18,1,15,13,3,8800,56.44774747,9.40115181,269.303846153846,1017.46153846154,94.0769230769231,0.846153846153846,321.461538461538,0,18.0769230769231,0,0,0,1,0,0,0,1,0,1,0,0,0,0,0,0,0,0,0,0,1,0,0,0,0,0,0,0,1,0,0,0,0,0,0,0,1,0
18,1,16,43,3,8800,56.44774747,9.40115181,268.429069767442,1028.83720930233,91.3023255813954,1.62790697674419,295.558139534884,0,5.23255813953488,0,1,0,0,0,0,0,1,0,1,0,0,0,0,0,0,0,0,0,0,1,0,0,0,0,0,0,0,1,0,0,0,0,1,0,0,0,0
18,1,17,22,3,8800,56.44774747,9.40115181,273.104545454545,1034.86363636364,92.5909090909091,2.63636363636364,202.727272727273,2.975,87.6363636363636,0,0,0,0,0,1,0,1,0,1,0,0,0,0,0,0,0,0,0,0,1,0,0,0,0,0,0,0,1,0,0,1,0,0,0,0,0,0
18,1,18,24.034431752935053,3,8800,56.44774747,9.40115181,277.538888888889,1033.97222222222,97.2777777777778,4.38888888888889,230.555555555556,1.38,89.75,0,0,0,0,0,0,1,1,0,1,0,0,0,0,0,0,0,0,0,0,1,0,0,0,0,0,0,0,1,0,0,0,0,0,0,1,0,0
18,1,19,18.031239055853803,3,8800,56.44774747,9.40115181,279.75,1033.16,91.36,3.84,251.2,0.6,67,0,0,0,0,1,0,0,1,0,1,0,0,0,0,0,0,0,0,0,0,1,0,0,0,0,0,0,0,1,0,0,0,0,0,0,1,0,0
18,1,20,58,3,8800,56.44774747,9.40115181,280.13275862069,1031.55172413793,90.2068965517241,4.94827586206897,267.413793103448,0,41.6034482758621,1,0,0,0,0,0,0,1,0,1,0,0,0,0,0,0,0,0,0,0,1,0,0,0,0,0,0,0,1,0,0,1,0,0,0,0,0,0
18,1,21,25,3,8800,56.44774747,9.40115181,279.83,1029.68,89.64,2.68,268.4,1.2675,77.92,0,0,1,0,0,0,0,1,0,1,0,0,0,0,0,0,0,0,0,0,1,0,0,0,0,0,0,0,1,0,0,0,0,1,0,0,0,0
18,1,22,10,3,8800,56.44774747,9.40115181,277.05,1026.5,87.4,1.8,209,0,55.6,0,0,0,1,0,0,0,1,0,1,0,0,0,0,0,0,0,0,0,0,1,0,0,0,0,0,0,0,1,0,0,1,0,0,0,0,0,0
18,1,23,37,3,8800,56.44774747,9.40115181,276.474324324324,1021.81081081081,89.2972972972973,2.78378378378378,222.702702702703,0,65.8918918918919,0,1,0,0,0,0,0,1,0,1,0,0,0,0,0,0,0,0,0,0,1,0,0,0,0,0,0,0,1,0,0,0,0,0,1,0,0,0
18,1,24,35,3,8800,56.44774747,9.40115181,277.39214285714303,1027.45714285714,96.1714285714286,2.51428571428571,245.485714285714,0,55.4,0,0,0,0,0,1,0,1,0,1,0,0,0,0,0,0,0,0,0,0,1,0,0,0,0,0,0,0,1,0,0,0,0,1,0,0,0,0
18,1,25,34,3,8800,56.44774747,9.40115181,275.96441176470603,1035.08823529412,93,4.67647058823529,230.970588235294,0,26.7647058823529,0,0,0,0,0,0,1,1,0,1,0,0,0,0,0,0,0,0,0,0,1,0,0,0,0,0,0,0,1,0,1,0,0,0,0,0,0,0
18,1,26,43,3,8800,56.44774747,9.40115181,272.870930232558,1029.23255813953,92.7674418604651,2.58139534883721,145.348837209302,0,54.6744186046512,0,0,0,0,1,0,0,1,0,1,0,0,0,0,0,0,0,0,0,0,1,0,0,0,0,0,0,0,1,0,0,1,0,0,0,0,0,0
18,1,27,53,3,8800,56.44774747,9.40115181,274.999056603774,1019.39622641509,77.5660377358491,3.64150943396226,135.849056603774,0,1.13207547169811,1,0,0,0,0,0,0,1,0,1,0,0,0,0,0,0,0,0,0,0,1,0,0,0,0,0,0,0,1,0,0,0,0,0,1,0,0,0
18,1,28,27,3,8800,56.44774747,9.40115181,277.409259259259,1017.18518518519,85.7777777777778,2.96296296296296,140.37037037037,0,21.3333333333333,0,0,1,0,0,0,0,1,0,1,0,0,0,0,0,0,0,0,0,0,1,0,0,0,0,0,0,0,1,0,0,1,0,0,0,0,0,0
18,1,29,12,3,8800,56.44774747,9.40115181,275.983333333333,1012.25,96.8333333333333,3,182.5,0,75.1666666666667,0,0,0,1,0,0,0,1,0,1,0,0,0,0,0,0,0,0,0,0,1,0,0,0,0,0,0,0,1,0,0,1,0,0,0,0,0,0
18,1,30,39,3,8800,56.44774747,9.40115181,276.585897435897,1015.30769230769,93.3589743589744,2.05128205128205,82.3076923076923,0,79.1025641025641,0,1,0,0,0,0,0,1,0,1,0,0,0,0,0,0,0,0,0,0,1,0,0,0,0,0,0,0,1,0,0,0,0,0,1,0,0,0
18,1,31,92,3,8800,56.44774747,9.40115181,274.660869565217,1020.27173913043,95.9782608695652,3.97826086956522,95.7608695652174,0,76.0108695652174,0,0,0,0,0,1,0,1,0,1,0,0,0,0,0,0,0,0,0,0,1,0,0,0,0,0,0,0,1,0,0,1,0,0,0,0,0,0
18,2,1,68,3,8800,56.44774747,9.40115181,275.129764705882,1019.08823529412,91.6029411764706,3.42647058823529,147.617647058824,0,77.1470588235294,0,0,0,0,0,0,1,1,0,1,0,0,0,0,0,0,0,0,0,0,1,0,0,0,0,0,0,0,1,0,0,1,0,0,0,0,0,0
18,2,2,53,3,8800,56.44774747,9.40115181,274.508490566038,1008.67924528302,99.2452830188679,3.43396226415094,139.056603773585,0,87.4528301886792,0,0,0,0,1,0,0,1,0,1,0,0,0,0,0,0,0,0,0,0,1,0,0,0,0,0,0,0,1,0,0,0,0,0,1,0,0,0
18,2,3,64,3,8800,56.44774747,9.40115181,275.74375,1004.625,98.578125,3.5,124.84375,0,90.15625,1,0,0,0,0,0,0,1,0,1,0,0,0,0,0,0,0,0,0,0,1,0,0,0,0,0,0,0,1,0,0,0,0,0,1,0,0,0
18,2,4,25,3,8800,56.44774747,9.40115181,276.39,1001.8,98.04,3.52,119.2,0,89.04,0,0,1,0,0,0,0,1,0,1,0,0,0,0,0,0,0,0,0,0,1,0,0,0,0,0,0,0,1,0,0,0,0,0,1,0,0,0
18,2,5,30,3,8800,56.44774747,9.40115181,275.944733333333,1008.53333333333,98.3333333333333,5.03333333333333,88.3333333333333,0,88.6333333333333,0,0,0,1,0,0,0,1,0,1,0,0,0,0,0,0,0,0,0,0,1,0,0,0,0,0,0,0,1,0,0,0,1,0,0,0,0,0
18,2,6,38,3,8800,56.44774747,9.40115181,275.15,1024.92105263158,92,5.57894736842105,82.6315789473684,0,57.8947368421053,0,1,0,0,0,0,0,1,0,1,0,0,0,0,0,0,0,0,0,0,1,0,0,0,0,0,0,0,1,0,0,1,0,0,0,0,0,0
18,2,7,32,3,8800,56.44774747,9.40115181,271.99375,1028.25,83.09375,6.71875,85.3125,0,72.53125,0,0,0,0,0,1,0,1,0,1,0,0,0,0,0,0,0,0,0,0,1,0,0,0,0,0,0,0,1,0,0,0,0,0,0,0,1,0
18,2,8,45,3,8800,56.44774747,9.40115181,271.216666666667,1034.02222222222,80.1555555555556,7.44444444444444,72.6666666666667,0,58.6222222222222,0,0,0,0,0,0,1,1,0,1,0,0,0,0,0,0,0,0,0,0,1,0,0,0,0,0,0,0,1,0,0,0,0,0,0,0,1,0
18,2,9,49,3,8800,56.44774747,9.40115181,271.741836734694,1035.02040816327,82.3061224489796,3.93877551020408,65.1020408163265,0,74.6326530612245,0,0,0,0,1,0,0,1,0,1,0,0,0,0,0,0,0,0,0,0,1,0,0,0,0,0,0,0,1,0,0,0,0,0,0,0,1,0
18,2,10,60,3,8800,56.44774747,9.40115181,272.583333333333,1031.98333333333,85.6666666666667,6.26666666666667,86.5,0,83.3666666666667,1,0,0,0,0,0,0,1,0,1,0,0,0,0,0,0,0,0,0,0,1,0,0,0,0,0,0,0,1,0,0,1,0,0,0,0,0,0
18,2,11,25,3,8800,56.44774747,9.40115181,274.27,1033.2,71.04,8.44,82.4,0,65.28,0,0,1,0,0,0,0,1,0,1,0,0,0,0,0,0,0,0,0,0,1,0,0,0,0,0,0,0,1,0,0,1,0,0,0,0,0,0
18,2,12,15,3,8800,56.44774747,9.40115181,273.283333333333,1037.8,74.1333333333333,5.8,81.3333333333333,0,60,0,0,0,1,0,0,0,1,0,1,0,0,0,0,0,0,0,0,0,0,1,0,0,0,0,0,0,0,1,0,0,1,0,0,0,0,0,0
18,2,13,33,3,8800,56.44774747,9.40115181,273.210606060606,1039,79.7575757575758,2.33333333333333,110.575757575758,0,31.3636363636364,0,1,0,0,0,0,0,1,0,1,0,0,0,0,0,0,0,0,0,0,1,0,0,0,0,0,0,0,1,0,0,1,0,0,0,0,0,0
18,2,14,34,3,8800,56.44774747,9.40115181,271.119558823529,1044.41176470588,82,1.85294117647059,108.205882352941,0,0,0,0,0,0,0,1,0,1,0,1,0,0,0,0,0,0,0,0,0,0,1,0,0,0,0,0,0,0,1,0,1,0,0,0,0,0,0,0
18,2,15,39,3,8800,56.44774747,9.40115181,273.541435897436,1039.53846153846,80.5384615384615,1.51282051282051,191.230769230769,0,3.17948717948718,0,0,0,0,0,0,1,1,0,1,0,0,0,0,0,0,0,0,0,0,1,0,0,0,0,0,0,0,1,0,1,0,0,0,0,0,0,0
18,2,16,30.543366197193976,3,8800,56.44774747,9.40115181,278.967205128205,1027.61538461538,93.5384615384615,6.46153846153846,241.307692307692,9.455,87.3846153846154,0,0,0,0,1,0,0,1,0,1,0,0,0,0,0,0,0,0,0,0,1,0,0,0,0,0,0,0,1,0,0,0,0,0,0,1,0,0
18,2,17,32.82385987848975,3,8800,56.44774747,9.40115181,277.303931818182,1026.06818181818,96.7727272727273,1.75,266.068181818182,3.665,81.4545454545455,1,0,0,0,0,0,0,1,0,1,0,0,0,0,0,0,0,0,0,0,1,0,0,0,0,0,0,0,1,0,0,0,0,0,0,1,0,0
18,2,18,23,3,8800,56.44774747,9.40115181,277.384217391304,1028.26086956522,97.0434782608696,5.21739130434783,261.260869565217,0.145,74.4347826086957,0,0,1,0,0,0,0,1,0,1,0,0,0,0,0,0,0,0,0,0,1,0,0,0,0,0,0,0,1,0,0,1,0,0,0,0,0,0
18,2,19,14.113688890892082,3,8800,56.44774747,9.40115181,279.673684210526,1017.89473684211,97.5789473684211,5.94736842105263,269.315789473684,5.5,89.8947368421053,0,0,0,1,0,0,0,1,0,1,0,0,0,0,0,0,0,0,0,0,1,0,0,0,0,0,0,0,1,0,0,0,0,0,0,1,0,0
18,2,20,28.700577349308876,3,8800,56.44774747,9.40115181,281.088658536585,1006.09756097561,95.9756097560976,8.02439024390244,269.243902439024,39.9325,91.609756097561,0,1,0,0,0,0,0,1,0,1,0,0,0,0,0,0,0,0,0,0,1,0,0,0,0,0,0,0,1,0,0,0,0,0,0,1,0,0
18,2,21,40,3,8800,56.44774747,9.40115181,279.369576510318,1010.075,87.75,9.4,286.575,1.125,64.825,0,0,0,0,0,1,0,1,0,1,0,0,0,0,0,0,0,0,0,0,1,0,0,0,0,0,0,0,1,0,0,1,0,0,0,0,0,0
18,2,22,24.842048409976996,3,8800,56.44774747,9.40115181,279.835714285714,987.6,77.7428571428571,11.2285714285714,260.285714285714,3.73,68.9428571428571,0,0,0,0,0,0,1,1,0,1,0,0,0,0,0,0,0,0,0,0,1,0,0,0,0,0,0,0,1,0,0,0,0,0,0,1,0,0
18,2,23,52,3,8800,56.44774747,9.40115181,277.226923076923,987.057692307692,87.5384615384615,2.36538461538462,182.307692307692,0.99,67.8846153846154,0,0,0,0,1,0,0,1,0,1,0,0,0,0,0,0,0,0,0,0,1,0,0,0,0,0,0,0,1,0,0,1,0,0,0,0,0,0
18,2,24,40,3,8800,56.44774747,9.40115181,276.075,1005.2,73.05,5.875,282,0,10.8,1,0,0,0,0,0,0,1,0,1,0,0,0,0,0,0,0,0,0,0,1,0,0,0,0,0,0,0,1,0,1,0,0,0,0,0,0,0
18,2,25,26,3,8800,56.44774747,9.40115181,276.611538461538,1007.30769230769,92.8461538461538,4.53846153846154,195,0,61.2307692307692,0,0,1,0,0,0,0,1,0,1,0,0,0,0,0,0,0,0,0,0,1,0,0,0,0,0,0,0,1,0,1,0,0,0,0,0,0,0
18,2,26,14.280238966038452,3,8800,56.44774747,9.40115181,279.728947368421,1000.10526315789,98.8947368421053,4.05263157894737,226.315789473684,0,84.2105263157895,0,0,0,1,0,0,0,1,0,1,0,0,0,0,0,0,0,0,0,0,1,0,0,0,0,0,0,0,1,0,0,0,0,0,0,1,0,0
18,2,27,26,3,8800,56.44774747,9.40115181,280.688461538462,992.692307692308,96.2307692307692,3.46153846153846,188.846153846154,0,88.5769230769231,0,1,0,0,0,0,0,1,0,1,0,0,0,0,0,0,0,0,0,0,1,0,0,0,0,0,0,0,1,0,0,0,1,0,0,0,0,0
18,2,28,106,3,8800,56.44774747,9.40115181,278.131132075472,980.839622641509,80.5377358490566,6.79245283018868,196.320754716981,1.05,67.8584905660377,0,0,0,0,0,1,0,1,0,1,0,0,0,0,0,0,0,0,0,0,1,0,0,0,0,0,0,0,1,0,1,0,0,0,0,0,0,0
18,3,1,71,3,8800,56.44774747,9.40115181,278.854225352113,990.014084507042,84.0704225352113,7.02816901408451,250.56338028169,11.655,68.0422535211268,0,0,0,0,0,0,1,1,0,1,0,0,0,0,0,0,0,0,0,0,1,0,0,0,0,0,0,0,1,0,0,1,0,0,0,0,0,0
18,3,2,55,3,8800,56.44774747,9.40115181,278.695454545455,996.2,79.2181818181818,5.25454545454545,261.454545454545,21.71,64.6363636363636,0,0,0,0,1,0,0,1,0,1,0,0,0,0,0,0,0,0,0,0,1,0,0,0,0,0,0,0,1,0,0,0,0,0,0,0,1,0
18,3,3,65,3,8800,56.44774747,9.40115181,278.596153846154,1002.70769230769,92.5538461538462,4.67692307692308,225.692307692308,33.165,83.0461538461538,1,0,0,0,0,0,0,1,0,1,0,0,0,0,0,0,0,0,0,0,1,0,0,0,0,0,0,0,1,0,0,1,0,0,0,0,0,0
18,3,4,25.973675764515065,3,8800,56.44774747,9.40115181,278.502941176471,996.382352941176,89.0588235294118,6.41176470588235,94.7058823529412,17.57,90.5,0,0,1,0,0,0,0,1,0,1,0,0,0,0,0,0,0,0,0,0,1,0,0,0,0,0,0,0,1,0,0,0,0,0,0,1,0,0
18,3,5,16.16941179947462,3,8800,56.44774747,9.40115181,277.968181818182,996.772727272727,93.9545454545455,4.13636363636364,113.136363636364,1.6775,88.0454545454545,0,0,0,1,0,0,0,1,0,1,0,0,0,0,0,0,0,0,0,0,1,0,0,0,0,0,0,0,1,0,0,0,0,0,0,1,0,0
18,3,6,42,3,8800,56.44774747,9.40115181,274.792857142857,1007.07142857143,90.7142857142857,8.28571428571429,70.9523809523809,0,78.7142857142857,0,1,0,0,0,0,0,1,0,1,0,0,0,0,0,0,0,0,0,0,1,0,0,0,0,0,0,0,1,0,0,0,0,0,1,0,0,0
18,3,7,37,3,8800,56.44774747,9.40115181,272.636486486486,1015.89189189189,86.2702702702703,2.91891891891892,80,0,52.3243243243243,0,0,0,0,0,1,0,1,0,1,0,0,0,0,0,0,0,0,0,0,1,0,0,0,0,0,0,0,1,0,0,1,0,0,0,0,0,0
18,3,8,45,3,8800,56.44774747,9.40115181,275.461111111111,1010.26666666667,93.2666666666667,3.35555555555556,156.444444444444,0,78.7777777777778,0,0,0,0,0,0,1,1,0,1,0,0,0,0,0,0,0,0,0,0,1,0,0,0,0,0,0,0,1,0,1,0,0,0,0,0,0,0
18,3,9,42,3,8800,56.44774747,9.40115181,280.721428571429,1009.42857142857,86.3333333333333,3.92857142857143,214.285714285714,0,68.1666666666667,0,0,0,0,1,0,0,1,0,1,0,0,0,0,0,0,0,0,0,0,1,0,0,0,0,0,0,0,1,0,0,1,0,0,0,0,0,0
18,3,10,47,3,8800,56.44774747,9.40115181,280.46914893617,1021.8085106383,80.5957446808511,6.27659574468085,304.042553191489,0,35.6170212765957,1,0,0,0,0,0,0,1,0,1,0,0,0,0,0,0,0,0,0,0,1,0,0,0,0,0,0,0,1,0,1,0,0,0,0,0,0,0
18,3,11,27,3,8800,56.44774747,9.40115181,282.52037037037,1024,62.0740740740741,1.96296296296296,177.37037037037,0,31.4074074074074,0,0,1,0,0,0,0,1,0,1,0,0,0,0,0,0,0,0,0,0,1,0,0,0,0,0,0,0,1,0,0,1,0,0,0,0,0,0
18,3,12,15,3,8800,56.44774747,9.40115181,279.15,1021.93333333333,64.6666666666667,4.13333333333333,128.666666666667,0,74.6666666666667,0,0,0,1,0,0,0,1,0,1,0,0,0,0,0,0,0,0,0,0,1,0,0,0,0,0,0,0,1,0,0,1,0,0,0,0,0,0
18,3,13,50,3,8800,56.44774747,9.40115181,278.61,1022.52,83.6,3.42,195,0.21,48.6,0,1,0,0,0,0,0,1,0,1,0,0,0,0,0,0,0,0,0,0,1,0,0,0,0,0,0,0,1,0,0,1,0,0,0,0,0,0
18,3,14,38,3,8800,56.44774747,9.40115181,282.044736842105,1019.94736842105,89.1578947368421,6.71052631578947,237.105263157895,0.94,77.0526315789474,0,0,0,0,0,1,0,1,0,1,0,0,0,0,0,0,0,0,0,0,1,0,0,0,0,0,0,0,1,0,0,1,0,0,0,0,0,0
18,3,15,39,3,8800,56.44774747,9.40115181,280.777153846154,1025.10256410256,76.1025641025641,8.76923076923077,279.461538461538,0,35.7948717948718,0,0,0,0,0,0,1,1,0,1,0,0,0,0,0,0,0,0,0,0,1,0,0,0,0,0,0,0,1,0,0,1,0,0,0,0,0,0
18,3,16,41,3,8800,56.44774747,9.40115181,284.442682926829,1015.43902439024,73.6341463414634,6.26829268292683,227.560975609756,0,53.9756097560976,0,0,0,0,1,0,0,1,0,1,0,0,0,0,0,0,0,0,0,0,1,0,0,0,0,0,0,0,1,0,0,1,0,0,0,0,0,0
18,3,17,37.13726540690987,3,8800,56.44774747,9.40115181,277.680612244898,1002.4693877551,87.6326530612245,6.42857142857143,257.959183673469,0.165,38.1836734693878,1,0,0,0,0,0,0,1,0,1,0,0,0,0,0,0,0,0,0,0,1,0,0,0,0,0,0,0,1,0,0,0,0,0,0,1,0,0
18,3,18,18.233115902682766,3,8800,56.44774747,9.40115181,278.15,995.642857142857,81.6785714285714,6.78571428571429,292.5,0,32.0714285714286,0,0,1,0,0,0,0,1,0,1,0,0,0,0,0,0,0,0,0,0,1,0,0,0,0,0,0,0,1,0,0,0,0,0,0,1,0,0
18,3,19,15,3,8800,56.44774747,9.40115181,275.683333333333,998.333333333333,94.3333333333333,4.26666666666667,155.333333333333,0,74.8,0,0,0,1,0,0,0,1,0,1,0,0,0,0,0,0,0,0,0,0,1,0,0,0,0,0,0,0,1,0,1,0,0,0,0,0,0,0
18,3,20,37,3,8800,56.44774747,9.40115181,280.933783783784,997.27027027027,93.945945945946,3.24324324324324,183.783783783784,1.08,80.972972972973,0,1,0,0,0,0,0,1,0,1,0,0,0,0,0,0,0,0,0,0,1,0,0,0,0,0,0,0,1,0,0,0,0,1,0,0,0,0
18,3,21,16.906125161447562,3,8800,56.44774747,9.40115181,278.957692307692,997.884615384615,80.9615384615385,8.34615384615385,241.153846153846,0.13,50.4230769230769,0,0,0,0,0,1,0,1,0,1,0,0,0,0,0,0,0,0,0,0,1,0,0,0,0,0,0,0,1,0,0,0,0,0,0,1,0,0
18,3,22,32,3,8800,56.44774747,9.40115181,280.525,1014.40625,71.5625,4.90625,246.875,0,12.34375,0,0,0,0,0,0,1,1,0,1,0,0,0,0,0,0,0,0,0,0,1,0,0,0,0,0,0,0,1,0,1,0,0,0,0,0,0,0
18,3,23,13,3,8800,56.44774747,9.40115181,277.688461538462,1024.46153846154,79.6153846153846,0.538461538461538,72.9230769230769,0,23.6923076923077,0,0,0,0,1,0,0,1,0,1,0,0,0,0,0,0,0,0,0,0,1,0,0,0,0,0,0,0,1,0,0,0,0,1,0,0,0,0
18,4,3,1,3,8800,56.44774747,9.40115181,283.15,1026,66,2,250,0,0,0,1,0,0,0,0,0,1,0,1,0,0,0,0,0,0,0,0,0,0,1,0,0,0,0,0,0,0,1,0,1,0,0,0,0,0,0,0
18,4,4,32,3,8800,56.44774747,9.40115181,286.65,1023.3125,60.5625,5.0625,230.9375,0,2.75,0,0,0,0,0,1,0,1,0,1,0,0,0,0,0,0,0,0,0,0,1,0,0,0,0,0,0,0,1,0,1,0,0,0,0,0,0,0
18,4,5,35,3,8800,56.44774747,9.40115181,281.321428571429,1016.51428571429,70.7428571428571,9.74285714285714,283.714285714286,0,67.6857142857143,0,0,0,0,0,0,1,1,0,1,0,0,0,0,0,0,0,0,0,0,1,0,0,0,0,0,0,0,1,0,0,1,0,0,0,0,0,0
18,4,6,33,3,8800,56.44774747,9.40115181,281.513636363636,1019.87878787879,81.4848484848485,8.54545454545454,284.242424242424,0,64.9090909090909,0,0,0,0,1,0,0,1,0,1,0,0,0,0,0,0,0,0,0,0,1,0,0,0,0,0,0,0,1,0,1,0,0,0,0,0,0,0
18,4,7,31,3,8800,56.44774747,9.40115181,284.601612903226,1016.12903225806,81.0645161290323,8.09677419354839,293.225806451613,0,18.5806451612903,1,0,0,0,0,0,0,1,0,1,0,0,0,0,0,0,0,0,0,0,1,0,0,0,0,0,0,0,1,0,0,0,1,0,0,0,0,0
18,4,8,18,3,8800,56.44774747,9.40115181,283.594444444444,1020.94444444444,69.8888888888889,6.44444444444444,281.666666666667,0,20.8888888888889,0,0,1,0,0,0,0,1,0,1,0,0,0,0,0,0,0,0,0,0,1,0,0,0,0,0,0,0,1,0,0,1,0,0,0,0,0,0
18,4,9,9,3,8800,56.44774747,9.40115181,286.372222222222,1018.55555555556,63.2222222222222,6,226.666666666667,0,0,0,0,0,1,0,0,0,1,0,1,0,0,0,0,0,0,0,0,0,0,1,0,0,0,0,0,0,0,1,0,1,0,0,0,0,0,0,0
18,4,10,30,3,8800,56.44774747,9.40115181,282.283333333333,1010.46666666667,73.1333333333333,9.7,283.666666666667,0,74.6333333333333,0,1,0,0,0,0,0,1,0,1,0,0,0,0,0,0,0,0,0,0,1,0,0,0,0,0,0,0,1,0,0,1,0,0,0,0,0,0
18,4,11,27,3,8800,56.44774747,9.40115181,281.705555555556,1017.55555555556,63.4444444444444,7.59259259259259,283.333333333333,0,12.5555555555556,0,0,0,0,0,1,0,1,0,1,0,0,0,0,0,0,0,0,0,0,1,0,0,0,0,0,0,0,1,0,1,0,0,0,0,0,0,0
18,4,12,21.451182538073045,3,8800,56.44774747,9.40115181,281.998484848485,1002.75757575758,85.6666666666667,7.27272727272727,273.636363636364,4.875,61.3939393939394,0,0,0,0,0,0,1,1,0,1,0,0,0,0,0,0,0,0,0,0,1,0,0,0,0,0,0,0,1,0,0,0,0,0,0,1,0,0
18,4,13,6.812854935415089,3,8800,56.44774747,9.40115181,280.88412110009,1011,86.1,8,283.8,4.835,76,0,0,0,0,1,0,0,1,0,1,0,0,0,0,0,0,0,0,0,0,1,0,0,0,0,0,0,0,1,0,0,0,0,0,0,1,0,0
18,4,14,10,3,8800,56.44774747,9.40115181,280.95,1008.4,81.8,4.3,286,0,75.4,1,0,0,0,0,0,0,1,0,1,0,0,0,0,0,0,0,0,0,0,1,0,0,0,0,0,0,0,1,0,0,1,0,0,0,0,0,0
18,4,15,8.677313835208771,3,8800,56.44774747,9.40115181,277.604545454545,1002.81818181818,91.0909090909091,1.81818181818182,263.636363636364,10.995,92,0,0,1,0,0,0,0,1,0,1,0,0,0,0,0,0,0,0,0,0,1,0,0,0,0,0,0,0,1,0,0,0,0,0,0,1,0,0
18,4,16,6.841027306357865,3,8800,56.44774747,9.40115181,279.038888888889,1013,80,2.55555555555556,185.555555555556,0.78,88.3333333333333,0,0,0,1,0,0,0,1,0,1,0,0,0,0,0,0,0,0,0,0,1,0,0,0,0,0,0,0,1,0,0,0,0,0,0,1,0,0
18,4,17,6.2996471776161345,3,8800,56.44774747,9.40115181,277.038888888889,1014.55555555556,89.8888888888889,2.77777777777778,160,2.075,81.6666666666667,0,1,0,0,0,0,0,1,0,1,0,0,0,0,0,0,0,0,0,0,1,0,0,0,0,0,0,0,1,0,0,0,0,0,0,1,0,0
18,4,18,32,3,8800,56.44774747,9.40115181,277.9,1031.65625,64.40625,4.15625,101.25,0,30.53125,0,0,0,0,0,1,0,1,0,1,0,0,0,0,0,0,0,0,0,0,1,0,0,0,0,0,0,0,1,0,0,1,0,0,0,0,0,0
18,4,19,29,3,8800,56.44774747,9.40115181,280.081034482759,1036.41379310345,64.9310344827586,2.93103448275862,271.724137931034,0.705,36.4137931034483,0,0,0,0,0,0,1,1,0,1,0,0,0,0,0,0,0,0,0,0,1,0,0,0,0,0,0,0,1,0,0,1,0,0,0,0,0,0
18,4,20,23,3,8800,56.44774747,9.40115181,280.715217391304,1029.47826086957,75,7.04347826086957,233.04347826087,0.57,87.8260869565217,0,0,0,0,1,0,0,1,0,1,0,0,0,0,0,0,0,0,0,0,1,0,0,0,0,0,0,0,1,0,0,1,0,0,0,0,0,0
18,4,21,18.598420041962527,3,8800,56.44774747,9.40115181,281.86008,1017.76,90.24,8,273.6,0.31,76.44,1,0,0,0,0,0,0,1,0,1,0,0,0,0,0,0,0,0,0,0,1,0,0,0,0,0,0,0,1,0,0,0,0,0,0,1,0,0
18,4,22,12,3,8800,56.44774747,9.40115181,281.566666666667,1014.41666666667,69.6666666666667,8.66666666666667,295.833333333333,0,7.66666666666667,0,0,1,0,0,0,0,1,0,1,0,0,0,0,0,0,0,0,0,0,1,0,0,0,0,0,0,0,1,0,1,0,0,0,0,0,0,0
18,4,23,9,3,8800,56.44774747,9.40115181,279.372222222222,1016.22222222222,59.3333333333333,7.77777777777778,297.777777777778,0.575,61.7777777777778,0,0,0,1,0,0,0,1,0,1,0,0,0,0,0,0,0,0,0,0,1,0,0,0,0,0,0,0,1,0,0,1,0,0,0,0,0,0
18,4,24,12.750151577359066,3,8800,56.44774747,9.40115181,279.983333333333,1002.16666666667,73.9444444444444,10.0555555555556,276.111111111111,4.55,36.0555555555556,0,1,0,0,0,0,0,1,0,1,0,0,0,0,0,0,0,0,0,0,1,0,0,0,0,0,0,0,1,0,0,0,0,0,0,1,0,0
18,4,25,31,3,8800,56.44774747,9.40115181,277.472580645161,1000.67741935484,82.4838709677419,5.16129032258065,281.290322580645,0,61.4516129032258,0,0,0,0,0,1,0,1,0,1,0,0,0,0,0,0,0,0,0,0,1,0,0,0,0,0,0,0,1,0,0,1,0,0,0,0,0,0
18,4,26,20,3,8800,56.44774747,9.40115181,280.05,1010.2,66.4,1.85,203.5,0.6,47.3,0,0,0,0,0,0,1,1,0,1,0,0,0,0,0,0,0,0,0,0,1,0,0,0,0,0,0,0,1,0,0,1,0,0,0,0,0,0
18,4,27,20.546413880819458,3,8800,56.44774747,9.40115181,280.261111111111,1009.14814814815,78.1851851851852,4.25925925925926,218.888888888889,2.57,78.7407407407407,0,0,0,0,1,0,0,1,0,1,0,0,0,0,0,0,0,0,0,0,1,0,0,0,0,0,0,0,1,0,0,0,0,0,0,1,0,0
18,4,28,30.39947543432936,3,8800,56.44774747,9.40115181,282.125,1007.925,67.1,4.475,241,16.315,80.575,1,0,0,0,0,0,0,1,0,1,0,0,0,0,0,0,0,0,0,0,1,0,0,0,0,0,0,0,1,0,0,0,0,0,0,1,0,0
18,5,1,27,3,8800,56.44774747,9.40115181,285.964814814815,1020.11111111111,53.8148148148148,9.85185185185185,105.555555555556,0,0,0,1,0,0,0,0,0,1,0,1,0,0,0,0,0,0,0,0,0,0,1,0,0,0,0,0,0,0,1,0,1,0,0,0,0,0,0,0
18,5,2,37,3,8800,56.44774747,9.40115181,286.312162162162,1025.97297297297,44.8918918918919,7.48648648648649,85.1351351351351,0,7.35135135135135,0,0,0,0,0,1,0,1,0,1,0,0,0,0,0,0,0,0,0,0,1,0,0,0,0,0,0,0,1,0,1,0,0,0,0,0,0,0
18,5,3,21,3,8800,56.44774747,9.40115181,287.054761904762,1029.57142857143,46.4285714285714,7.19047619047619,74.7619047619048,0,15.8095238095238,0,0,0,0,0,0,1,1,0,1,0,0,0,0,0,0,0,0,0,0,1,0,0,0,0,0,0,0,1,0,0,1,0,0,0,0,0,0
18,5,4,41,3,8800,56.44774747,9.40115181,286.174390243902,1029.21951219512,53.0975609756098,8.09756097560976,58.0487804878049,0,52.390243902439,0,0,0,0,1,0,0,1,0,1,0,0,0,0,0,0,0,0,0,0,1,0,0,0,0,0,0,0,1,0,0,1,0,0,0,0,0,0
18,5,5,33,3,8800,56.44774747,9.40115181,287.089393939394,1025.12121212121,46.2424242424242,6.45454545454545,61.8181818181818,0,42.0606060606061,1,0,0,0,0,0,0,1,0,1,0,0,0,0,0,0,0,0,0,0,1,0,0,0,0,0,0,0,1,0,0,1,0,0,0,0,0,0
18,5,7,20,3,8800,56.44774747,9.40115181,289.7,1012.95,61.95,2.4,285,0,39.8,0,0,0,1,0,0,0,1,0,1,0,0,0,0,0,0,0,0,0,0,1,0,0,0,0,0,0,0,1,0,0,1,0,0,0,0,0,0
18,5,8,35,3,8800,56.44774747,9.40115181,282.435714285714,1022.51428571429,40.8857142857143,6.31428571428571,53.1428571428571,0,2.62857142857143,0,1,0,0,0,0,0,1,0,1,0,0,0,0,0,0,0,0,0,0,1,0,0,0,0,0,0,0,1,0,0,1,0,0,0,0,0,0
18,5,9,24,3,8800,56.44774747,9.40115181,282.941666666667,1014.5,64.7083333333333,4.54166666666667,253.333333333333,2.97,77.9166666666667,0,0,0,0,0,1,0,1,0,1,0,0,0,0,0,0,0,0,0,0,1,0,0,0,0,0,0,0,1,0,0,1,0,0,0,0,0,0
18,5,10,20.1564209226286,3,8800,56.44774747,9.40115181,281.343548387097,1005.5483870967701,86.6129032258064,3.70967741935484,287.41935483871,0,90.741935483871,0,0,0,0,0,0,1,1,0,1,0,0,0,0,0,0,0,0,0,0,1,0,0,0,0,0,0,0,1,0,0,0,0,0,0,1,0,0
18,5,11,40,3,8800,56.44774747,9.40115181,285.025,1004.725,66.975,2.175,119.75,0,76.1,0,0,0,0,1,0,0,1,0,1,0,0,0,0,0,0,0,0,0,0,1,0,0,0,0,0,0,0,1,0,0,1,0,0,0,0,0,0
18,5,12,29,3,8800,56.44774747,9.40115181,285.977586206896,1006.79310344828,66.8965517241379,8.44827586206897,101.379310344828,3.2175,58.448275862069,1,0,0,0,0,0,0,1,0,1,0,0,0,0,0,0,0,0,0,0,1,0,0,0,0,0,0,0,1,0,0,1,0,0,0,0,0,0
18,5,13,17.80985035040649,3,8800,56.44774747,9.40115181,290.497826086957,1010.69565217391,67.2608695652174,3.17391304347826,136.95652173913,13.26,61.0434782608696,0,0,1,0,0,0,0,1,0,1,0,0,0,0,0,0,0,0,0,0,1,0,0,0,0,0,0,0,1,0,0,0,0,0,0,1,0,0
18,5,14,9.8491161986487,3,8800,56.44774747,9.40115181,290.221428571429,1018.21428571429,66.0714285714286,3.85714285714286,236.428571428571,0.37,14.5714285714286,0,0,0,1,0,0,0,1,0,1,0,0,0,0,0,0,0,0,0,0,1,0,0,0,0,0,0,0,1,0,0,0,0,0,0,1,0,0
18,5,15,46,3,8800,56.44774747,9.40115181,290.063043478261,1026.63043478261,57.0434782608696,3.84782608695652,255.869565217391,0,26.0434782608696,0,1,0,0,0,0,0,1,0,1,0,0,0,0,0,0,0,0,0,0,1,0,0,0,0,0,0,0,1,0,0,1,0,0,0,0,0,0
18,5,16,13.98440631198464,3,8800,56.44774747,9.40115181,287.465789473684,1023.36842105263,94.4736842105263,4.36842105263158,180,0,75.7894736842105,0,0,0,0,0,1,0,1,0,1,0,0,0,0,0,0,0,0,0,0,1,0,0,0,0,0,0,0,1,0,0,0,0,0,0,1,0,0
18,5,17,27,3,8800,56.44774747,9.40115181,291.594444444444,1020.07407407407,86.1481481481482,2.18518518518519,206.666666666667,0,70.9259259259259,0,0,0,0,0,0,1,1,0,1,0,0,0,0,0,0,0,0,0,0,1,0,0,0,0,0,0,0,1,0,0,0,0,0,1,0,0,0
18,5,18,41,3,8800,56.44774747,9.40115181,291.735365853659,1009.58536585366,76.9756097560976,4.97560975609756,238.780487804878,0,62.1219512195122,0,0,0,0,1,0,0,1,0,1,0,0,0,0,0,0,0,0,0,0,1,0,0,0,0,0,0,0,1,0,0,1,0,0,0,0,0,0
18,5,19,16.312657005991788,3,8800,56.44774747,9.40115181,293.541304347826,1010,68.6521739130435,2,150,2.99,49.0434782608696,1,0,0,0,0,0,0,1,0,1,0,0,0,0,0,0,0,0,0,0,1,0,0,0,0,0,0,0,1,0,0,0,0,0,0,1,0,0
18,5,20,14,3,8800,56.44774747,9.40115181,286.007142857143,1018.42857142857,76.5714285714286,5,250.714285714286,0,30.4285714285714,0,0,1,0,0,0,0,1,0,1,0,0,0,0,0,0,0,0,0,0,1,0,0,0,0,0,0,0,1,0,0,1,0,0,0,0,0,0
18,5,21,5,3,8800,56.44774747,9.40115181,286.95,1024.6,74.6,5,224,0,10.8,0,0,0,1,0,0,0,1,0,1,0,0,0,0,0,0,0,0,0,0,1,0,0,0,0,0,0,0,1,0,1,0,0,0,0,0,0,0
18,5,22,31,3,8800,56.44774747,9.40115181,290.038258064516,1021.70967741935,57.1290322580645,2.35483870967742,266.967741935484,0,32.6774193548387,0,1,0,0,0,0,0,1,0,1,0,0,0,0,0,0,0,0,0,0,1,0,0,0,0,0,0,0,1,0,0,0,0,0,1,0,0,0
18,5,23,41,3,8800,56.44774747,9.40115181,292.320731707317,1012.24390243902,58.8536585365854,4.70731707317073,161.219512195122,2.565,61.2682926829268,0,0,0,0,0,1,0,1,0,1,0,0,0,0,0,0,0,0,0,0,1,0,0,0,0,0,0,0,1,0,0,1,0,0,0,0,0,0
18,5,24,40,3,8800,56.44774747,9.40115181,288.775,1018.25,60.075,8.225,298.25,0,18.5,0,0,0,0,0,0,1,1,0,1,0,0,0,0,0,0,0,0,0,0,1,0,0,0,0,0,0,0,1,0,0,1,0,0,0,0,0,0
18,5,25,10,3,8800,56.44774747,9.40115181,289.55,1020.5,71.2,6.2,303,0,0,0,0,0,0,1,0,0,1,0,1,0,0,0,0,0,0,0,0,0,0,1,0,0,0,0,0,0,0,1,0,1,0,0,0,0,0,0,0
18,5,26,15,3,8800,56.44774747,9.40115181,291.35,1021.86666666667,72.4,2.86666666666667,283.333333333333,0,0,1,0,0,0,0,0,0,1,0,1,0,0,0,0,0,0,0,0,0,0,1,0,0,0,0,0,0,0,1,0,1,0,0,0,0,0,0,0
18,5,27,12,3,8800,56.44774747,9.40115181,298.233333333333,1020.33333333333,51.8333333333333,3.08333333333333,202,0,0.416666666666667,0,0,1,0,0,0,0,1,0,1,0,0,0,0,0,0,0,0,0,0,1,0,0,0,0,0,0,0,1,0,0,0,0,1,0,0,0,0
18,5,28,8,3,8800,56.44774747,9.40115181,290.525,1013.125,80.375,6.75,231.25,0,24.5,0,0,0,1,0,0,0,1,0,1,0,0,0,0,0,0,0,0,0,0,1,0,0,0,0,0,0,0,1,0,0,1,0,0,0,0,0,0
18,5,29,21,3,8800,56.44774747,9.40115181,286.721428571429,1012.71428571429,89,2.61904761904762,250.952380952381,0.42,27.3333333333333,0,1,0,0,0,0,0,1,0,1,0,0,0,0,0,0,0,0,0,0,1,0,0,0,0,0,0,0,1,0,0,0,0,0,1,0,0,0
18,5,30,27,3,8800,56.44774747,9.40115181,288.038888888889,1009,82,3.40740740740741,263.703703703704,3.93,73.2592592592593,0,0,0,0,0,1,0,1,0,1,0,0,0,0,0,0,0,0,0,0,1,0,0,0,0,0,0,0,1,0,0,1,0,0,0,0,0,0
18,5,31,46.02698760411004,3,8800,56.44774747,9.40115181,286.005072463768,1014.8550724637699,76.1594202898551,10.8115942028986,279.855072463768,0,28.0144927536232,0,0,0,0,0,0,1,1,0,1,0,0,0,0,0,0,0,0,0,0,1,0,0,0,0,0,0,0,1,0,0,0,0,0,0,1,0,0
18,6,1,55,3,8800,56.44774747,9.40115181,288.95,1019.81818181818,51.1636363636364,7.25454545454545,280.545454545455,0,10.0363636363636,0,0,0,0,1,0,0,1,0,1,0,0,0,0,0,0,0,0,0,0,1,0,0,0,0,0,0,0,1,0,1,0,0,0,0,0,0,0
18,6,2,43,3,8800,56.44774747,9.40115181,292.847674418605,1017.6976744186,48.4651162790698,1.7906976744186,218.139534883721,0,61.5813953488372,1,0,0,0,0,0,0,1,0,1,0,0,0,0,0,0,0,0,0,0,1,0,0,0,0,0,0,0,1,0,0,1,0,0,0,0,0,0
18,6,3,8,3,8800,56.44774747,9.40115181,292.275,1012,69.75,1.875,167.5,5.59,71.5,0,0,1,0,0,0,0,1,0,1,0,0,0,0,0,0,0,0,0,0,1,0,0,0,0,0,0,0,1,0,0,1,0,0,0,0,0,0
18,6,4,6,3,8800,56.44774747,9.40115181,288.483333333333,1009.83333333333,75.1666666666667,5.5,271.666666666667,0,35.6666666666667,0,0,0,1,0,0,0,1,0,1,0,0,0,0,0,0,0,0,0,0,1,0,0,0,0,0,0,0,1,0,0,1,0,0,0,0,0,0
18,6,5,7,3,8800,56.44774747,9.40115181,289.15,1009.28571428571,78.8571428571429,4.71428571428571,208.571428571429,0.175,71.8571428571429,0,1,0,0,0,0,0,1,0,1,0,0,0,0,0,0,0,0,0,0,1,0,0,0,0,0,0,0,1,0,0,1,0,0,0,0,0,0
18,6,6,31,3,8800,56.44774747,9.40115181,294.504838709677,1000.09677419355,55.258064516129,6.96774193548387,124.838709677419,0,40.8064516129032,0,0,0,0,0,1,0,1,0,1,0,0,0,0,0,0,0,0,0,0,1,0,0,0,0,0,0,0,1,0,1,0,0,0,0,0,0,0
18,6,7,53,3,8800,56.44774747,9.40115181,286.597716981132,996.566037735849,89.622641509434,5,185.603773584906,0,75.7358490566038,0,0,0,0,0,0,1,1,0,1,0,0,0,0,0,0,0,0,0,0,1,0,0,0,0,0,0,0,1,0,0,1,0,0,0,0,0,0
18,6,8,41,3,8800,56.44774747,9.40115181,288.296341463415,1010.43902439024,74.390243902439,5.26829268292683,216.829268292683,7.8225,82.4634146341463,0,0,0,0,1,0,0,1,0,1,0,0,0,0,0,0,0,0,0,0,1,0,0,0,0,0,0,0,1,0,0,0,1,0,0,0,0,0
18,6,9,37,3,8800,56.44774747,9.40115181,290.15,1008.72972972973,87.8918918918919,2.37837837837838,208.918918918919,34.19,80.5405405405405,1,0,0,0,0,0,0,1,0,1,0,0,0,0,0,0,0,0,0,0,1,0,0,0,0,0,0,0,1,0,0,0,0,0,1,0,0,0
18,6,10,17,3,8800,56.44774747,9.40115181,291.855882352941,1016.82352941176,64.1176470588235,5.35294117647059,230.588235294118,0,52,0,0,1,0,0,0,0,1,0,1,0,0,0,0,0,0,0,0,0,0,1,0,0,0,0,0,0,0,1,0,0,1,0,0,0,0,0,0
18,6,11,10,3,8800,56.44774747,9.40115181,290.65,1011.1,90.5,5,224,0,78.7,0,0,0,1,0,0,0,1,0,1,0,0,0,0,0,0,0,0,0,0,1,0,0,0,0,0,0,0,1,0,0,1,0,0,0,0,0,0
18,6,12,32,3,8800,56.44774747,9.40115181,287.5875,1004.84375,81.71875,7.71875,254.0625,1.4275,83,0,1,0,0,0,0,0,1,0,1,0,0,0,0,0,0,0,0,0,0,1,0,0,0,0,0,0,0,1,0,0,1,0,0,0,0,0,0
18,6,13,29,3,8800,56.44774747,9.40115181,287.839655172414,1012.20689655172,76,7.44827586206897,286.896551724138,0,0,0,0,0,0,0,1,0,1,0,1,0,0,0,0,0,0,0,0,0,0,1,0,0,0,0,0,0,0,1,0,1,0,0,0,0,0,0,0
18,6,14,32,3,8800,56.44774747,9.40115181,291.86875,1017.8125,70.5,5.40625,271.5625,0,26,0,0,0,0,0,0,1,1,0,1,0,0,0,0,0,0,0,0,0,0,1,0,0,0,0,0,0,0,1,0,0,1,0,0,0,0,0,0
18,6,15,28,3,8800,56.44774747,9.40115181,292.935714285714,1014.10714285714,68.9642857142857,2.32142857142857,182.142857142857,0.3,80.5,0,0,0,0,1,0,0,1,0,1,0,0,0,0,0,0,0,0,0,0,1,0,0,0,0,0,0,0,1,0,0,0,0,0,1,0,0,0
18,6,16,40,3,8800,56.44774747,9.40115181,289.925,1010.6,69.675,9.975,287,0,12.4,1,0,0,0,0,0,0,1,0,1,0,0,0,0,0,0,0,0,0,0,1,0,0,0,0,0,0,0,1,0,0,1,0,0,0,0,0,0
18,6,17,24,3,8800,56.44774747,9.40115181,291.9,1020.08333333333,63.1666666666667,6.375,297.083333333333,0,3.66666666666667,0,0,1,0,0,0,0,1,0,1,0,0,0,0,0,0,0,0,0,0,1,0,0,0,0,0,0,0,1,0,1,0,0,0,0,0,0,0
18,6,18,13,3,8800,56.44774747,9.40115181,297.534615384615,1022,63.0769230769231,5.69230769230769,261.538461538462,0,3.69230769230769,0,0,0,1,0,0,0,1,0,1,0,0,0,0,0,0,0,0,0,0,1,0,0,0,0,0,0,0,1,0,1,0,0,0,0,0,0,0
18,6,19,26,3,8800,56.44774747,9.40115181,295.688461538462,1018.96153846154,69.3846153846154,3.88461538461538,237.692307692308,0,14,0,1,0,0,0,0,0,1,0,1,0,0,0,0,0,0,0,0,0,0,1,0,0,0,0,0,0,0,1,0,0,0,0,0,1,0,0,0
18,6,20,35,3,8800,56.44774747,9.40115181,289.407142857143,1017.65714285714,60.2571428571429,8.05714285714286,301.428571428571,0,0,0,0,0,0,0,1,0,1,0,1,0,0,0,0,0,0,0,0,0,0,1,0,0,0,0,0,0,0,1,0,1,0,0,0,0,0,0,0
18,6,21,35,3,8800,56.44774747,9.40115181,288.872514285714,1017.54285714286,63.4571428571429,5.22857142857143,278.857142857143,0.5,66.8571428571429,0,0,0,0,0,0,1,1,0,1,0,0,0,0,0,0,0,0,0,0,1,0,0,0,0,0,0,0,1,0,0,1,0,0,0,0,0,0
18,6,22,24.064788055047394,3,8800,56.44774747,9.40115181,292.5875,1007,76.03125,1.8125,112.8125,47.275,78.4375,0,0,0,0,1,0,0,1,0,1,0,0,0,0,0,0,0,0,0,0,1,0,0,0,0,0,0,0,1,0,0,0,0,0,0,1,0,0
18,6,23,32,3,8800,56.44774747,9.40115181,290.24375,1007.3125,87,4.40625,228.75,17.49,77.5,1,0,0,0,0,0,0,1,0,1,0,0,0,0,0,0,0,0,0,0,1,0,0,0,0,0,0,0,1,0,0,0,0,0,1,0,0,0
18,6,24,14.651482253102586,3,8800,56.44774747,9.40115181,288.978764261315,1004.7,78,5.9,252.8,0.198,58.1,0,0,1,0,0,0,0,1,0,1,0,0,0,0,0,0,0,0,0,0,1,0,0,0,0,0,0,0,1,0,0,0,0,0,0,1,0,0
18,6,25,19,3,8800,56.44774747,9.40115181,289.044736842105,1002.42105263158,62.3684210526316,8.10526315789474,254.210526315789,0,68.8421052631579,0,0,0,1,0,0,0,1,0,1,0,0,0,0,0,0,0,0,0,0,1,0,0,0,0,0,0,0,1,0,0,1,0,0,0,0,0,0
18,6,26,25,3,8800,56.44774747,9.40115181,288.47,1007.84,63.48,8.2,276.4,0,42.72,0,1,0,0,0,0,0,1,0,1,0,0,0,0,0,0,0,0,0,0,1,0,0,0,0,0,0,0,1,0,0,1,0,0,0,0,0,0
18,6,27,24,3,8800,56.44774747,9.40115181,287.775,1011.33333333333,59.5416666666667,4.29166666666667,294.583333333333,0,35.1666666666667,0,0,0,0,0,1,0,1,0,1,0,0,0,0,0,0,0,0,0,0,1,0,0,0,0,0,0,0,1,0,0,1,0,0,0,0,0,0
18,6,28,26,3,8800,56.44774747,9.40115181,290.380769230769,1004.69230769231,63.5769230769231,5.57692307692308,94.2307692307692,3.765,85.6923076923077,0,0,0,0,0,0,1,1,0,1,0,0,0,0,0,0,0,0,0,0,1,0,0,0,0,0,0,0,1,0,0,1,0,0,0,0,0,0
18,6,29,32,3,8800,56.44774747,9.40115181,288.65,998.5625,94.3125,5.4375,65.3125,10.8375,90.625,0,0,0,0,1,0,0,1,0,1,0,0,0,0,0,0,0,0,0,0,1,0,0,0,0,0,0,0,1,0,0,1,0,0,0,0,0,0
18,6,30,46.73638618543046,3,8800,56.44774747,9.40115181,288.624791397344,998.970149253731,89.3731343283582,4.23880597014925,38.5074626865672,26.0625,73.5820895522388,1,0,0,0,0,0,0,1,0,1,0,0,0,0,0,0,0,0,0,0,1,0,0,0,0,0,0,0,1,0,0,0,0,0,0,1,0,0
18,7,1,26,3,8800,56.44774747,9.40115181,294.380769230769,1005.5,57,5.46153846153846,280.769230769231,0,20.9230769230769,0,0,1,0,0,0,0,1,0,1,0,0,0,0,0,0,0,0,0,0,1,0,0,0,0,0,0,0,1,0,0,1,0,0,0,0,0,0
18,7,2,4,3,8800,56.44774747,9.40115181,288.763716638707,1012.5,76.5,7.75,269,0,22.25,0,0,0,1,0,0,0,1,0,1,0,0,0,0,0,0,0,0,0,0,1,0,0,0,0,0,0,0,1,0,1,0,0,0,0,0,0,0
24,1,1,42.529732811823486,31,9500,56.63803754,9.79428314,277.716482142857,1019.21428571429,87.9821428571429,5.05357142857143,281.625,9.88,51.9285714285714,0,0,0,1,0,0,0,1,0,0,1,0,0,0,1,0,0,0,0,0,0,1,0,0,0,0,0,0,0,0,0,0,0,0,0,1,0,0
24,1,2,3,31,9500,56.63803754,9.79428314,274.968,1024,80,5,14,0,0,0,1,0,0,0,0,0,1,0,0,1,0,0,0,1,0,0,0,0,0,0,1,0,0,0,0,0,0,0,0,1,0,0,0,0,0,0,0
24,1,4,169,31,9500,56.63803754,9.79428314,274.02624260355,1010.33727810651,65.4437869822485,8.49112426035503,54.1656804733728,0,59.3254437869822,0,0,0,0,0,0,1,1,0,0,1,0,0,0,1,0,0,0,0,0,0,1,0,0,0,0,0,0,0,0,0,1,0,0,0,0,0,0
24,1,5,156,31,9500,56.63803754,9.79428314,268.360794871795,1040.07692307692,58.3141025641026,2.73717948717949,115.852564102564,0,31.6282051282051,0,0,0,0,1,0,0,1,0,0,1,0,0,0,1,0,0,0,0,0,0,1,0,0,0,0,0,0,0,0,0,1,0,0,0,0,0,0
24,1,6,148,31,9500,56.63803754,9.79428314,268.552709459459,1038.5472972973,65.2432432432432,6.20945945945946,196.324324324324,0,14.6486486486486,1,0,0,0,0,0,0,1,0,0,1,0,0,0,1,0,0,0,0,0,0,1,0,0,0,0,0,0,0,0,1,0,0,0,0,0,0,0
24,1,7,120,31,9500,56.63803754,9.79428314,277.348816666667,1031.2,87.0083333333333,5.275,214.475,0.875,48.4666666666667,0,0,1,0,0,0,0,1,0,0,1,0,0,0,1,0,0,0,0,0,0,1,0,0,0,0,0,0,0,0,0,1,0,0,0,0,0,0
24,1,8,81,31,9500,56.63803754,9.79428314,273.275432098765,1038.07407407407,83.641975308642,4.2962962962963,231.753086419753,0.75,52.0493827160494,0,0,0,1,0,0,0,1,0,0,1,0,0,0,1,0,0,0,0,0,0,1,0,0,0,0,0,0,0,0,0,1,0,0,0,0,0,0
24,1,9,124,31,9500,56.63803754,9.79428314,277.98764516129,1018.6935483871,96.5161290322581,5.04032258064516,209.241935483871,1.185,77.5645161290323,0,1,0,0,0,0,0,1,0,0,1,0,0,0,1,0,0,0,0,0,0,1,0,0,0,0,0,0,0,0,0,1,0,0,0,0,0,0
24,1,10,74.60847602464492,31,9500,56.63803754,9.79428314,276.040618556701,1007.21649484536,92.319587628866,7.2680412371134,178.010309278351,10.525,66.7319587628866,0,0,0,0,0,1,0,1,0,0,1,0,0,0,1,0,0,0,0,0,0,1,0,0,0,0,0,0,0,0,0,0,0,0,0,1,0,0
24,1,11,88.78116420740263,31,9500,56.63803754,9.79428314,278.217905172414,982.405172413793,89.1379310344828,11.1551724137931,236.206896551724,25.38,74.0086206896552,0,0,0,0,0,0,1,1,0,0,1,0,0,0,1,0,0,0,0,0,0,1,0,0,0,0,0,0,0,0,0,0,0,0,0,1,0,0
24,1,12,100.03897474873813,31,9500,56.63803754,9.79428314,276.902488188976,990.543307086614,87.0629921259843,10.4094488188976,260.055118110236,75.5425,63,0,0,0,0,1,0,0,1,0,0,1,0,0,0,1,0,0,0,0,0,0,1,0,0,0,0,0,0,0,0,0,0,0,0,0,1,0,0
24,1,13,123.9237201827229,31,9500,56.63803754,9.79428314,273.67493081761,992.37106918239,79.6792452830189,2.38993710691824,200.283018867925,1.135,5.9874213836478,1,0,0,0,0,0,0,1,0,0,1,0,0,0,1,0,0,0,0,0,0,1,0,0,0,0,0,0,0,0,0,0,0,0,0,1,0,0
24,1,14,137,31,9500,56.63803754,9.79428314,274.290072992701,1008.12408759124,84.0802919708029,4.35766423357664,255.503649635037,0,15.5036496350365,0,0,1,0,0,0,0,1,0,0,1,0,0,0,1,0,0,0,0,0,0,1,0,0,0,0,0,0,0,0,0,1,0,0,0,0,0,0
24,1,15,88,31,9500,56.63803754,9.79428314,272.36175,1028.73863636364,73.3636363636364,2.43181818181818,275.045454545455,0,1,0,0,0,1,0,0,0,1,0,0,1,0,0,0,1,0,0,0,0,0,0,1,0,0,0,0,0,0,0,0,0,1,0,0,0,0,0,0
24,1,16,110,31,9500,56.63803754,9.79428314,272.348009090909,1030.72727272727,66.6181818181818,2.7,297.063636363636,0,19.8909090909091,0,1,0,0,0,0,0,1,0,0,1,0,0,0,1,0,0,0,0,0,0,1,0,0,0,0,0,0,0,0,1,0,0,0,0,0,0,0
24,1,17,122,31,9500,56.63803754,9.79428314,273.873860655738,1036.24590163934,83.9426229508197,4.4016393442623,202.377049180328,64.57,73.5819672131148,0,0,0,0,0,1,0,1,0,0,1,0,0,0,1,0,0,0,0,0,0,1,0,0,0,0,0,0,0,0,0,1,0,0,0,0,0,0
24,1,18,105.54987108388451,31,9500,56.63803754,9.79428314,278.744753731343,1036.9552238806,96.2462686567164,6.85074626865672,255.932835820896,9.8175,85.6119402985075,0,0,0,0,0,0,1,1,0,0,1,0,0,0,1,0,0,0,0,0,0,1,0,0,0,0,0,0,0,0,0,0,0,0,0,1,0,0
24,1,19,150,31,9500,56.63803754,9.79428314,279.920686666667,1033.50666666667,91.68,6.84666666666667,264.88,0,31.5933333333333,0,0,0,0,1,0,0,1,0,0,1,0,0,0,1,0,0,0,0,0,0,1,0,0,0,0,0,0,0,0,0,1,0,0,0,0,0,0
24,1,20,204,31,9500,56.63803754,9.79428314,280.183480392157,1031.86764705882,85.7647058823529,7.19607843137255,276.549019607843,0,6.7843137254902,1,0,0,0,0,0,0,1,0,0,1,0,0,0,1,0,0,0,0,0,0,1,0,0,0,0,0,0,0,0,0,1,0,0,0,0,0,0
24,1,21,142,31,9500,56.63803754,9.79428314,277.747823943662,1040.24647887324,96.2535211267606,3.06338028169014,242.021126760563,0,58.0845070422535,0,0,1,0,0,0,0,1,0,0,1,0,0,0,1,0,0,0,0,0,0,1,0,0,0,0,0,0,0,0,1,0,0,0,0,0,0,0
24,1,22,55.01531514736126,31,9500,56.63803754,9.79428314,276.364925925926,1037.14814814815,94.1481481481482,3.8641975308642,224.222222222222,0.1175,71.3086419753086,0,0,0,1,0,0,0,1,0,0,1,0,0,0,1,0,0,0,0,0,0,1,0,0,0,0,0,0,0,0,0,0,0,0,0,1,0,0
24,1,23,104,31,9500,56.63803754,9.79428314,277.053009615385,1022.79807692308,88.4711538461538,4.13461538461539,248.096153846154,0,45.7403846153846,0,1,0,0,0,0,0,1,0,0,1,0,0,0,1,0,0,0,0,0,0,1,0,0,0,0,0,0,0,0,0,1,0,0,0,0,0,0
24,1,24,103,31,9500,56.63803754,9.79428314,276.844854368932,1027.8932038835,87.5436893203884,3.05825242718447,261.349514563107,0,13.0097087378641,0,0,0,0,0,1,0,1,0,0,1,0,0,0,1,0,0,0,0,0,0,1,0,0,0,0,0,0,0,0,1,0,0,0,0,0,0,0
24,1,25,125,31,9500,56.63803754,9.79428314,276.868392,1039.488,94.088,5.2,237.68,2.1675,48.704,0,0,0,0,0,0,1,1,0,0,1,0,0,0,1,0,0,0,0,0,0,1,0,0,0,0,0,0,0,0,1,0,0,0,0,0,0,0
24,1,26,95.1606672037393,31,9500,56.63803754,9.79428314,274.285673611111,1033.95833333333,78.3194444444444,3.63888888888889,211.736111111111,1.085,44.9444444444444,0,0,0,0,1,0,0,1,0,0,1,0,0,0,1,0,0,0,0,0,0,1,0,0,0,0,0,0,0,0,0,0,0,0,0,1,0,0
24,1,27,167,31,9500,56.63803754,9.79428314,273.983179640719,1025.53293413174,87.6826347305389,5.0059880239521,141.161676646707,0,47.8862275449102,1,0,0,0,0,0,0,1,0,0,1,0,0,0,1,0,0,0,0,0,0,1,0,0,0,0,0,0,0,0,1,0,0,0,0,0,0,0
24,1,28,116,31,9500,56.63803754,9.79428314,274.72320689655203,1030.37931034483,90.3793103448276,4.77586206896552,149.844827586207,0,17.7241379310345,0,0,1,0,0,0,0,1,0,0,1,0,0,0,1,0,0,0,0,0,0,1,0,0,0,0,0,0,0,0,0,1,0,0,0,0,0,0
24,1,29,93,31,9500,56.63803754,9.79428314,276.950666666667,1023.62365591398,94.989247311828,5.88172043010753,204.569892473118,10.98,77.2043010752688,0,0,0,1,0,0,0,1,0,0,1,0,0,0,1,0,0,0,0,0,0,1,0,0,0,0,0,0,0,0,0,1,0,0,0,0,0,0
24,1,30,123,31,9500,56.63803754,9.79428314,275.218780487805,1020.58536585366,91.4878048780488,2.4390243902439,136.520325203252,0,18.4390243902439,0,1,0,0,0,0,0,1,0,0,1,0,0,0,1,0,0,0,0,0,0,1,0,0,0,0,0,0,0,0,0,1,0,0,0,0,0,0
24,1,31,319,31,9500,56.63803754,9.79428314,274.723630094044,1026.20062695925,85.6771159874608,3.4576802507837,88.7147335423197,0,62.5329153605016,0,0,0,0,0,1,0,1,0,0,1,0,0,0,1,0,0,0,0,0,0,1,0,0,0,0,0,0,0,0,0,1,0,0,0,0,0,0
24,2,1,211,31,9500,56.63803754,9.79428314,274.62309478673,1024.11374407583,85.4265402843602,4.28436018957346,142.985781990521,1.575,74.1563981042654,0,0,0,0,0,0,1,1,0,0,1,0,0,0,1,0,0,0,0,0,0,1,0,0,0,0,0,0,0,0,0,1,0,0,0,0,0,0
24,2,2,205,31,9500,56.63803754,9.79428314,274.281663414634,1015.39024390244,91.0731707317073,6.33658536585366,146.721951219512,28.04,81.8439024390244,0,0,0,0,1,0,0,1,0,0,1,0,0,0,1,0,0,0,0,0,0,1,0,0,0,0,0,0,0,0,0,1,0,0,0,0,0,0
24,2,3,165.66919497057097,31,9500,56.63803754,9.79428314,275.283295774648,1010.64788732394,96.7276995305164,5.70892018779343,114.075117370892,10.7525,86.5023474178404,1,0,0,0,0,0,0,1,0,0,1,0,0,0,1,0,0,0,0,0,0,1,0,0,0,0,0,0,0,0,0,0,0,0,0,1,0,0
24,2,4,92.41810779097723,31,9500,56.63803754,9.79428314,276.222170542636,1015.70542635659,95.3023255813954,4.54263565891473,129.031007751938,107.455,91.6279069767442,0,0,1,0,0,0,0,1,0,0,1,0,0,0,1,0,0,0,0,0,0,1,0,0,0,0,0,0,0,0,0,0,0,0,0,1,0,0
24,2,5,78.82079576239921,31,9500,56.63803754,9.79428314,275.439188034188,1022.77777777778,96.3931623931624,6.58119658119658,91.4273504273504,6.76,91.7606837606838,0,0,0,1,0,0,0,1,0,0,1,0,0,0,1,0,0,0,0,0,0,1,0,0,0,0,0,0,0,0,0,0,0,0,0,1,0,0
24,2,6,160,31,9500,56.63803754,9.79428314,274.13716875,1030.49375,75.65625,6.075,73.59375,0,77.43125,0,1,0,0,0,0,0,1,0,0,1,0,0,0,1,0,0,0,0,0,0,1,0,0,0,0,0,0,0,0,0,1,0,0,0,0,0,0
24,2,7,115,31,9500,56.63803754,9.79428314,271.756773913043,1035.2,62.5565217391304,7.96521739130435,82.3304347826087,0,76.7739130434783,0,0,0,0,0,1,0,1,0,0,1,0,0,0,1,0,0,0,0,0,0,1,0,0,0,0,0,0,0,0,0,1,0,0,0,0,0,0
24,2,8,156,31,9500,56.63803754,9.79428314,271.839185897436,1042.88461538462,53.3076923076923,7.28205128205128,77.9615384615385,0,62.1602564102564,0,0,0,0,0,0,1,1,0,0,1,0,0,0,1,0,0,0,0,0,0,1,0,0,0,0,0,0,0,0,0,1,0,0,0,0,0,0
24,2,9,149,31,9500,56.63803754,9.79428314,271.206322147651,1041.95973154362,77.0469798657718,4.58389261744966,78.2684563758389,0,79.758389261745,0,0,0,0,1,0,0,1,0,0,1,0,0,0,1,0,0,0,0,0,0,1,0,0,0,0,0,0,0,0,0,1,0,0,0,0,0,0
24,2,10,161,31,9500,56.63803754,9.79428314,273.052403726708,1039.55900621118,80.111801242236,6.64596273291925,79.7701863354037,0,76.5527950310559,1,0,0,0,0,0,0,1,0,0,1,0,0,0,1,0,0,0,0,0,0,1,0,0,0,0,0,0,0,0,0,1,0,0,0,0,0,0
24,2,11,114,31,9500,56.63803754,9.79428314,272.913614035088,1050.21052631579,81.6140350877193,7.21052631578947,87.4122807017544,0,28.4912280701754,0,0,1,0,0,0,0,1,0,0,1,0,0,0,1,0,0,0,0,0,0,1,0,0,0,0,0,0,0,0,0,1,0,0,0,0,0,0
24,2,12,84,31,9500,56.63803754,9.79428314,273.280916666667,1053.71428571429,77.1666666666667,5.22619047619048,96.9285714285714,0,58.9047619047619,0,0,0,1,0,0,0,1,0,0,1,0,0,0,1,0,0,0,0,0,0,1,0,0,0,0,0,0,0,0,0,1,0,0,0,0,0,0
24,2,13,127,31,9500,56.63803754,9.79428314,270.278324584427,1043.1968503937,71.1181102362205,1.19685039370079,157.44094488189,0,0,0,1,0,0,0,0,0,1,0,0,1,0,0,0,1,0,0,0,0,0,0,1,0,0,0,0,0,0,0,0,1,0,0,0,0,0,0,0
24,2,14,122,31,9500,56.63803754,9.79428314,272.569726058097,1048.5,78.5,1.39344262295082,152.450819672131,0,0,0,0,0,0,0,1,0,1,0,0,1,0,0,0,1,0,0,0,0,0,0,1,0,0,0,0,0,0,0,0,1,0,0,0,0,0,0,0
24,2,15,110,31,9500,56.63803754,9.79428314,272.242145454545,1043.62727272727,76.5363636363636,1.42727272727273,189.427272727273,0,9.41818181818182,0,0,0,0,0,0,1,1,0,0,1,0,0,0,1,0,0,0,0,0,0,1,0,0,0,0,0,0,0,0,1,0,0,0,0,0,0,0
24,2,16,131,31,9500,56.63803754,9.79428314,277.834381679389,1029.60305343511,95.206106870229,6.99236641221374,238.671755725191,37.75,76.3969465648855,0,0,0,0,1,0,0,1,0,0,1,0,0,0,1,0,0,0,0,0,0,1,0,0,0,0,0,0,0,0,0,1,0,0,0,0,0,0
24,2,17,121.4722740246216,31,9500,56.63803754,9.79428314,276.831672727273,1028.86666666667,95.9151515151515,1.89090909090909,274.50303030303,4.685,84.4606060606061,1,0,0,0,0,0,0,1,0,0,1,0,0,0,1,0,0,0,0,0,0,1,0,0,0,0,0,0,0,0,0,0,0,0,0,1,0,0
24,2,18,101,31,9500,56.63803754,9.79428314,277.629247524752,1029.85148514851,97.0792079207921,6.43564356435644,253.920792079208,4.05,71.4059405940594,0,0,1,0,0,0,0,1,0,0,1,0,0,0,1,0,0,0,0,0,0,1,0,0,0,0,0,0,0,0,0,1,0,0,0,0,0,0
24,2,19,67.35447987965308,31,9500,56.63803754,9.79428314,279.372619565217,1019.51086956522,99.0978260869565,6.45652173913043,262.097826086957,8.2975,88.3478260869565,0,0,0,1,0,0,0,1,0,0,1,0,0,0,1,0,0,0,0,0,0,1,0,0,0,0,0,0,0,0,0,0,0,0,0,1,0,0
24,2,20,83.0942256417824,31,9500,56.63803754,9.79428314,280.269471698113,1006.83962264151,98.2452830188679,9.19811320754717,268.283018867925,81.18,86.6037735849057,0,1,0,0,0,0,0,1,0,0,1,0,0,0,1,0,0,0,0,0,0,1,0,0,0,0,0,0,0,0,0,0,0,0,0,1,0,0
24,2,21,109,31,9500,56.63803754,9.79428314,278.852513198735,1008.75229357798,81.6605504587156,10.1100917431193,283.853211009174,1.215,9.13761467889908,0,0,0,0,0,1,0,1,0,0,1,0,0,0,1,0,0,0,0,0,0,1,0,0,0,0,0,0,0,0,0,1,0,0,0,0,0,0
24,2,22,83.79235730492509,31,9500,56.63803754,9.79428314,279.135790322581,985.75,68.7822580645161,13.25,257.637096774194,23.43,59.241935483871,0,0,0,0,0,0,1,1,0,0,1,0,0,0,1,0,0,0,0,0,0,1,0,0,0,0,0,0,0,0,0,0,0,0,0,1,0,0
24,2,23,151,31,9500,56.63803754,9.79428314,277.003940397351,990.298013245033,57.5496688741722,4.33112582781457,164.019867549669,0,34.1986754966887,0,0,0,0,1,0,0,1,0,0,1,0,0,0,1,0,0,0,0,0,0,1,0,0,0,0,0,0,0,0,1,0,0,0,0,0,0,0
24,2,24,181,31,9500,56.63803754,9.79428314,275.891546961326,1006.32596685083,43.9226519337017,3.55801104972376,299.281767955801,0,0,1,0,0,0,0,0,0,1,0,0,1,0,0,0,1,0,0,0,0,0,0,1,0,0,0,0,0,0,0,0,1,0,0,0,0,0,0,0
24,2,25,119,31,9500,56.63803754,9.79428314,275.911991596639,1019.6974789916,90.6974789915966,5.31932773109244,200.966386554622,62.12,55.6974789915966,0,0,1,0,0,0,0,1,0,0,1,0,0,0,1,0,0,0,0,0,0,1,0,0,0,0,0,0,0,0,1,0,0,0,0,0,0,0
24,2,26,82,31,9500,56.63803754,9.79428314,279.038195121951,1009.85365853659,97.7073170731707,3.32926829268293,235.146341463415,1.65,44.2926829268293,0,0,0,1,0,0,0,1,0,0,1,0,0,0,1,0,0,0,0,0,0,1,0,0,0,0,0,0,0,0,0,1,0,0,0,0,0,0
24,2,27,91.1836189687252,31,9500,56.63803754,9.79428314,280.431900763359,997.267175572519,85.6793893129771,5.0763358778626,200.282442748092,88.595,80.4503816793893,0,1,0,0,0,0,0,1,0,0,1,0,0,0,1,0,0,0,0,0,0,1,0,0,0,0,0,0,0,0,0,0,0,0,0,1,0,0
24,2,28,188.4334143342916,31,9500,56.63803754,9.79428314,278.105032374101,985.021582733813,65.5143884892086,8.81654676258993,195.478417266187,14.91,66.5035971223022,0,0,0,0,0,1,0,1,0,0,1,0,0,0,1,0,0,0,0,0,0,1,0,0,0,0,0,0,0,0,0,0,0,0,0,1,0,0
24,3,1,160.36949202897958,31,9500,56.63803754,9.79428314,277.647475409836,989.614754098361,82.9303278688525,11.6147540983607,252.385245901639,7.715,61.0450819672131,0,0,0,0,0,0,1,1,0,0,1,0,0,0,1,0,0,0,0,0,0,1,0,0,0,0,0,0,0,0,0,0,0,0,0,1,0,0
24,3,2,189,31,9500,56.63803754,9.79428314,276.763677248677,997.407407407407,85.3386243386243,3.91534391534392,233.153439153439,0,59.7671957671958,0,0,0,0,1,0,0,1,0,0,1,0,0,0,1,0,0,0,0,0,0,1,0,0,0,0,0,0,0,0,0,1,0,0,0,0,0,0
24,3,3,209,31,9500,56.63803754,9.79428314,279.169282296651,1003.22488038278,65.2200956937799,7.31578947368421,247.55023923445,9.0925,62.7894736842105,1,0,0,0,0,0,0,1,0,0,1,0,0,0,1,0,0,0,0,0,0,1,0,0,0,0,0,0,0,0,0,1,0,0,0,0,0,0
24,3,4,157,31,9500,56.63803754,9.79428314,277.009210191083,1010.53503184713,98.7261146496815,7.08917197452229,105.31847133758,169.92,91.4140127388535,0,0,1,0,0,0,0,1,0,0,1,0,0,0,1,0,0,0,0,0,0,1,0,0,0,0,0,0,0,0,0,1,0,0,0,0,0,0
24,3,5,60.518478858133314,31,9500,56.63803754,9.79428314,276.193597701149,1009.36781609195,96.1954022988506,11.2183908045977,88.1494252873563,221.695,91.5862068965517,0,0,0,1,0,0,0,1,0,0,1,0,0,0,1,0,0,0,0,0,0,1,0,0,0,0,0,0,0,0,0,0,0,0,0,1,0,0
24,3,6,86.80008907922311,31,9500,56.63803754,9.79428314,272.457969924812,1014.03007518797,80.3157894736842,7.65413533834586,70.3082706766917,0.5,79.1278195488722,0,1,0,0,0,0,0,1,0,0,1,0,0,0,1,0,0,0,0,0,0,1,0,0,0,0,0,0,0,0,0,0,0,0,0,1,0,0
24,3,7,120,31,9500,56.63803754,9.79428314,271.032966666667,1019.35833333333,55.5083333333333,4.25833333333333,41.5916666666667,0,58.7,0,0,0,0,0,1,0,1,0,0,1,0,0,0,1,0,0,0,0,0,0,1,0,0,0,0,0,0,0,0,0,1,0,0,0,0,0,0
24,3,8,132,31,9500,56.63803754,9.79428314,273.160136363636,1015.43939393939,76.1060606060606,5.09848484848485,172.015151515152,12.945,65.5833333333333,0,0,0,0,0,0,1,1,0,0,1,0,0,0,1,0,0,0,0,0,0,1,0,0,0,0,0,0,0,0,1,0,0,0,0,0,0,0
24,3,9,171,31,9500,56.63803754,9.79428314,278.790912280702,1011.14619883041,82.3742690058479,4.71929824561404,222.029239766082,5.68,68.1637426900585,0,0,0,0,1,0,0,1,0,0,1,0,0,0,1,0,0,0,0,0,0,1,0,0,0,0,0,0,0,0,1,0,0,0,0,0,0,0
24,3,10,211,31,9500,56.63803754,9.79428314,279.191218009479,1023.44549763033,50.6255924170616,2.99526066350711,316.331753554502,0,5.09952606635071,1,0,0,0,0,0,0,1,0,0,1,0,0,0,1,0,0,0,0,0,0,1,0,0,0,0,0,0,0,0,1,0,0,0,0,0,0,0
24,3,11,126,31,9500,56.63803754,9.79428314,276.995785714286,1037.54761904762,97.7619047619048,3.41269841269841,123.920634920635,0,13.7460317460317,0,0,1,0,0,0,0,1,0,0,1,0,0,0,1,0,0,0,0,0,0,1,0,0,0,0,0,0,0,0,0,1,0,0,0,0,0,0
24,3,12,87,31,9500,56.63803754,9.79428314,276.081379310345,1036.49425287356,92.183908045977,5.14942528735632,151.229885057471,0,82.2528735632184,0,0,0,1,0,0,0,1,0,0,1,0,0,0,1,0,0,0,0,0,0,1,0,0,0,0,0,0,0,0,0,1,0,0,0,0,0,0
24,3,13,119,31,9500,56.63803754,9.79428314,277.681991596639,1024.93277310924,67.3193277310924,3.68067226890756,202.823529411765,3.565,42.3445378151261,0,1,0,0,0,0,0,1,0,0,1,0,0,0,1,0,0,0,0,0,0,1,0,0,0,0,0,0,0,0,0,1,0,0,0,0,0,0
24,3,14,147,31,9500,56.63803754,9.79428314,280.511258503401,1019.2380952381,81.0952380952381,8.02040816326531,231.394557823129,0,57.578231292517,0,0,0,0,0,1,0,1,0,0,1,0,0,0,1,0,0,0,0,0,0,1,0,0,0,0,0,0,0,0,0,1,0,0,0,0,0,0
24,3,15,132,31,9500,56.63803754,9.79428314,280.143151515152,1021.36363636364,58.1363636363636,10.6363636363636,268.590909090909,0,21.3636363636364,0,0,0,0,0,0,1,1,0,0,1,0,0,0,1,0,0,0,0,0,0,1,0,0,0,0,0,0,0,0,1,0,0,0,0,0,0,0
24,3,16,151,31,9500,56.63803754,9.79428314,282.172410596027,1016.37086092715,69.7880794701987,6.67549668874172,239.701986754967,0.885,65.8675496688742,0,0,0,0,1,0,0,1,0,0,1,0,0,0,1,0,0,0,0,0,0,1,0,0,0,0,0,0,0,0,0,1,0,0,0,0,0,0
24,3,17,146,31,9500,56.63803754,9.79428314,278.481698630137,1001.60273972603,74.1917808219178,10.3013698630137,258.13698630137,0,41.6986301369863,1,0,0,0,0,0,0,1,0,0,1,0,0,0,1,0,0,0,0,0,0,1,0,0,0,0,0,0,0,0,1,0,0,0,0,0,0,0
24,3,18,118,31,9500,56.63803754,9.79428314,277.501008474576,1006.50847457627,85.8898305084746,5.72881355932203,305.415254237288,0,8.84745762711864,0,0,1,0,0,0,0,1,0,0,1,0,0,0,1,0,0,0,0,0,0,1,0,0,0,0,0,0,0,0,1,0,0,0,0,0,0,0
24,3,19,74,31,9500,56.63803754,9.79428314,275.708648648649,1011.67567567568,93.3378378378378,6.18918918918919,173.72972972973,34.0225,78.9189189189189,0,0,0,1,0,0,0,1,0,0,1,0,0,0,1,0,0,0,0,0,0,1,0,0,0,0,0,0,0,0,1,0,0,0,0,0,0,0
24,3,20,141,31,9500,56.63803754,9.79428314,280.119503546099,999.475177304965,92.886524822695,4.02836879432624,182.702127659574,28.3875,61.4042553191489,0,1,0,0,0,0,0,1,0,0,1,0,0,0,1,0,0,0,0,0,0,1,0,0,0,0,0,0,0,0,1,0,0,0,0,0,0,0
24,3,21,116,31,9500,56.63803754,9.79428314,278.074370689655,998.379310344828,86.948275862069,9.4051724137931,243.698275862069,10.67,60.0258620689655,0,0,0,0,0,1,0,1,0,0,1,0,0,0,1,0,0,0,0,0,0,1,0,0,0,0,0,0,0,0,1,0,0,0,0,0,0,0
24,3,22,125,31,9500,56.63803754,9.79428314,278.769144,1015.096,78.168,9.104,261.816,2.565,54.064,0,0,0,0,0,0,1,1,0,0,1,0,0,0,1,0,0,0,0,0,0,1,0,0,0,0,0,0,0,0,0,1,0,0,0,0,0,0
24,3,23,146,31,9500,56.63803754,9.79428314,277.720321917808,1028.04109589041,60.1917808219178,1.48630136986301,318.068493150685,0,1.91780821917808,0,0,0,0,1,0,0,1,0,0,1,0,0,0,1,0,0,0,0,0,0,1,0,0,0,0,0,0,0,0,1,0,0,0,0,0,0,0
24,3,24,169,31,9500,56.63803754,9.79428314,279.082656804734,1033.70414201183,63.0355029585799,5.22485207100592,268.934911242604,0,14.1301775147929,1,0,0,0,0,0,0,1,0,0,1,0,0,0,1,0,0,0,0,0,0,1,0,0,0,0,0,0,0,0,0,1,0,0,0,0,0,0
24,3,25,117,31,9500,56.63803754,9.79428314,281.266700854701,1037.79487179487,78.1367521367521,6.05128205128205,305.683760683761,0,4.13675213675214,0,0,1,0,0,0,0,1,0,0,1,0,0,0,1,0,0,0,0,0,0,1,0,0,0,0,0,0,0,0,0,1,0,0,0,0,0,0
24,3,26,91,31,9500,56.63803754,9.79428314,281.894428571429,1036.25274725275,90.7252747252747,4.3956043956044,225.934065934066,0,4.87912087912088,0,0,0,1,0,0,0,1,0,0,1,0,0,0,1,0,0,0,0,0,0,1,0,0,0,0,0,0,0,0,1,0,0,0,0,0,0,0
24,3,27,114,31,9500,56.63803754,9.79428314,280.610833333333,1023.80701754386,83.5877192982456,6.57017543859649,249.359649122807,0,62.8421052631579,0,1,0,0,0,0,0,1,0,0,1,0,0,0,1,0,0,0,0,0,0,1,0,0,0,0,0,0,0,0,0,1,0,0,0,0,0,0
24,3,28,101,31,9500,56.63803754,9.79428314,278.914326732673,1021.40594059406,85.029702970297,2.8019801980198,212.306930693069,0,70.9207920792079,0,0,0,0,0,1,0,1,0,0,1,0,0,0,1,0,0,0,0,0,0,1,0,0,0,0,0,0,0,0,0,1,0,0,0,0,0,0
24,3,29,68.65467729823432,31,9500,56.63803754,9.79428314,278.979223300971,1020.92233009709,78.8252427184466,3.60194174757282,295.436893203883,0.72,56.1553398058252,0,0,0,0,0,0,1,1,0,0,1,0,0,0,1,0,0,0,0,0,0,1,0,0,0,0,0,0,0,0,0,0,0,0,0,1,0,0
24,3,30,151,31,9500,56.63803754,9.79428314,280.595920529801,1019.97350993377,94.7549668874172,5.80132450331126,198.953642384106,38.27,80.9867549668874,0,0,0,0,1,0,0,1,0,0,1,0,0,0,1,0,0,0,0,0,0,1,0,0,0,0,0,0,0,0,0,1,0,0,0,0,0,0
24,3,31,211.87730437070132,31,9500,56.63803754,9.79428314,284.830392361111,1013.16666666667,87.2604166666667,2.91319444444444,182.739583333333,8.51,68.1215277777778,1,0,0,0,0,0,0,1,0,0,1,0,0,0,1,0,0,0,0,0,0,1,0,0,0,0,0,0,0,0,0,0,0,0,0,1,0,0
24,4,2,125,31,9500,56.63803754,9.79428314,282.761432,1027.256,86.784,5,269.232,0,12.32,0,0,0,1,0,0,0,1,0,0,1,0,0,0,1,0,0,0,0,0,0,1,0,0,0,0,0,0,0,0,0,1,0,0,0,0,0,0
24,4,3,258,31,9500,56.63803754,9.79428314,281.62802713178303,1027.96511627907,78.0852713178295,4.21705426356589,244.790697674419,0,38.3527131782946,0,1,0,0,0,0,0,1,0,0,1,0,0,0,1,0,0,0,0,0,0,1,0,0,0,0,0,0,0,0,1,0,0,0,0,0,0,0
24,4,4,145,31,9500,56.63803754,9.79428314,282.57635862069,1026.31724137931,70.3862068965517,5.3448275862069,225.868965517241,1.17,27.4068965517241,0,0,0,0,0,1,0,1,0,0,1,0,0,0,1,0,0,0,0,0,0,1,0,0,0,0,0,0,0,0,1,0,0,0,0,0,0,0
24,4,5,159,31,9500,56.63803754,9.79428314,280.967635220126,1015.48427672956,65.0251572327044,11.3396226415094,276.377358490566,0,26.5660377358491,0,0,0,0,0,0,1,1,0,0,1,0,0,0,1,0,0,0,0,0,0,1,0,0,0,0,0,0,0,0,0,1,0,0,0,0,0,0
24,4,6,148,31,9500,56.63803754,9.79428314,281.208141891892,1021.97297297297,74.3581081081081,8.04054054054054,280.641891891892,6.92,40.6013513513514,0,0,0,0,1,0,0,1,0,0,1,0,0,0,1,0,0,0,0,0,0,1,0,0,0,0,0,0,0,0,1,0,0,0,0,0,0,0
24,4,7,208,31,9500,56.63803754,9.79428314,285.0611875,1017.63942307692,63.3605769230769,6.32692307692308,296.293269230769,0,0,1,0,0,0,0,0,0,1,0,0,1,0,0,0,1,0,0,0,0,0,0,1,0,0,0,0,0,0,0,0,1,0,0,0,0,0,0,0
24,4,8,165,31,9500,56.63803754,9.79428314,282.663618181818,1029.99393939394,80.0363636363636,8.67272727272727,273.921212121212,0,2.4969696969697,0,0,1,0,0,0,0,1,0,0,1,0,0,0,1,0,0,0,0,0,0,1,0,0,0,0,0,0,0,0,1,0,0,0,0,0,0,0
24,4,9,104,31,9500,56.63803754,9.79428314,284.394567307692,1029.13461538462,76.9615384615385,6.28846153846154,243.971153846154,0,0.423076923076923,0,0,0,1,0,0,0,1,0,0,1,0,0,0,1,0,0,0,0,0,0,1,0,0,0,0,0,0,0,0,1,0,0,0,0,0,0,0
24,4,10,98.70982906303834,31,9500,56.63803754,9.79428314,281.084765517241,1010.10344827586,63.0137931034483,11.2206896551724,279.041379310345,0.12,21.8620689655172,0,1,0,0,0,0,0,1,0,0,1,0,0,0,1,0,0,0,0,0,0,1,0,0,0,0,0,0,0,0,0,0,0,0,0,1,0,0
24,4,11,181,31,9500,56.63803754,9.79428314,280.71108839779,1017.01657458564,53.6243093922652,6.41436464088398,275.790055248619,26.155,25.8342541436464,0,0,0,0,0,1,0,1,0,0,1,0,0,0,1,0,0,0,0,0,0,1,0,0,0,0,0,0,0,0,1,0,0,0,0,0,0,0
24,4,12,164.43273834418505,31,9500,56.63803754,9.79428314,281.532714285714,1002.54285714286,87.7952380952381,9.52380952380952,278,0.76,51.9952380952381,0,0,0,0,0,0,1,1,0,0,1,0,0,0,1,0,0,0,0,0,0,1,0,0,0,0,0,0,0,0,0,0,0,0,0,1,0,0
24,4,13,128,31,9500,56.63803754,9.79428314,280.976697102275,1013.90625,79.640625,7.2734375,287.5859375,8.05,52.9453125,0,0,0,0,1,0,0,1,0,0,1,0,0,0,1,0,0,0,0,0,0,1,0,0,0,0,0,0,0,0,0,1,0,0,0,0,0,0
24,4,14,110,31,9500,56.63803754,9.79428314,280.758545454545,1018.74545454545,74.9636363636364,4.98181818181818,263.836363636364,0,20.6909090909091,1,0,0,0,0,0,0,1,0,0,1,0,0,0,1,0,0,0,0,0,0,1,0,0,0,0,0,0,0,0,1,0,0,0,0,0,0,0
24,4,15,129,31,9500,56.63803754,9.79428314,276.79284496124,1016.56589147287,98.7209302325581,4.7984496124031,89.046511627907,163.275,90.6356589147287,0,0,1,0,0,0,0,1,0,0,1,0,0,0,1,0,0,0,0,0,0,1,0,0,0,0,0,0,0,0,0,1,0,0,0,0,0,0
24,4,16,46.92529540369288,31,9500,56.63803754,9.79428314,277.599885714286,1023.87142857143,98.7857142857143,2.72857142857143,187,66.1825,91.4857142857143,0,0,0,1,0,0,0,1,0,0,1,0,0,0,1,0,0,0,0,0,0,1,0,0,0,0,0,0,0,0,0,0,0,0,0,1,0,0
24,4,17,93.15119550776436,31,9500,56.63803754,9.79428314,277.81925210084,1027.89075630252,95.9495798319328,6.33613445378151,135.689075630252,136.905,86.2857142857143,0,1,0,0,0,0,0,1,0,0,1,0,0,0,1,0,0,0,0,0,0,1,0,0,0,0,0,0,0,0,0,0,0,0,0,1,0,0
24,4,18,115.58366011834005,31,9500,56.63803754,9.79428314,277.19963030303,1038.38787878788,80.6969696969697,3.18787878787879,64.569696969697,1.3475,22.8121212121212,0,0,0,0,0,1,0,1,0,0,1,0,0,0,1,0,0,0,0,0,0,1,0,0,0,0,0,0,0,0,0,0,0,0,0,1,0,0
24,4,19,134,31,9500,56.63803754,9.79428314,280.044731343284,1039.94776119403,55.8731343283582,4.21641791044776,251.776119402985,1.76,4.74626865671642,0,0,0,0,0,0,1,1,0,0,1,0,0,0,1,0,0,0,0,0,0,1,0,0,0,0,0,0,0,0,0,1,0,0,0,0,0,0
24,4,20,170,31,9500,56.63803754,9.79428314,281.529817647059,1028.54705882353,72.2352941176471,9.29411764705882,243.652941176471,2.25,75.8764705882353,0,0,0,0,1,0,0,1,0,0,1,0,0,0,1,0,0,0,0,0,0,1,0,0,0,0,0,0,0,0,0,1,0,0,0,0,0,0
24,4,21,203,31,9500,56.63803754,9.79428314,281.49218226601,1015.68472906404,72.128078817734007,10.7389162561576,278.15763546798,0,35.0886699507389,1,0,0,0,0,0,0,1,0,0,1,0,0,0,1,0,0,0,0,0,0,1,0,0,0,0,0,0,0,0,0,1,0,0,0,0,0,0
24,4,22,123,31,9500,56.63803754,9.79428314,282.152991869919,1024.29268292683,67.2520325203252,7.01626016260163,319.951219512195,0,2.14634146341463,0,0,1,0,0,0,0,1,0,0,1,0,0,0,1,0,0,0,0,0,0,1,0,0,0,0,0,0,0,0,1,0,0,0,0,0,0,0
24,4,23,95,31,9500,56.63803754,9.79428314,279.717810526316,1025.81052631579,69.4947368421053,7.74736842105263,300.526315789474,0,20.9263157894737,0,0,0,1,0,0,0,1,0,0,1,0,0,0,1,0,0,0,0,0,0,1,0,0,0,0,0,0,0,0,0,1,0,0,0,0,0,0
24,4,24,84.15792933553458,31,9500,56.63803754,9.79428314,279.4912109375,1001.90625,70.96875,10.734375,267.578125,7.41,29.6796875,0,1,0,0,0,0,0,1,0,0,1,0,0,0,1,0,0,0,0,0,0,1,0,0,0,0,0,0,0,0,0,0,0,0,0,1,0,0
24,4,25,140,31,9500,56.63803754,9.79428314,277.965021428571,1004.27857142857,75.1857142857143,4.86428571428571,238.264285714286,0.27,55.3928571428571,0,0,0,0,0,1,0,1,0,0,1,0,0,0,1,0,0,0,0,0,0,1,0,0,0,0,0,0,0,0,0,1,0,0,0,0,0,0
24,4,26,139,31,9500,56.63803754,9.79428314,280.451611510791,1015.08633093525,67.705035971223,3.20143884892086,320.942446043165,0,11.7410071942446,0,0,0,0,0,0,1,1,0,0,1,0,0,0,1,0,0,0,0,0,0,1,0,0,0,0,0,0,0,0,1,0,0,0,0,0,0,0
24,4,27,152,31,9500,56.63803754,9.79428314,281.318723684211,1014.23684210526,72.4539473684211,4.01315789473684,228.473684210526,20.8725,57.9473684210526,0,0,0,0,1,0,0,1,0,0,1,0,0,0,1,0,0,0,0,0,0,1,0,0,0,0,0,0,0,0,0,1,0,0,0,0,0,0
24,4,28,240.53120725355112,31,9500,56.63803754,9.79428314,280.75906741573,1013.27808988764,85.6348314606742,4.40730337078652,157.14606741573,110.0325,69.9157303370787,1,0,0,0,0,0,0,1,0,0,1,0,0,0,1,0,0,0,0,0,0,1,0,0,0,0,0,0,0,0,0,0,0,0,0,1,0,0
24,4,29,129.45964391739108,31,9500,56.63803754,9.79428314,279.609575418994,1030.27932960894,94.463687150838,4.85474860335195,56.6424581005587,17.785,15.5083798882682,0,0,1,0,0,0,0,1,0,0,1,0,0,0,1,0,0,0,0,0,0,1,0,0,0,0,0,0,0,0,0,0,0,0,0,1,0,0
24,4,30,189,31,9500,56.63803754,9.79428314,281.513423280423,1034.53968253968,82.2222222222222,5.22222222222222,153.962962962963,0,0,0,0,0,1,0,0,0,1,0,0,1,0,0,0,1,0,0,0,0,0,0,1,0,0,0,0,0,0,0,0,1,0,0,0,0,0,0,0
24,5,1,204,31,9500,56.63803754,9.79428314,284.366279411765,1027.08333333333,56.7598039215686,6.35294117647059,109.509803921569,0,0.431372549019608,0,1,0,0,0,0,0,1,0,0,1,0,0,0,1,0,0,0,0,0,0,1,0,0,0,0,0,0,0,0,1,0,0,0,0,0,0,0
24,5,2,162,31,9500,56.63803754,9.79428314,285.521604938272,1032.45679012346,64.8888888888889,4.27777777777778,65.1111111111111,0,0.864197530864197,0,0,0,0,0,1,0,1,0,0,1,0,0,0,1,0,0,0,0,0,0,1,0,0,0,0,0,0,0,0,1,0,0,0,0,0,0,0
24,5,3,180,31,9500,56.63803754,9.79428314,286.965516666667,1035.88888888889,49.5777777777778,3.51666666666667,85.2666666666667,0,16.3111111111111,0,0,0,0,0,0,1,1,0,0,1,0,0,0,1,0,0,0,0,0,0,1,0,0,0,0,0,0,0,0,0,1,0,0,0,0,0,0
24,5,4,182,31,9500,56.63803754,9.79428314,284.47678021978,1036.24725274725,52,8.94505494505495,47.3736263736264,0,12.2857142857143,0,0,0,0,1,0,0,1,0,0,1,0,0,0,1,0,0,0,0,0,0,1,0,0,0,0,0,0,0,0,1,0,0,0,0,0,0,0
24,5,5,213,31,9500,56.63803754,9.79428314,285.739328638498,1031.20657276995,52.4272300469484,4.61032863849765,122.215962441315,0,6.44131455399061,1,0,0,0,0,0,0,1,0,0,1,0,0,0,1,0,0,0,0,0,0,1,0,0,0,0,0,0,0,0,1,0,0,0,0,0,0,0
24,5,6,216,31,9500,56.63803754,9.79428314,287.764685185185,1027.84259259259,67.7592592592593,0.930555555555556,130.212962962963,0,0,0,0,1,0,0,0,0,1,0,0,1,0,0,0,1,0,0,0,0,0,0,1,0,0,0,0,0,0,0,0,1,0,0,0,0,0,0,0
24,5,7,50,31,9500,56.63803754,9.79428314,285.38038,1024.04,74.52,0.88,170.02,0,63.12,0,0,0,1,0,0,0,1,0,0,1,0,0,0,1,0,0,0,0,0,0,1,0,0,0,0,0,0,0,0,1,0,0,0,0,0,0,0
24,5,8,167,31,9500,56.63803754,9.79428314,280.833443113772,1026.89221556886,46.0658682634731,7.16167664670659,39.4431137724551,0,25.940119760479,0,1,0,0,0,0,0,1,0,0,1,0,0,0,1,0,0,0,0,0,0,1,0,0,0,0,0,0,0,0,0,1,0,0,0,0,0,0
24,5,9,112.24307603517082,31,9500,56.63803754,9.79428314,282.548102040816,1018.12925170068,64.421768707483,3.13605442176871,218.809523809524,66.405,80.7551020408163,0,0,0,0,0,1,0,1,0,0,1,0,0,0,1,0,0,0,0,0,0,1,0,0,0,0,0,0,0,0,0,0,0,0,0,1,0,0
24,5,10,165,31,9500,56.63803754,9.79428314,280.684787878788,1008.9696969697,82.5030303030303,4.23636363636364,166.272727272727,39.795,80.6666666666667,0,0,0,0,0,0,1,1,0,0,1,0,0,0,1,0,0,0,0,0,0,1,0,0,0,0,0,0,0,0,0,1,0,0,0,0,0,0
24,5,11,154.51629905344456,31,9500,56.63803754,9.79428314,282.691860869565,1010.91739130435,83.7913043478261,2.43478260869565,146.504347826087,4.76,65.4913043478261,0,0,0,0,1,0,0,1,0,0,1,0,0,0,1,0,0,0,0,0,0,1,0,0,0,0,0,0,0,0,0,0,0,0,0,1,0,0
24,5,12,145,31,9500,56.63803754,9.79428314,284.048468965517,1021.43448275862,77.6551724137931,7.64137931034483,115.641379310345,0.34,26.0965517241379,1,0,0,0,0,0,0,1,0,0,1,0,0,0,1,0,0,0,0,0,0,1,0,0,0,0,0,0,0,0,0,1,0,0,0,0,0,0
24,5,13,145.9581746903481,31,9500,56.63803754,9.79428314,284.064202970297,1024.41584158416,91.8118811881188,6.05940594059406,114.262376237624,564.27,68.2178217821782,0,0,1,0,0,0,0,1,0,0,1,0,0,0,1,0,0,0,0,0,0,1,0,0,0,0,0,0,0,0,0,0,0,0,0,1,0,0
24,5,14,80.98545349739726,31,9500,56.63803754,9.79428314,285.886203539823,1028.97345132743,98.1592920353982,3.53097345132743,219.83185840708,128.51,40.4601769911504,0,0,0,1,0,0,0,1,0,0,1,0,0,0,1,0,0,0,0,0,0,1,0,0,0,0,0,0,0,0,0,0,0,0,0,1,0,0
24,5,15,108.0854855128564,31,9500,56.63803754,9.79428314,287.126774390244,1030.03658536585,73.2987804878049,4.39634146341463,254.170731707317,0.78,46.9878048780488,0,1,0,0,0,0,0,1,0,0,1,0,0,0,1,0,0,0,0,0,0,1,0,0,0,0,0,0,0,0,0,0,0,0,0,1,0,0
24,5,16,131,31,9500,56.63803754,9.79428314,285.272,1028.68702290076,91.7328244274809,7.25190839694656,164.847328244275,46.725,80.5725190839695,0,0,0,0,0,1,0,1,0,0,1,0,0,0,1,0,0,0,0,0,0,1,0,0,0,0,0,0,0,0,0,1,0,0,0,0,0,0
24,5,17,111.79230306453537,31,9500,56.63803754,9.79428314,289.75658041958,1023.66433566434,90.9300699300699,3.44055944055944,213.153846153846,20.33,77.8811188811189,0,0,0,0,0,0,1,1,0,0,1,0,0,0,1,0,0,0,0,0,0,1,0,0,0,0,0,0,0,0,0,0,0,0,0,1,0,0
24,5,18,155,31,9500,56.63803754,9.79428314,292.804870967742,1012.91612903226,71.2838709677419,6.35483870967742,190.090322580645,2.47,25.1870967741935,0,0,0,0,1,0,0,1,0,0,1,0,0,0,1,0,0,0,0,0,0,1,0,0,0,0,0,0,0,0,0,1,0,0,0,0,0,0
24,5,19,212,31,9500,56.63803754,9.79428314,290.456471698113,1014.69811320755,73.9811320754717,1.88207547169811,73.2028301886792,0,25.3066037735849,1,0,0,0,0,0,0,1,0,0,1,0,0,0,1,0,0,0,0,0,0,1,0,0,0,0,0,0,0,0,0,1,0,0,0,0,0,0
24,5,20,126,31,9500,56.63803754,9.79428314,286.877063492063,1028.88095238095,76.8253968253968,6.46825396825397,261.587301587302,2.695,45.1746031746032,0,0,1,0,0,0,0,1,0,0,1,0,0,0,1,0,0,0,0,0,0,1,0,0,0,0,0,0,0,0,0,1,0,0,0,0,0,0
24,5,21,80,31,9500,56.63803754,9.79428314,287.1425625,1035.9875,75.05,4.95,260.275,0,16.65,0,0,0,1,0,0,0,1,0,0,1,0,0,0,1,0,0,0,0,0,0,1,0,0,0,0,0,0,0,0,1,0,0,0,0,0,0,0
24,5,22,108,31,9500,56.63803754,9.79428314,287.503037037037,1024.44444444444,71.1851851851852,4.83333333333333,261.916666666667,0,29.0740740740741,0,1,0,0,0,0,0,1,0,0,1,0,0,0,1,0,0,0,0,0,0,1,0,0,0,0,0,0,0,0,1,0,0,0,0,0,0,0
24,5,23,142,31,9500,56.63803754,9.79428314,289.637105633803,1017.46478873239,66.2957746478873,2.45070422535211,113.225352112676,12.615,18.7042253521127,0,0,0,0,0,1,0,1,0,0,1,0,0,0,1,0,0,0,0,0,0,1,0,0,0,0,0,0,0,0,0,1,0,0,0,0,0,0
24,5,24,168,31,9500,56.63803754,9.79428314,289.136005952381,1019.74404761905,64.7797619047619,5.16071428571429,270.261904761905,0,12.2380952380952,0,0,0,0,0,0,1,1,0,0,1,0,0,0,1,0,0,0,0,0,0,1,0,0,0,0,0,0,0,0,1,0,0,0,0,0,0,0
24,5,25,103,31,9500,56.63803754,9.79428314,289.845058252427,1028.41747572816,68.8058252427184,6.58252427184466,304.873786407767,0,6.95145631067961,0,0,0,0,1,0,0,1,0,0,1,0,0,0,1,0,0,0,0,0,0,1,0,0,0,0,0,0,0,0,1,0,0,0,0,0,0,0
24,5,26,115,31,9500,56.63803754,9.79428314,291.9996,1026.46086956522,58.6695652173913,3.05217391304348,306.84347826087,0,0,1,0,0,0,0,0,0,1,0,0,1,0,0,0,1,0,0,0,0,0,0,1,0,0,0,0,0,0,0,0,1,0,0,0,0,0,0,0
24,5,27,151,31,9500,56.63803754,9.79428314,293.722503311258,1031.7880794702,63.0264900662252,3.64238410596026,222.364238410596,0,0,0,0,1,0,0,0,0,1,0,0,1,0,0,0,1,0,0,0,0,0,0,1,0,0,0,0,0,0,0,0,1,0,0,0,0,0,0,0
24,5,28,83,31,9500,56.63803754,9.79428314,292.989734939759,1022.65060240964,63.710843373494,6.90361445783132,244.192771084337,3.5625,37.7349397590361,0,0,0,1,0,0,0,1,0,0,1,0,0,0,1,0,0,0,0,0,0,1,0,0,0,0,0,0,0,0,1,0,0,0,0,0,0,0
24,5,29,139,31,9500,56.63803754,9.79428314,289.318676258993,1014.97841726619,77.3669064748201,2.79856115107914,235.525179856115,0,61.4964028776978,0,1,0,0,0,0,0,1,0,0,1,0,0,0,1,0,0,0,0,0,0,1,0,0,0,0,0,0,0,0,0,1,0,0,0,0,0,0
24,5,30,153,31,9500,56.63803754,9.79428314,288.043267973856,1012.13071895425,77.6666666666667,5.50980392156863,254.823529411765,0.3,47.3071895424837,0,0,0,0,0,1,0,1,0,0,1,0,0,0,1,0,0,0,0,0,0,1,0,0,0,0,0,0,0,0,0,1,0,0,0,0,0,0
24,5,31,228.48172636062372,31,9500,56.63803754,9.79428314,286.942742268041,1013.26116838488,77.6013745704467,10.2439862542955,278.883161512027,11.1,31.6872852233677,0,0,0,0,0,0,1,1,0,0,1,0,0,0,1,0,0,0,0,0,0,1,0,0,0,0,0,0,0,0,0,0,0,0,0,1,0,0
24,6,1,257,31,9500,56.63803754,9.79428314,288.581941634241,1021.42023346304,59.6964980544747,5.93774319066148,287.918287937743,0,8.93385214007782,0,0,0,0,1,0,0,1,0,0,1,0,0,0,1,0,0,0,0,0,0,1,0,0,0,0,0,0,0,0,1,0,0,0,0,0,0,0
24,6,2,288,31,9500,56.63803754,9.79428314,287.355809027778,1022.52430555556,72.25,2.61458333333333,109.739583333333,0,80.1770833333333,1,0,0,0,0,0,0,1,0,0,1,0,0,0,1,0,0,0,0,0,0,1,0,0,0,0,0,0,0,0,0,1,0,0,0,0,0,0
24,6,3,209,31,9500,56.63803754,9.79428314,290.359349282297,1024.54066985646,78.7655502392344,3.25358851674641,158.406698564593,72.28,56.8612440191388,0,0,1,0,0,0,0,1,0,0,1,0,0,0,1,0,0,0,0,0,0,1,0,0,0,0,0,0,0,0,0,1,0,0,0,0,0,0
24,6,4,75.18406944368034,31,9500,56.63803754,9.79428314,287.243464285714,1018.72321428571,91.8660714285714,5.125,267.294642857143,8.84,67.8214285714286,0,0,0,1,0,0,0,1,0,0,1,0,0,0,1,0,0,0,0,0,0,1,0,0,0,0,0,0,0,0,0,0,0,0,0,1,0,0
24,6,5,102,31,9500,56.63803754,9.79428314,287.955960784314,1020.01960784314,72.7549019607843,6.01960784313725,236.852941176471,0,43.6078431372549,0,1,0,0,0,0,0,1,0,0,1,0,0,0,1,0,0,0,0,0,0,1,0,0,0,0,0,0,0,0,0,1,0,0,0,0,0,0
24,6,6,196,31,9500,56.63803754,9.79428314,291.350489795918,1006.59183673469,70.484693877551,8.82142857142857,139.979591836735,45.5775,29.6326530612245,0,0,0,0,0,1,0,1,0,0,1,0,0,0,1,0,0,0,0,0,0,1,0,0,0,0,0,0,0,0,0,1,0,0,0,0,0,0
24,6,7,129.60443183346652,31,9500,56.63803754,9.79428314,285.942853658537,1003.21951219512,94.890243902439,10.5182926829268,171.969512195122,92.41,77.5121951219512,0,0,0,0,0,0,1,1,0,0,1,0,0,0,1,0,0,0,0,0,0,1,0,0,0,0,0,0,0,0,0,0,0,0,0,1,0,0
24,6,8,124.56552385187243,31,9500,56.63803754,9.79428314,287.529700564972,1014.18079096045,76.0056497175141,6.85875706214689,236.542372881356,32.465,56.5536723163842,0,0,0,0,1,0,0,1,0,0,1,0,0,0,1,0,0,0,0,0,0,1,0,0,0,0,0,0,0,0,0,0,0,0,0,1,0,0
24,6,9,173.11514020139586,31,9500,56.63803754,9.79428314,289.088103139013,1016.82959641256,94.0986547085202,4.41255605381166,142.313901345291,433.935,83.2062780269058,1,0,0,0,0,0,0,1,0,0,1,0,0,0,1,0,0,0,0,0,0,1,0,0,0,0,0,0,0,0,0,0,0,0,0,1,0,0
24,6,10,135,31,9500,56.63803754,9.79428314,288.666340740741,1027.44444444444,89.4666666666667,4.72592592592593,240.259259259259,0,46.9037037037037,0,0,1,0,0,0,0,1,0,0,1,0,0,0,1,0,0,0,0,0,0,1,0,0,0,0,0,0,0,0,0,1,0,0,0,0,0,0
24,6,11,118,31,9500,56.63803754,9.79428314,290.081686440678,1021.86440677966,88.1440677966102,5.1864406779661,225.525423728814,161.01,90.1016949152542,0,0,0,1,0,0,0,1,0,0,1,0,0,0,1,0,0,0,0,0,0,1,0,0,0,0,0,0,0,0,0,1,0,0,0,0,0,0
24,6,12,105.67216788884252,31,9500,56.63803754,9.79428314,287.324343283582,1005.03731343284,83.4179104477612,9.3134328358209,257.164179104478,2.25,76.2089552238806,0,1,0,0,0,0,0,1,0,0,1,0,0,0,1,0,0,0,0,0,0,1,0,0,0,0,0,0,0,0,0,0,0,0,0,1,0,0
24,6,13,129,31,9500,56.63803754,9.79428314,288.992317829457,1013.04651162791,72.062015503876,8.03875968992248,284.139534883721,0,7.41085271317829,0,0,0,0,0,1,0,1,0,0,1,0,0,0,1,0,0,0,0,0,0,1,0,0,0,0,0,0,0,0,0,1,0,0,0,0,0,0
24,6,14,167,31,9500,56.63803754,9.79428314,289.905880239521,1020.90419161677,71.5508982035928,7.01796407185629,276.982035928144,0,8.55089820359281,0,0,0,0,0,0,1,1,0,0,1,0,0,0,1,0,0,0,0,0,0,1,0,0,0,0,0,0,0,0,1,0,0,0,0,0,0,0
24,6,15,171,31,9500,56.63803754,9.79428314,291.424046783626,1017.7485380117,72.140350877193,3.76023391812865,209.87134502924,42.8,44.374269005848,0,0,0,0,1,0,0,1,0,0,1,0,0,0,1,0,0,0,0,0,0,1,0,0,0,0,0,0,0,0,1,0,0,0,0,0,0,0
24,6,16,148.75699144683313,31,9500,56.63803754,9.79428314,288.824454545455,1010.89393939394,85.5353535353535,6.28282828282828,294.656565656566,4.91,60.5151515151515,1,0,0,0,0,0,0,1,0,0,1,0,0,0,1,0,0,0,0,0,0,1,0,0,0,0,0,0,0,0,0,0,0,0,0,1,0,0
24,6,17,125,31,9500,56.63803754,9.79428314,291.22676,1030.184,73.936,4.896,280.592,0,17.728,0,0,1,0,0,0,0,1,0,0,1,0,0,0,1,0,0,0,0,0,0,1,0,0,0,0,0,0,0,0,1,0,0,0,0,0,0,0
24,6,18,111,31,9500,56.63803754,9.79428314,293.723234234234,1031.99099099099,74.0720720720721,6.89189189189189,272.27027027027,0,0,0,0,0,1,0,0,0,1,0,0,1,0,0,0,1,0,0,0,0,0,0,1,0,0,0,0,0,0,0,0,1,0,0,0,0,0,0,0
24,6,19,150,31,9500,56.63803754,9.79428314,292.87592,1021.41333333333,73.3733333333333,5.4133333333333304,251.88,5.04,25.18,0,1,0,0,0,0,0,1,0,0,1,0,0,0,1,0,0,0,0,0,0,1,0,0,0,0,0,0,0,0,1,0,0,0,0,0,0,0
24,6,20,136,31,9500,56.63803754,9.79428314,288.579580882353,1018.50735294118,62.8308823529412,8.24264705882353,290.036764705882,0,19.2647058823529,0,0,0,0,0,1,0,1,0,0,1,0,0,0,1,0,0,0,0,0,0,1,0,0,0,0,0,0,0,0,1,0,0,0,0,0,0,0
24,6,21,140,31,9500,56.63803754,9.79428314,289.19875,1018.73571428571,62.2071428571429,4.17857142857143,276.514285714286,0,32.8285714285714,0,0,0,0,0,0,1,1,0,0,1,0,0,0,1,0,0,0,0,0,0,1,0,0,0,0,0,0,0,0,1,0,0,0,0,0,0,0
24,6,22,180,31,9500,56.63803754,9.79428314,287.432533333333,1012.31666666667,94.5388888888889,2.97222222222222,174.527777777778,61.05,82.0611111111111,0,0,0,0,1,0,0,1,0,0,1,0,0,0,1,0,0,0,0,0,0,1,0,0,0,0,0,0,0,0,0,1,0,0,0,0,0,0
24,6,23,133.39118697589728,31,9500,56.63803754,9.79428314,289.226154228856,1009.69154228856,89.0746268656716,4.33333333333333,218.049751243781,75.43,80.4975124378109,1,0,0,0,0,0,0,1,0,0,1,0,0,0,1,0,0,0,0,0,0,1,0,0,0,0,0,0,0,0,0,0,0,0,0,1,0,0
24,6,24,93.14452898009914,31,9500,56.63803754,9.79428314,288.746966942149,1014.43801652893,85.6776859504132,7.07438016528926,258.917355371901,0.945,21.1239669421488,0,0,1,0,0,0,0,1,0,0,1,0,0,0,1,0,0,0,0,0,0,1,0,0,0,0,0,0,0,0,0,0,0,0,0,1,0,0
24,6,25,59.133294146088886,31,9500,56.63803754,9.79428314,287.866416666667,1011.72619047619,71.5238095238095,9.42857142857143,256.392857142857,1.0475,72.1428571428571,0,0,0,1,0,0,0,1,0,0,1,0,0,0,1,0,0,0,0,0,0,1,0,0,0,0,0,0,0,0,0,0,0,0,0,1,0,0
24,6,26,120,31,9500,56.63803754,9.79428314,287.910725,1006.375,68.8583333333333,10.125,278.775,0,17.5,0,1,0,0,0,0,0,1,0,0,1,0,0,0,1,0,0,0,0,0,0,1,0,0,0,0,0,0,0,0,1,0,0,0,0,0,0,0
24,6,27,130,31,9500,56.63803754,9.79428314,289.249,1013.73846153846,61.5,2.04615384615385,155.984615384615,0,28.8615384615385,0,0,0,0,0,1,0,1,0,0,1,0,0,0,1,0,0,0,0,0,0,1,0,0,0,0,0,0,0,0,0,1,0,0,0,0,0,0
24,6,28,125,31,9500,56.63803754,9.79428314,289.90828,1010.936,63.184,4.632,94.184,1.59,55.232,0,0,0,0,0,0,1,1,0,0,1,0,0,0,1,0,0,0,0,0,0,1,0,0,0,0,0,0,0,0,0,1,0,0,0,0,0,0
24,6,29,109.43018394341927,31,9500,56.63803754,9.79428314,289.235077419355,1004.97419354839,75.5612903225806,6.18064516129032,62.1225806451613,38.0925,83.4258064516129,0,0,0,0,1,0,0,1,0,0,1,0,0,0,1,0,0,0,0,0,0,1,0,0,0,0,0,0,0,0,0,0,0,0,0,1,0,0
24,6,30,237.4565886410419,31,9500,56.63803754,9.79428314,290.436538961039,1003.51948051948,70.6558441558442,6.30194805194805,42.6688311688312,35.0325,25.038961038961,1,0,0,0,0,0,0,1,0,0,1,0,0,0,1,0,0,0,0,0,0,1,0,0,0,0,0,0,0,0,0,0,0,0,0,1,0,0
24,7,1,143.93111979650567,31,9500,56.63803754,9.79428314,292.277475409836,1017.0218579235,67.5956284153006,4.83060109289617,226.377049180328,0.135,11.1693989071038,0,0,1,0,0,0,0,1,0,0,1,0,0,0,1,0,0,0,0,0,0,1,0,0,0,0,0,0,0,0,0,0,0,0,0,1,0,0
24,7,2,44,31,9500,56.63803754,9.79428314,288.671005906575,1018.88636363636,76.0454545454545,9.02272727272727,273.863636363636,0.35,15.1363636363636,0,0,0,1,0,0,0,1,0,0,1,0,0,0,1,0,0,0,0,0,0,1,0,0,0,0,0,0,0,0,1,0,0,0,0,0,0,0
25,1,1,23.566415214538576,3,5000,55.39420346,10.36993204,278.5875,1011.28125,91.28125,2.5625,268.125,0.7475,71.875,0,0,0,1,0,0,0,1,0,1,0,0,0,0,0,0,0,0,1,0,0,0,1,0,0,0,0,0,0,0,0,0,0,0,0,1,0,0
25,1,2,63,3,5000,55.39420346,10.36993204,275.264444444444,1014.90476190476,90.4126984126984,3.38095238095238,268.095238095238,2.065,33.6984126984127,0,1,0,0,0,0,0,1,0,1,0,0,0,0,0,0,0,0,1,0,0,0,1,0,0,0,0,0,0,0,0,1,0,0,0,0,0,0
25,1,3,31.71062313056318,3,5000,55.39420346,10.36993204,280.297446808511,1001.95744680851,90.2340425531915,9.38297872340426,262.765957446808,0.43,89.7872340425532,0,0,0,0,0,1,0,1,0,1,0,0,0,0,0,0,0,0,1,0,0,0,1,0,0,0,0,0,0,0,0,0,0,0,0,1,0,0
25,1,4,53,3,5000,55.39420346,10.36993204,275.496226415094,1005.11320754717,76.0754716981132,9.39622641509434,335.660377358491,0,54.2264150943396,0,0,0,0,0,0,1,1,0,1,0,0,0,0,0,0,0,0,1,0,0,0,1,0,0,0,0,0,0,0,0,1,0,0,0,0,0,0
25,1,5,18,3,5000,55.39420346,10.36993204,270.299444444444,1032.94444444444,66.7222222222222,6.22222222222222,33.3333333333333,0,49.7222222222222,0,0,0,0,1,0,0,1,0,1,0,0,0,0,0,0,0,0,1,0,0,0,1,0,0,0,0,0,0,0,0,0,0,0,0,0,1,0
25,1,6,30,3,5000,55.39420346,10.36993204,269.269,1036.66666666667,62.4666666666667,3.53333333333333,185,0,27.0666666666667,1,0,0,0,0,0,0,1,0,1,0,0,0,0,0,0,0,0,1,0,0,0,1,0,0,0,0,0,0,0,1,0,0,0,0,0,0,0
25,1,7,45,3,5000,55.39420346,10.36993204,276.328666666667,1022.22222222222,90.9333333333333,4.82222222222222,260.444444444444,0,61.6222222222222,0,0,1,0,0,0,0,1,0,1,0,0,0,0,0,0,0,0,1,0,0,0,1,0,0,0,0,0,0,0,0,1,0,0,0,0,0,0
25,1,8,30,3,5000,55.39420346,10.36993204,275.415333333333,1029.9,92.7,1.73333333333333,236.333333333333,0,86.5,0,0,0,1,0,0,0,1,0,1,0,0,0,0,0,0,0,0,1,0,0,0,1,0,0,0,0,0,0,0,0,1,0,0,0,0,0,0
25,1,9,45,3,5000,55.39420346,10.36993204,275.982666666667,1018.84444444444,97.5111111111111,4.11111111111111,193.555555555556,0,79.6666666666667,0,1,0,0,0,0,0,1,0,1,0,0,0,0,0,0,0,0,1,0,0,0,1,0,0,0,0,0,0,0,0,0,1,0,0,0,0,0
25,1,10,27.89309411535505,3,5000,55.39420346,10.36993204,275.987894736842,1007.36842105263,92.6315789473684,4.73684210526316,178.684210526316,1.1375,85.4736842105263,0,0,0,0,0,1,0,1,0,1,0,0,0,0,0,0,0,0,1,0,0,0,1,0,0,0,0,0,0,0,0,0,0,0,0,1,0,0
25,1,11,39,3,5000,55.39420346,10.36993204,278.175820512821,989.179487179487,89.8461538461538,8.82051282051282,238.076923076923,0.9325,75.6666666666667,0,0,0,0,0,0,1,1,0,1,0,0,0,0,0,0,0,0,1,0,0,0,1,0,0,0,0,0,0,0,0,0,0,0,1,0,0,0
25,1,12,26.293568942928687,3,5000,55.39420346,10.36993204,276.725526315789,993.894736842105,87.7894736842105,7.84210526315789,243.421052631579,0,25.8684210526316,0,0,0,0,1,0,0,1,0,1,0,0,0,0,0,0,0,0,1,0,0,0,1,0,0,0,0,0,0,0,0,0,0,0,0,1,0,0
25,1,13,64,3,5000,55.39420346,10.36993204,275.57484375,991.96875,88.921875,2.1875,187.1875,0,33.5,1,0,0,0,0,0,0,1,0,1,0,0,0,0,0,0,0,0,1,0,0,0,1,0,0,0,0,0,0,0,0,1,0,0,0,0,0,0
25,1,14,35,3,5000,55.39420346,10.36993204,274.948571428571,1001.02857142857,88.4285714285714,5.6,271.142857142857,0,50,0,0,1,0,0,0,0,1,0,1,0,0,0,0,0,0,0,0,1,0,0,0,1,0,0,0,0,0,0,0,0,1,0,0,0,0,0,0
25,1,15,33,3,5000,55.39420346,10.36993204,273.795454545455,1017.33333333333,91.9393939393939,3.27272727272727,300.30303030303,0,19.6969696969697,0,0,0,1,0,0,0,1,0,1,0,0,0,0,0,0,0,0,1,0,0,0,1,0,0,0,0,0,0,0,0,1,0,0,0,0,0,0
25,1,16,50,3,5000,55.39420346,10.36993204,273.43786,1028.68,91.36,3.22,325.7,0,0,0,1,0,0,0,0,0,1,0,1,0,0,0,0,0,0,0,0,1,0,0,0,1,0,0,0,0,0,0,0,1,0,0,0,0,0,0,0
25,1,17,34,3,5000,55.39420346,10.36993204,273.186764705882,1036.70588235294,89.7647058823529,2.23529411764706,212.941176470588,0.61,56.1470588235294,0,0,0,0,0,1,0,1,0,1,0,0,0,0,0,0,0,0,1,0,0,0,1,0,0,0,0,0,0,0,0,1,0,0,0,0,0,0
25,1,18,26,3,5000,55.39420346,10.36993204,275.358846153846,1036.11538461538,90.9230769230769,5.5,227.307692307692,0,76.3846153846154,0,0,0,0,0,0,1,1,0,1,0,0,0,0,0,0,0,0,1,0,0,0,1,0,0,0,0,0,0,0,1,0,0,0,0,0,0,0
25,1,19,36,3,5000,55.39420346,10.36993204,278.286944444444,1034.19444444444,94.3611111111111,4.25,249.166666666667,0,80.5833333333333,0,0,0,0,1,0,0,1,0,1,0,0,0,0,0,0,0,0,1,0,0,0,1,0,0,0,0,0,0,0,0,0,0,0,1,0,0,0
25,1,20,61,3,5000,55.39420346,10.36993204,278.573934426229,1032.4262295082,92.4262295081967,4.50819672131148,247.540983606557,0,65.4262295081967,1,0,0,0,0,0,0,1,0,1,0,0,0,0,0,0,0,0,1,0,0,0,1,0,0,0,0,0,0,0,0,1,0,0,0,0,0,0
25,1,21,44,3,5000,55.39420346,10.36993204,279.285909090909,1030.29545454545,86.3863636363636,2.29545454545455,277.954545454545,1.8175,76.1363636363636,0,0,1,0,0,0,0,1,0,1,0,0,0,0,0,0,0,0,1,0,0,0,1,0,0,0,0,0,0,0,0,1,0,0,0,0,0,0
25,1,22,30.549620675388724,3,5000,55.39420346,10.36993204,276.593,1027.4,90.4,1.625,175.5,0.495,84.3,0,0,0,1,0,0,0,1,0,1,0,0,0,0,0,0,0,0,1,0,0,0,1,0,0,0,0,0,0,0,0,0,0,0,0,1,0,0
25,1,23,41,3,5000,55.39420346,10.36993204,275.451707317073,1023.24390243902,93.4146341463415,3.02439024390244,229.512195121951,0,58.1707317073171,0,1,0,0,0,0,0,1,0,1,0,0,0,0,0,0,0,0,1,0,0,0,1,0,0,0,0,0,0,0,0,1,0,0,0,0,0,0
25,1,24,43,3,5000,55.39420346,10.36993204,276.027162790698,1031.86046511628,95.1162790697674,3.13953488372093,240.581395348837,0,72.0697674418605,0,0,0,0,0,1,0,1,0,1,0,0,0,0,0,0,0,0,1,0,0,0,1,0,0,0,0,0,0,0,0,0,0,0,1,0,0,0
25,1,25,37,3,5000,55.39420346,10.36993204,273.926108108108,1037.59459459459,98.1351351351351,3.64864864864865,230.648648648649,0,52.5675675675676,0,0,0,0,0,0,1,1,0,1,0,0,0,0,0,0,0,0,1,0,0,0,1,0,0,0,0,0,0,0,0,1,0,0,0,0,0,0
25,1,26,39,3,5000,55.39420346,10.36993204,273.762564102564,1029.92307692308,95.2564102564103,2.8974358974359,136.923076923077,0,63.0769230769231,0,0,0,0,1,0,0,1,0,1,0,0,0,0,0,0,0,0,1,0,0,0,1,0,0,0,0,0,0,0,0,0,0,1,0,0,0,0
25,1,27,48,3,5000,55.39420346,10.36993204,274.369375,1020.75,83.6458333333333,3.72916666666667,138.958333333333,0,0.75,1,0,0,0,0,0,0,1,0,1,0,0,0,0,0,0,0,0,1,0,0,0,1,0,0,0,0,0,0,0,1,0,0,0,0,0,0,0
25,1,28,35,3,5000,55.39420346,10.36993204,275.229714285714,1018.65714285714,88.1714285714286,2.42857142857143,116.571428571429,0,2.85714285714286,0,0,1,0,0,0,0,1,0,1,0,0,0,0,0,0,0,0,1,0,0,0,1,0,0,0,0,0,0,0,1,0,0,0,0,0,0,0
25,1,29,32,3,5000,55.39420346,10.36993204,276.78875,1014.59375,90.96875,3.78125,200.9375,0.2275,81.5625,0,0,0,1,0,0,0,1,0,1,0,0,0,0,0,0,0,0,1,0,0,0,1,0,0,0,0,0,0,0,1,0,0,0,0,0,0,0
25,1,30,36.121803510829345,3,5000,55.39420346,10.36993204,276.247755102041,1014.24489795918,93.4285714285714,3.83673469387755,78.1632653061225,0.1,84.1224489795918,0,1,0,0,0,0,0,1,0,1,0,0,0,0,0,0,0,0,1,0,0,0,1,0,0,0,0,0,0,0,0,0,0,0,0,1,0,0
25,1,31,123,3,5000,55.39420346,10.36993204,276.436422764228,1019.82113821138,92.0406504065041,4.23577235772358,63.5772357723577,0,74.8780487804878,0,0,0,0,0,1,0,1,0,1,0,0,0,0,0,0,0,0,1,0,0,0,1,0,0,0,0,0,0,0,0,1,0,0,0,0,0,0
25,2,1,82,3,5000,55.39420346,10.36993204,274.573048780488,1019.41463414634,99,5.18292682926829,140.426829268293,0,79.8292682926829,0,0,0,0,0,0,1,1,0,1,0,0,0,0,0,0,0,0,1,0,0,0,1,0,0,0,0,0,0,0,0,0,0,0,1,0,0,0
25,2,2,57,3,5000,55.39420346,10.36993204,274.751754385965,1010,98.5263157894737,4.78947368421053,132.280701754386,0,86.8421052631579,0,0,0,0,1,0,0,1,0,1,0,0,0,0,0,0,0,0,1,0,0,0,1,0,0,0,0,0,0,0,0,0,0,0,1,0,0,0
25,2,3,77,3,5000,55.39420346,10.36993204,274.914805194805,1005.62337662338,97.2597402597403,4.61038961038961,124.415584415584,0,90,1,0,0,0,0,0,0,1,0,1,0,0,0,0,0,0,0,0,1,0,0,0,1,0,0,0,0,0,0,0,0,0,0,1,0,0,0,0
25,2,4,46.36712651629933,3,5000,55.39420346,10.36993204,277.027666666667,1002.26666666667,96.6166666666667,2.65,127.333333333333,0,88.5,0,0,1,0,0,0,0,1,0,1,0,0,0,0,0,0,0,0,1,0,0,0,1,0,0,0,0,0,0,0,0,0,0,0,0,1,0,0
25,2,5,36,3,5000,55.39420346,10.36993204,275.701388888889,1006.52777777778,95.1388888888889,4,88.6111111111111,0,90.0555555555556,0,0,0,1,0,0,0,1,0,1,0,0,0,0,0,0,0,0,1,0,0,0,1,0,0,0,0,0,0,0,0,0,0,1,0,0,0,0
25,2,6,26,3,5000,55.39420346,10.36993204,275.337307692308,1025,93,5.61538461538461,71.1538461538462,0,77.7307692307692,0,1,0,0,0,0,0,1,0,1,0,0,0,0,0,0,0,0,1,0,0,0,1,0,0,0,0,0,0,0,0,1,0,0,0,0,0,0
25,2,7,39,3,5000,55.39420346,10.36993204,272.654358974359,1027.07692307692,91.7948717948718,8.41025641025641,71.7948717948718,0,75.3846153846154,0,0,0,0,0,1,0,1,0,1,0,0,0,0,0,0,0,0,1,0,0,0,1,0,0,0,0,0,0,0,0,1,0,0,0,0,0,0
25,2,8,48,3,5000,55.39420346,10.36993204,271.71875,1032.39583333333,88.125,5.83333333333333,70.8333333333333,0,79.3333333333333,0,0,0,0,0,0,1,1,0,1,0,0,0,0,0,0,0,0,1,0,0,0,1,0,0,0,0,0,0,0,0,0,0,0,0,0,1,0
25,2,9,51,3,5000,55.39420346,10.36993204,271.386274509804,1034.23529411765,84.078431372549,4.3921568627451,88.2352941176471,0,75.2941176470588,0,0,0,0,1,0,0,1,0,1,0,0,0,0,0,0,0,0,1,0,0,0,1,0,0,0,0,0,0,0,0,1,0,0,0,0,0,0
25,2,10,60,3,5000,55.39420346,10.36993204,272.603833333333,1030.46666666667,93.15,6.83333333333333,89.5,0,85.8166666666667,1,0,0,0,0,0,0,1,0,1,0,0,0,0,0,0,0,0,1,0,0,0,1,0,0,0,0,0,0,0,0,1,0,0,0,0,0,0
25,2,11,44,3,5000,55.39420346,10.36993204,273.990681818182,1031.09090909091,87.2045454545455,8.52272727272727,79.0909090909091,0,23,0,0,1,0,0,0,0,1,0,1,0,0,0,0,0,0,0,0,1,0,0,0,1,0,0,0,0,0,0,0,1,0,0,0,0,0,0,0
25,2,12,40,3,5000,55.39420346,10.36993204,273.21425,1036.825,95.225,7.275,83.25,0,79.875,0,0,0,1,0,0,0,1,0,1,0,0,0,0,0,0,0,0,1,0,0,0,1,0,0,0,0,0,0,0,0,1,0,0,0,0,0,0
25,2,13,43,3,5000,55.39420346,10.36993204,272.003152967488,1039.18604651163,92.0930232558139,2.93023255813953,102.581395348837,0,49.1860465116279,0,1,0,0,0,0,0,1,0,1,0,0,0,0,0,0,0,0,1,0,0,0,1,0,0,0,0,0,0,0,0,1,0,0,0,0,0,0
25,2,14,51,3,5000,55.39420346,10.36993204,272.137647058824,1046.09803921569,96.0196078431373,3,114.43137254902,0,0,0,0,0,0,0,1,0,1,0,1,0,0,0,0,0,0,0,0,1,0,0,0,1,0,0,0,0,0,0,0,1,0,0,0,0,0,0,0
25,2,15,47,3,5000,55.39420346,10.36993204,273.874404255319,1041.59574468085,92.1063829787234,1.59574468085106,185.489361702128,0,4.59574468085106,0,0,0,0,0,0,1,1,0,1,0,0,0,0,0,0,0,0,1,0,0,0,1,0,0,0,0,0,0,0,1,0,0,0,0,0,0,0
25,2,16,40,3,5000,55.39420346,10.36993204,277.58365,1032.5,91.475,5.775,239.55,6.695,87,0,0,0,0,1,0,0,1,0,1,0,0,0,0,0,0,0,0,1,0,0,0,1,0,0,0,0,0,0,0,0,1,0,0,0,0,0,0
25,2,17,40.29781685472699,3,5000,55.39420346,10.36993204,277.0058,1029.09090909091,94.0545454545454,2.47272727272727,257.981818181818,1.9175,80.4363636363636,1,0,0,0,0,0,0,1,0,1,0,0,0,0,0,0,0,0,1,0,0,0,1,0,0,0,0,0,0,0,0,0,0,0,0,1,0,0
25,2,18,39,3,5000,55.39420346,10.36993204,276.865025641026,1031.64102564103,94.2564102564103,5.35897435897436,259.641025641026,2.06,61.6410256410256,0,0,1,0,0,0,0,1,0,1,0,0,0,0,0,0,0,0,1,0,0,0,1,0,0,0,0,0,0,0,0,1,0,0,0,0,0,0
25,2,19,11.761290030414239,3,5000,55.39420346,10.36993204,279.4865,1022.22222222222,92.3888888888889,5.77777777777778,262.944444444444,5.5,88.8888888888889,0,0,0,1,0,0,0,1,0,1,0,0,0,0,0,0,0,0,1,0,0,0,1,0,0,0,0,0,0,0,0,0,0,0,0,1,0,0
25,2,20,29.806423096091024,3,5000,55.39420346,10.36993204,280.181853658537,1010.41463414634,88.6585365853659,8.65853658536585,266.707317073171,33.15,92,0,1,0,0,0,0,0,1,0,1,0,0,0,0,0,0,0,0,1,0,0,0,1,0,0,0,0,0,0,0,0,0,0,0,0,1,0,0
25,2,21,40,3,5000,55.39420346,10.36993204,278.79815,1010.1,85.925,7.1,268.5,0.7,42.975,0,0,0,0,0,1,0,1,0,1,0,0,0,0,0,0,0,0,1,0,0,0,1,0,0,0,0,0,0,0,0,1,0,0,0,0,0,0
25,2,22,27.799814002343922,3,5000,55.39420346,10.36993204,279.992564102564,990.948717948718,78.4871794871795,10.9230769230769,255.128205128205,0,56.5384615384615,0,0,0,0,0,0,1,1,0,1,0,0,0,0,0,0,0,0,1,0,0,0,1,0,0,0,0,0,0,0,0,0,0,0,0,1,0,0
25,2,23,38,3,5000,55.39420346,10.36993204,276.927894736842,985.421052631579,93.3421052631579,4.34210526315789,202.368421052632,0,59.3421052631579,0,0,0,0,1,0,0,1,0,1,0,0,0,0,0,0,0,0,1,0,0,0,1,0,0,0,0,0,0,0,0,1,0,0,0,0,0,0
25,2,24,53,3,5000,55.39420346,10.36993204,276.133018867925,1006.22641509434,69.7924528301887,6.37735849056604,282.264150943396,0,16.4528301886792,1,0,0,0,0,0,0,1,0,1,0,0,0,0,0,0,0,0,1,0,0,0,1,0,0,0,0,0,0,0,0,1,0,0,0,0,0,0
25,2,25,1,3,5000,55.39420346,10.36993204,274.15,1014,86,4,260,0,20,0,0,1,0,0,0,0,1,0,1,0,0,0,0,0,0,0,0,1,0,0,0,1,0,0,0,0,0,0,0,0,1,0,0,0,0,0,0
25,2,27,37,3,5000,55.39420346,10.36993204,281.495945945946,994.648648648649,89.1891891891892,5.40540540540541,170.810810810811,2.4,82.4054054054054,0,1,0,0,0,0,0,1,0,1,0,0,0,0,0,0,0,0,1,0,0,0,1,0,0,0,0,0,0,0,0,0,1,0,0,0,0,0
25,2,28,101,3,5000,55.39420346,10.36993204,277.732673267327,984.930693069307,87.2376237623762,6.28712871287129,202.574257425743,0,39.9207920792079,0,0,0,0,0,1,0,1,0,1,0,0,0,0,0,0,0,0,1,0,0,0,1,0,0,0,0,0,0,0,0,1,0,0,0,0,0,0
25,3,1,84,3,5000,55.39420346,10.36993204,278.316428571429,993.690476190476,91.0476190476191,6.57142857142857,232.142857142857,0,69.7857142857143,0,0,0,0,0,0,1,1,0,1,0,0,0,0,0,0,0,0,1,0,0,0,1,0,0,0,0,0,0,0,0,0,1,0,0,0,0,0
25,3,2,74,3,5000,55.39420346,10.36993204,278.316756756757,997.851351351351,85.1756756756757,5.2027027027027,249.594594594595,0,58.4459459459459,0,0,0,0,1,0,0,1,0,1,0,0,0,0,0,0,0,0,1,0,0,0,1,0,0,0,0,0,0,0,0,0,0,0,1,0,0,0
25,3,3,64,3,5000,55.39420346,10.36993204,279.9859375,1004.84375,74.09375,5.453125,201.40625,0.495,52.859375,1,0,0,0,0,0,0,1,0,1,0,0,0,0,0,0,0,0,1,0,0,0,1,0,0,0,0,0,0,0,0,1,0,0,0,0,0,0
25,3,6,58,3,5000,55.39420346,10.36993204,275.792068965517,1005.48275862069,93.7413793103448,5.96551724137931,63.1034482758621,0,88.1896551724138,0,1,0,0,0,0,0,1,0,1,0,0,0,0,0,0,0,0,1,0,0,0,1,0,0,0,0,0,0,0,0,1,0,0,0,0,0,0
25,3,7,52,3,5000,55.39420346,10.36993204,273.7775,1015.61538461538,90.0576923076923,2.46153846153846,190.769230769231,0,80.7692307692308,0,0,0,0,0,1,0,1,0,1,0,0,0,0,0,0,0,0,1,0,0,0,1,0,0,0,0,0,0,0,0,1,0,0,0,0,0,0
25,3,8,53,3,5000,55.39420346,10.36993204,277.342641509434,1012.71698113208,89.5094339622642,4.64150943396226,165.849056603774,0,78.4905660377358,0,0,0,0,0,0,1,1,0,1,0,0,0,0,0,0,0,0,1,0,0,0,1,0,0,0,0,0,0,0,0,1,0,0,0,0,0,0
25,3,9,55,3,5000,55.39420346,10.36993204,278.86872727272703,1011.94545454545,92.7818181818182,3.96363636363636,217.454545454545,5.97,82.2909090909091,0,0,0,0,1,0,0,1,0,1,0,0,0,0,0,0,0,0,1,0,0,0,1,0,0,0,0,0,0,0,0,0,0,0,1,0,0,0
25,3,10,66,3,5000,55.39420346,10.36993204,280.176515151515,1022.57575757576,79.5151515151515,5.31818181818182,290.757575757576,0,51.9545454545455,1,0,0,0,0,0,0,1,0,1,0,0,0,0,0,0,0,0,1,0,0,0,1,0,0,0,0,0,0,0,0,1,0,0,0,0,0,0
25,3,11,34,3,5000,55.39420346,10.36993204,278.205588235294,1024.67647058824,91.9411764705882,2.88235294117647,125.294117647059,0,37.5588235294118,0,0,1,0,0,0,0,1,0,1,0,0,0,0,0,0,0,0,1,0,0,0,1,0,0,0,0,0,0,0,0,1,0,0,0,0,0,0
25,3,13,47,3,5000,55.39420346,10.36993204,278.560425531915,1024.3829787234,85.2553191489362,3.23404255319149,209.36170212766,0,12.2553191489362,0,1,0,0,0,0,0,1,0,1,0,0,0,0,0,0,0,0,1,0,0,0,1,0,0,0,0,0,0,0,1,0,0,0,0,0,0,0
25,3,14,47,3,5000,55.39420346,10.36993204,282.5,1022.51063829787,85.4468085106383,7.17021276595745,233.617021276596,0,72.0212765957447,0,0,0,0,0,1,0,1,0,1,0,0,0,0,0,0,0,0,1,0,0,0,1,0,0,0,0,0,0,0,0,1,0,0,0,0,0,0
25,3,15,35,3,5000,55.39420346,10.36993204,281.496857142857,1025,66.2,7.6,275.428571428571,0,32.4285714285714,0,0,0,0,0,0,1,1,0,1,0,0,0,0,0,0,0,0,1,0,0,0,1,0,0,0,0,0,0,0,1,0,0,0,0,0,0,0
25,3,16,55,3,5000,55.39420346,10.36993204,284.130181818182,1016.12727272727,75.1272727272727,5.52727272727273,225.636363636364,0,32.4545454545455,0,0,0,0,1,0,0,1,0,1,0,0,0,0,0,0,0,0,1,0,0,0,1,0,0,0,0,0,0,0,0,1,0,0,0,0,0,0
25,3,17,50,3,5000,55.39420346,10.36993204,278.8632,1004.08,85.2,7.3,258.8,0,62.02,1,0,0,0,0,0,0,1,0,1,0,0,0,0,0,0,0,0,1,0,0,0,1,0,0,0,0,0,0,0,0,1,0,0,0,0,0,0
25,3,18,40.12983093801886,3,5000,55.39420346,10.36993204,277.802519230769,1000.05769230769,82.9615384615385,9.15384615384615,310.230769230769,0,38.6538461538462,0,0,1,0,0,0,0,1,0,1,0,0,0,0,0,0,0,0,1,0,0,0,1,0,0,0,0,0,0,0,0,0,0,0,0,1,0,0
25,3,20,31,3,5000,55.39420346,10.36993204,282.377096774193,997.41935483871,93.0645161290323,5.12903225806452,197.096774193548,2.2425,78.5161290322581,0,1,0,0,0,0,0,1,0,1,0,0,0,0,0,0,0,0,1,0,0,0,1,0,0,0,0,0,0,0,0,1,0,0,0,0,0,0
25,3,21,34,3,5000,55.39420346,10.36993204,279.388529411765,1002.76470588235,86.9705882352941,8.38235294117647,244.117647058824,0,38.8235294117647,0,0,0,0,0,1,0,1,0,1,0,0,0,0,0,0,0,0,1,0,0,0,1,0,0,0,0,0,0,0,0,1,0,0,0,0,0,0
25,3,22,37,3,5000,55.39420346,10.36993204,282.024594594595,1015.16216216216,72.2432432432432,5.54054054054054,224.864864864865,0,20,0,0,0,0,0,0,1,1,0,1,0,0,0,0,0,0,0,0,1,0,0,0,1,0,0,0,0,0,0,0,1,0,0,0,0,0,0,0
25,3,23,48,3,5000,55.39420346,10.36993204,280.390833333333,1024.22916666667,76.4583333333333,3.14583333333333,40.8333333333333,0,10.1666666666667,0,0,0,0,1,0,0,1,0,1,0,0,0,0,0,0,0,0,1,0,0,0,1,0,0,0,0,0,0,0,0,0,0,0,1,0,0,0
25,3,24,63,3,5000,55.39420346,10.36993204,280.725079365079,1031.96825396825,49.1746031746032,2.82539682539683,282.380952380952,0,0,1,0,0,0,0,0,0,1,0,1,0,0,0,0,0,0,0,0,1,0,0,0,1,0,0,0,0,0,0,0,1,0,0,0,0,0,0,0
25,3,25,36,3,5000,55.39420346,10.36993204,281.651,1028.80555555556,78.6111111111111,6.27777777777778,298.777777777778,0,50.8333333333333,0,0,1,0,0,0,0,1,0,1,0,0,0,0,0,0,0,0,1,0,0,0,1,0,0,0,0,0,0,0,0,1,0,0,0,0,0,0
25,3,26,32,3,5000,55.39420346,10.36993204,280.580625,1026.34375,78.4375,2.09375,239.375,0,48.78125,0,0,0,1,0,0,0,1,0,1,0,0,0,0,0,0,0,0,1,0,0,0,1,0,0,0,0,0,0,0,1,0,0,0,0,0,0,0
25,3,27,47,3,5000,55.39420346,10.36993204,283.479787234043,1023.25531914894,78.3191489361702,5.14893617021277,247.659574468085,0,12.7659574468085,0,1,0,0,0,0,0,1,0,1,0,0,0,0,0,0,0,0,1,0,0,0,1,0,0,0,0,0,0,0,0,0,0,0,1,0,0,0
25,3,28,37,3,5000,55.39420346,10.36993204,283.237459459459,1019.91891891892,70.4054054054054,3.35135135135135,255.567567567568,0,23,0,0,0,0,0,1,0,1,0,1,0,0,0,0,0,0,0,0,1,0,0,0,1,0,0,0,0,0,0,0,0,0,0,1,0,0,0,0
25,3,29,21.865229959809223,3,5000,55.39420346,10.36993204,281.791212121212,1017.63636363636,92.2727272727273,5.27272727272727,271.515151515152,0,81.8181818181818,0,0,0,0,0,0,1,1,0,1,0,0,0,0,0,0,0,0,1,0,0,0,1,0,0,0,0,0,0,0,0,0,0,0,0,1,0,0
25,3,30,35.52840241935337,3,5000,55.39420346,10.36993204,285.196888888889,1018.6,90.0666666666667,5.71111111111111,214.222222222222,0,70.2222222222222,0,0,0,0,1,0,0,1,0,1,0,0,0,0,0,0,0,0,1,0,0,0,1,0,0,0,0,0,0,0,0,0,0,0,0,1,0,0
25,3,31,165,3,5000,55.39420346,10.36993204,288.377757575758,1012.13939393939,68.3151515151515,3.89090909090909,183.878787878788,0,17.5393939393939,1,0,0,0,0,0,0,1,0,1,0,0,0,0,0,0,0,0,1,0,0,0,1,0,0,0,0,0,0,0,0,1,0,0,0,0,0,0
25,4,1,79,3,5000,55.39420346,10.36993204,286.832658227848,1011.35443037975,73.253164556962,3.22784810126582,216.20253164557,3.74,44.6455696202532,0,0,1,0,0,0,0,1,0,1,0,0,0,0,0,0,0,0,1,0,0,0,1,0,0,0,0,0,0,0,0,0,0,0,1,0,0,0
25,4,2,42.41087766834534,3,5000,55.39420346,10.36993204,284.355967741936,1017.98387096774,80.6612903225806,4.35483870967742,265.806451612903,1.87,43.3064516129032,0,0,0,1,0,0,0,1,0,1,0,0,0,0,0,0,0,0,1,0,0,0,1,0,0,0,0,0,0,0,0,0,0,0,0,1,0,0
25,4,3,60,3,5000,55.39420346,10.36993204,282.301333333333,1026.6,66.6,2.31666666666667,249.116666666667,0,25.25,0,1,0,0,0,0,0,1,0,1,0,0,0,0,0,0,0,0,1,0,0,0,1,0,0,0,0,0,0,0,0,1,0,0,0,0,0,0
25,4,4,69,3,5000,55.39420346,10.36993204,284.620869565217,1025.05797101449,58.2753623188406,2.79710144927536,219.130434782609,0,19.1304347826087,0,0,0,0,0,1,0,1,0,1,0,0,0,0,0,0,0,0,1,0,0,0,1,0,0,0,0,0,0,0,1,0,0,0,0,0,0,0
25,4,5,63,3,5000,55.39420346,10.36993204,281.56380952381,1017.15873015873,75.1111111111111,8.25396825396825,277.777777777778,0,60.7142857142857,0,0,0,0,0,0,1,1,0,1,0,0,0,0,0,0,0,0,1,0,0,0,1,0,0,0,0,0,0,0,0,1,0,0,0,0,0,0
25,4,6,60,3,5000,55.39420346,10.36993204,281.741666666667,1020.45,76.7,7.16666666666667,280.5,0.54,65.1666666666667,0,0,0,0,1,0,0,1,0,1,0,0,0,0,0,0,0,0,1,0,0,0,1,0,0,0,0,0,0,0,1,0,0,0,0,0,0,0
25,4,7,65,3,5000,55.39420346,10.36993204,284.504615384615,1016.24615384615,80.2615384615385,8.04615384615385,288.461538461538,0,37.2307692307692,1,0,0,0,0,0,0,1,0,1,0,0,0,0,0,0,0,0,1,0,0,0,1,0,0,0,0,0,0,0,0,1,0,0,0,0,0,0
25,4,8,45,3,5000,55.39420346,10.36993204,283.134666666667,1022.04444444444,76.2444444444444,5.35555555555556,274.666666666667,0,63.3333333333333,0,0,1,0,0,0,0,1,0,1,0,0,0,0,0,0,0,0,1,0,0,0,1,0,0,0,0,0,0,0,0,1,0,0,0,0,0,0
25,4,9,26,3,5000,55.39420346,10.36993204,286.056153846154,1020.38461538462,64.3461538461538,4.30769230769231,219.615384615385,0,0,0,0,0,1,0,0,0,1,0,1,0,0,0,0,0,0,0,0,1,0,0,0,1,0,0,0,0,0,0,0,1,0,0,0,0,0,0,0
25,4,10,68,3,5000,55.39420346,10.36993204,281.822941176471,1013.39705882353,70.5147058823529,7.95588235294118,272.205882352941,0,69.0147058823529,0,1,0,0,0,0,0,1,0,1,0,0,0,0,0,0,0,0,1,0,0,0,1,0,0,0,0,0,0,0,1,0,0,0,0,0,0,0
25,4,11,63,3,5000,55.39420346,10.36993204,281.591587301587,1017.57142857143,58.8571428571429,7.76190476190476,265.079365079365,2.68,55.8412698412698,0,0,0,0,0,1,0,1,0,1,0,0,0,0,0,0,0,0,1,0,0,0,1,0,0,0,0,0,0,0,1,0,0,0,0,0,0,0
25,4,12,75,3,5000,55.39420346,10.36993204,281.547733333333,1004.12,87.8133333333333,6.6,259.066666666667,2.9,67.5333333333333,0,0,0,0,0,0,1,1,0,1,0,0,0,0,0,0,0,0,1,0,0,0,1,0,0,0,0,0,0,0,0,0,1,0,0,0,0,0
25,4,13,41.24291296233423,3,5000,55.39420346,10.36993204,281.197402701396,1011.34545454545,82.2181818181818,7.03636363636364,280.290909090909,8.57,68.2909090909091,0,0,0,0,1,0,0,1,0,1,0,0,0,0,0,0,0,0,1,0,0,0,1,0,0,0,0,0,0,0,0,0,0,0,0,1,0,0
25,4,14,30.98668390837265,3,5000,55.39420346,10.36993204,281.993404255319,1009.25531914894,84.2978723404255,4.38297872340426,264.893617021277,0.11,68.0212765957447,1,0,0,0,0,0,0,1,0,1,0,0,0,0,0,0,0,0,1,0,0,0,1,0,0,0,0,0,0,0,0,0,0,0,0,1,0,0
25,4,15,44,3,5000,55.39420346,10.36993204,279.913409090909,1003.09090909091,89.8636363636364,6.38636363636364,285.454545454545,4.935,64.1136363636364,0,0,1,0,0,0,0,1,0,1,0,0,0,0,0,0,0,0,1,0,0,0,1,0,0,0,0,0,0,0,0,1,0,0,0,0,0,0
25,4,16,2.128584786644206,3,5000,55.39420346,10.36993204,277.15,1013.33333333333,90.6666666666667,2,76.6666666666667,0,29.3333333333333,0,0,0,1,0,0,0,1,0,1,0,0,0,0,0,0,0,0,1,0,0,0,1,0,0,0,0,0,0,0,0,0,0,0,0,1,0,0
25,4,18,55,3,5000,55.39420346,10.36993204,277.869272727273,1031.36363636364,54.1818181818182,5.67272727272727,29.8181818181818,0,28.2181818181818,0,0,0,0,0,1,0,1,0,1,0,0,0,0,0,0,0,0,1,0,0,0,1,0,0,0,0,0,0,0,0,1,0,0,0,0,0,0
25,4,19,59,3,5000,55.39420346,10.36993204,279.023389830509,1036.15254237288,56.2033898305085,1.6271186440678,176.610169491525,0,21.3559322033898,0,0,0,0,0,0,1,1,0,1,0,0,0,0,0,0,0,0,1,0,0,0,1,0,0,0,0,0,0,0,0,1,0,0,0,0,0,0
25,4,20,56,3,5000,55.39420346,10.36993204,280.7475,1030.83928571429,73.3571428571429,5.92857142857143,242.321428571429,0,69.8214285714286,0,0,0,0,1,0,0,1,0,1,0,0,0,0,0,0,0,0,1,0,0,0,1,0,0,0,0,0,0,0,1,0,0,0,0,0,0,0
25,4,21,59,3,5000,55.39420346,10.36993204,282.705084745763,1017.30508474576,89.271186440678,7.54237288135593,259.830508474576,0,79.1864406779661,1,0,0,0,0,0,0,1,0,1,0,0,0,0,0,0,0,0,1,0,0,0,1,0,0,0,0,0,0,0,0,1,0,0,0,0,0,0
25,4,22,49,3,5000,55.39420346,10.36993204,281.375306122449,1014.71428571429,64.5510204081633,8.75510204081633,290.408163265306,0,25.6530612244898,0,0,1,0,0,0,0,1,0,1,0,0,0,0,0,0,0,0,1,0,0,0,1,0,0,0,0,0,0,0,1,0,0,0,0,0,0,0
25,4,23,39,3,5000,55.39420346,10.36993204,280.648717948718,1016.30769230769,49.9487179487179,8.51282051282051,290.25641025641,0,11.5128205128205,0,0,0,1,0,0,0,1,0,1,0,0,0,0,0,0,0,0,1,0,0,0,1,0,0,0,0,0,0,0,0,1,0,0,0,0,0,0
25,4,24,46,3,5000,55.39420346,10.36993204,281.034130434783,1004.26086956522,70.7391304347826,8.78260869565217,259.782608695652,0,52.8260869565217,0,1,0,0,0,0,0,1,0,1,0,0,0,0,0,0,0,0,1,0,0,0,1,0,0,0,0,0,0,0,0,1,0,0,0,0,0,0
25,4,25,40,3,5000,55.39420346,10.36993204,278.32825,1002.25,76.975,4.725,257.5,0,60.175,0,0,0,0,0,1,0,1,0,1,0,0,0,0,0,0,0,0,1,0,0,0,1,0,0,0,0,0,0,0,0,1,0,0,0,0,0,0
25,4,26,59,3,5000,55.39420346,10.36993204,279.665118644068,1010.98305084746,74.2881355932203,2.47457627118644,194.915254237288,0,49.8305084745763,0,0,0,0,0,0,1,1,0,1,0,0,0,0,0,0,0,0,1,0,0,0,1,0,0,0,0,0,0,0,0,1,0,0,0,0,0,0
25,4,27,57,3,5000,55.39420346,10.36993204,279.63350877193,1011.17543859649,81.8245614035088,4.89473684210526,222.456140350877,0,53.5087719298246,0,0,0,0,1,0,0,1,0,1,0,0,0,0,0,0,0,0,1,0,0,0,1,0,0,0,0,0,0,0,0,1,0,0,0,0,0,0
25,4,28,124,3,5000,55.39420346,10.36993204,281.124677419355,1010.36290322581,81.6370967741936,3.08870967741935,208.145161290323,0,71.4596774193548,1,0,0,0,0,0,0,1,0,1,0,0,0,0,0,0,0,0,1,0,0,0,1,0,0,0,0,0,0,0,0,1,0,0,0,0,0,0
25,4,29,46.2653641612269,3,5000,55.39420346,10.36993204,280.360285714286,1017.11428571429,80.3571428571429,2.61428571428571,83.5714285714286,0,38.6428571428571,0,0,1,0,0,0,0,1,0,1,0,0,0,0,0,0,0,0,1,0,0,0,1,0,0,0,0,0,0,0,0,0,0,0,0,1,0,0
25,4,30,55,3,5000,55.39420346,10.36993204,282.341818181818,1019.45454545455,67.2909090909091,7.4,109.090909090909,0,10.5454545454545,0,0,0,1,0,0,0,1,0,1,0,0,0,0,0,0,0,0,1,0,0,0,1,0,0,0,0,0,0,0,1,0,0,0,0,0,0,0
25,5,1,64,3,5000,55.39420346,10.36993204,283.86171875,1019.953125,56.96875,9.171875,97.1875,0,0,0,1,0,0,0,0,0,1,0,1,0,0,0,0,0,0,0,0,1,0,0,0,1,0,0,0,0,0,0,0,1,0,0,0,0,0,0,0
25,5,2,1,3,5000,55.39420346,10.36993204,282.15,1025,70,6,70,0,0,0,0,0,0,0,1,0,1,0,1,0,0,0,0,0,0,0,0,1,0,0,0,1,0,0,0,0,0,0,0,1,0,0,0,0,0,0,0
25,5,3,6,3,5000,55.39420346,10.36993204,286.433333333333,1028,45,6.66666666666667,56.6666666666667,0,0,0,0,0,0,0,0,1,1,0,1,0,0,0,0,0,0,0,0,1,0,0,0,1,0,0,0,0,0,0,0,1,0,0,0,0,0,0,0
25,5,4,39,3,5000,55.39420346,10.36993204,284.114615384615,1027.23076923077,60.5641025641026,9.25641025641026,32.8205128205128,0,0,0,0,0,0,1,0,0,1,0,1,0,0,0,0,0,0,0,0,1,0,0,0,1,0,0,0,0,0,0,0,1,0,0,0,0,0,0,0
25,5,5,58,3,5000,55.39420346,10.36993204,282.756034482759,1023.63793103448,78.7586206896552,6.06896551724138,34.8275862068966,0,43.6034482758621,1,0,0,0,0,0,0,1,0,1,0,0,0,0,0,0,0,0,1,0,0,0,1,0,0,0,0,0,0,0,1,0,0,0,0,0,0,0
25,5,6,40,3,5000,55.39420346,10.36993204,284.0225,1016.95,73.15,1.3,126.5,0,49.8,0,0,1,0,0,0,0,1,0,1,0,0,0,0,0,0,0,0,1,0,0,0,1,0,0,0,0,0,0,0,0,1,0,0,0,0,0,0
25,5,7,28,3,5000,55.39420346,10.36993204,288.803571428571,1012.89285714286,53.4642857142857,2,167.857142857143,0,10.0357142857143,0,0,0,1,0,0,0,1,0,1,0,0,0,0,0,0,0,0,1,0,0,0,1,0,0,0,0,0,0,0,1,0,0,0,0,0,0,0
25,5,8,49,3,5000,55.39420346,10.36993204,281.142857142857,1021.51020408163,51.2857142857143,6.46938775510204,30,0,13.2040816326531,0,1,0,0,0,0,0,1,0,1,0,0,0,0,0,0,0,0,1,0,0,0,1,0,0,0,0,0,0,0,0,1,0,0,0,0,0,0
25,5,9,57,3,5000,55.39420346,10.36993204,281.850175438597,1016.80701754386,77.2456140350877,3.36842105263158,222.456140350877,3.98,71.3859649122807,0,0,0,0,0,1,0,1,0,1,0,0,0,0,0,0,0,0,1,0,0,0,1,0,0,0,0,0,0,0,1,0,0,0,0,0,0,0
25,5,10,49,3,5000,55.39420346,10.36993204,281.489795918367,1006.65306122449,93.0816326530612,3.02040816326531,270.204081632653,0,74.6326530612245,0,0,0,0,0,0,1,1,0,1,0,0,0,0,0,0,0,0,1,0,0,0,1,0,0,0,0,0,0,0,0,1,0,0,0,0,0,0
25,5,11,64,3,5000,55.39420346,10.36993204,284.41890625,1005.25,75.828125,3.359375,118.4375,0,47.03125,0,0,0,0,1,0,0,1,0,1,0,0,0,0,0,0,0,0,1,0,0,0,1,0,0,0,0,0,0,0,0,1,0,0,0,0,0,0
25,5,12,25.881478245719336,3,5000,55.39420346,10.36993204,284.854,1006.8,76.8,6.28571428571429,100.857142857143,2.057,36.7428571428571,1,0,0,0,0,0,0,1,0,1,0,0,0,0,0,0,0,0,1,0,0,0,1,0,0,0,0,0,0,0,0,0,0,0,0,1,0,0
25,5,13,28.29267516927794,3,5000,55.39420346,10.36993204,287.45,1011.47222222222,87.0833333333333,3,120.833333333333,4.65,47.6666666666667,0,0,1,0,0,0,0,1,0,1,0,0,0,0,0,0,0,0,1,0,0,0,1,0,0,0,0,0,0,0,0,0,0,0,0,1,0,0
25,5,14,24,3,5000,55.39420346,10.36993204,288.8375,1018.66666666667,70.625,3.20833333333333,221.375,0,43.0416666666667,0,0,0,1,0,0,0,1,0,1,0,0,0,0,0,0,0,0,1,0,0,0,1,0,0,0,0,0,0,0,0,0,0,1,0,0,0,0
25,5,15,42,3,5000,55.39420346,10.36993204,289.665714285714,1027.21428571429,56.5714285714286,3.19047619047619,263.571428571429,0,24.1666666666667,0,1,0,0,0,0,0,1,0,1,0,0,0,0,0,0,0,0,1,0,0,0,1,0,0,0,0,0,0,0,0,1,0,0,0,0,0,0
25,5,16,23.28796536149457,3,5000,55.39420346,10.36993204,286.445294117647,1026.08823529412,96.2941176470588,4.97058823529412,162.058823529412,0,81.6176470588235,0,0,0,0,0,1,0,1,0,1,0,0,0,0,0,0,0,0,1,0,0,0,1,0,0,0,0,0,0,0,0,0,0,0,0,1,0,0
25,5,17,41,3,5000,55.39420346,10.36993204,292.670975609756,1020.29268292683,84.0487804878049,2.02439024390244,139.756097560976,0,7.60975609756098,0,0,0,0,0,0,1,1,0,1,0,0,0,0,0,0,0,0,1,0,0,0,1,0,0,0,0,0,0,0,0,1,0,0,0,0,0,0
25,5,18,41,3,5000,55.39420346,10.36993204,292.338292682927,1010.43902439024,76.390243902439,4.82926829268293,236.829268292683,0,37.7560975609756,0,0,0,0,1,0,0,1,0,1,0,0,0,0,0,0,0,0,1,0,0,0,1,0,0,0,0,0,0,0,1,0,0,0,0,0,0,0
25,5,19,48,3,5000,55.39420346,10.36993204,289.837083333333,1010.64583333333,90.9791666666667,2.625,58.5416666666667,0,47.0416666666667,1,0,0,0,0,0,0,1,0,1,0,0,0,0,0,0,0,0,1,0,0,0,1,0,0,0,0,0,0,0,0,0,0,0,1,0,0,0
25,5,20,47,3,5000,55.39420346,10.36993204,287.008510638298,1023.06382978723,75.1276595744681,5.42553191489362,263.617021276596,0,26.063829787234,0,0,1,0,0,0,0,1,0,1,0,0,0,0,0,0,0,0,1,0,0,0,1,0,0,0,0,0,0,0,0,1,0,0,0,0,0,0
25,5,21,27,3,5000,55.39420346,10.36993204,289.291481481481,1025.51851851852,58.7407407407407,3.96296296296296,251.851851851852,0,19.4444444444444,0,0,0,1,0,0,0,1,0,1,0,0,0,0,0,0,0,0,1,0,0,0,1,0,0,0,0,0,0,0,1,0,0,0,0,0,0,0
25,5,22,41,3,5000,55.39420346,10.36993204,289.450243902439,1020.70731707317,59.7073170731707,1.14634146341463,158.536585365854,0,20.6341463414634,0,1,0,0,0,0,0,1,0,1,0,0,0,0,0,0,0,0,1,0,0,0,1,0,0,0,0,0,0,0,0,0,0,1,0,0,0,0
25,5,23,53,3,5000,55.39420346,10.36993204,290.643773584906,1013.2641509434,68.4150943396226,3.32075471698113,188.867924528302,0,53.7735849056604,0,0,0,0,0,1,0,1,0,1,0,0,0,0,0,0,0,0,1,0,0,0,1,0,0,0,0,0,0,0,1,0,0,0,0,0,0,0
25,5,24,54,3,5000,55.39420346,10.36993204,289.552777777778,1018.11111111111,54.8518518518519,7.11111111111111,294.074074074074,0,24.6296296296296,0,0,0,0,0,0,1,1,0,1,0,0,0,0,0,0,0,0,1,0,0,0,1,0,0,0,0,0,0,0,0,1,0,0,0,0,0,0
25,5,25,25,3,5000,55.39420346,10.36993204,291.7112,1020.08,63.96,5.36,302.8,0,4.8,0,0,0,0,1,0,0,1,0,1,0,0,0,0,0,0,0,0,1,0,0,0,1,0,0,0,0,0,0,0,0,1,0,0,0,0,0,0
25,5,26,32,3,5000,55.39420346,10.36993204,292.605625,1021.65625,64.1875,2.3125,247.1875,0,4.375,1,0,0,0,0,0,0,1,0,1,0,0,0,0,0,0,0,0,1,0,0,0,1,0,0,0,0,0,0,0,1,0,0,0,0,0,0,0
25,5,27,26,3,5000,55.39420346,10.36993204,294.106538461538,1020.46153846154,55.8461538461538,4.42307692307692,165,0,0,0,0,1,0,0,0,0,1,0,1,0,0,0,0,0,0,0,0,1,0,0,0,1,0,0,0,0,0,0,0,0,0,0,1,0,0,0,0
25,5,28,24,3,5000,55.39420346,10.36993204,292.41,1014.79166666667,72.25,5.625,230.833333333333,0,29.7916666666667,0,0,0,1,0,0,0,1,0,1,0,0,0,0,0,0,0,0,1,0,0,0,1,0,0,0,0,0,0,0,1,0,0,0,0,0,0,0
25,5,29,46,3,5000,55.39420346,10.36993204,287.719130434783,1013.19565217391,92.0434782608696,3.28260869565217,254.782608695652,0,79.8695652173913,0,1,0,0,0,0,0,1,0,1,0,0,0,0,0,0,0,0,1,0,0,0,1,0,0,0,0,0,0,0,0,0,0,0,1,0,0,0
25,5,30,47,3,5000,55.39420346,10.36993204,291.491489361702,1009.14893617021,88.4255319148936,4,194.893617021277,0,72.6595744680851,0,0,0,0,0,1,0,1,0,1,0,0,0,0,0,0,0,0,1,0,0,0,1,0,0,0,0,0,0,0,0,0,0,0,0,0,0,1
25,5,31,106,3,5000,55.39420346,10.36993204,287.159150943396,1015.53773584906,67.2641509433962,9,275.283018867925,0,54.622641509434,0,0,0,0,0,0,1,1,0,1,0,0,0,0,0,0,0,0,1,0,0,0,1,0,0,0,0,0,0,0,0,1,0,0,0,0,0,0
25,6,1,83,3,5000,55.39420346,10.36993204,289.013734939759,1019.67469879518,51.710843373494,6.54216867469879,283.253012048193,0,8.72289156626506,0,0,0,0,1,0,0,1,0,1,0,0,0,0,0,0,0,0,1,0,0,0,1,0,0,0,0,0,0,0,0,1,0,0,0,0,0,0
25,6,2,80,3,5000,55.39420346,10.36993204,291.64625,1018.2,52.3375,1.675,117.625,0,22.125,1,0,0,0,0,0,0,1,0,1,0,0,0,0,0,0,0,0,1,0,0,0,1,0,0,0,0,0,0,0,0,1,0,0,0,0,0,0
25,6,3,46,3,5000,55.39420346,10.36993204,291.142826086957,1012.97826086957,61.9782608695652,3.54347826086957,148.913043478261,0,7.47826086956522,0,0,1,0,0,0,0,1,0,1,0,0,0,0,0,0,0,0,1,0,0,0,1,0,0,0,0,0,0,0,0,1,0,0,0,0,0,0
25,6,4,41,3,5000,55.39420346,10.36993204,288.527317073171,1010.29268292683,79.3170731707317,4.31707317073171,270.487804878049,0.495,40.5365853658537,0,0,0,1,0,0,0,1,0,1,0,0,0,0,0,0,0,0,1,0,0,0,1,0,0,0,0,0,0,0,0,1,0,0,0,0,0,0
25,6,5,39,3,5000,55.39420346,10.36993204,291.172564102564,1011.30769230769,56.5897435897436,5.53846153846154,223.589743589744,0,38.3333333333333,0,1,0,0,0,0,0,1,0,1,0,0,0,0,0,0,0,0,1,0,0,0,1,0,0,0,0,0,0,0,1,0,0,0,0,0,0,0
25,6,6,54,3,5000,55.39420346,10.36993204,292.365,1000.92592592593,69.1851851851852,6.44444444444444,124.074074074074,0,43.2407407407407,0,0,0,0,0,1,0,1,0,1,0,0,0,0,0,0,0,0,1,0,0,0,1,0,0,0,0,0,0,0,1,0,0,0,0,0,0,0
25,6,7,51,3,5000,55.39420346,10.36993204,285.108039215686,1001.23529411765,92.078431372549,6.25490196078431,199.607843137255,0,78,0,0,0,0,0,0,1,1,0,1,0,0,0,0,0,0,0,0,1,0,0,0,1,0,0,0,0,0,0,0,0,1,0,0,0,0,0,0
25,6,8,48,3,5000,55.39420346,10.36993204,287.687083333333,1011.91666666667,81.9791666666667,5.20833333333333,203.125,0,58.875,0,0,0,0,1,0,0,1,0,1,0,0,0,0,0,0,0,0,1,0,0,0,1,0,0,0,0,0,0,0,0,1,0,0,0,0,0,0
25,6,9,76,3,5000,55.39420346,10.36993204,290.833552631579,1009.17105263158,84.5657894736842,3.39473684210526,128.157894736842,1.625,55.8684210526316,1,0,0,0,0,0,0,1,0,1,0,0,0,0,0,0,0,0,1,0,0,0,1,0,0,0,0,0,0,0,1,0,0,0,0,0,0,0
25,6,10,44,3,5000,55.39420346,10.36993204,290.928409090909,1017.75,70.2954545454545,3.77272727272727,231.590909090909,0,41.3636363636364,0,0,1,0,0,0,0,1,0,1,0,0,0,0,0,0,0,0,1,0,0,0,1,0,0,0,0,0,0,0,0,1,0,0,0,0,0,0
25,6,11,39,3,5000,55.39420346,10.36993204,293.665897435897,1012.46153846154,75.025641025641,5.1025641025641,213.333333333333,2.985,38.0512820512821,0,0,0,1,0,0,0,1,0,1,0,0,0,0,0,0,0,0,1,0,0,0,1,0,0,0,0,0,0,0,0,1,0,0,0,0,0,0
25,6,12,51,3,5000,55.39420346,10.36993204,288.51,1006.8431372549,79.2549019607843,8.70588235294118,248.627450980392,0,57.3529411764706,0,1,0,0,0,0,0,1,0,1,0,0,0,0,0,0,0,0,1,0,0,0,1,0,0,0,0,0,0,0,0,1,0,0,0,0,0,0
25,6,13,30,3,5000,55.39420346,10.36993204,288.269333333333,1013.53333333333,78.9333333333333,6.1,273,0,49.8333333333333,0,0,0,0,0,1,0,1,0,1,0,0,0,0,0,0,0,0,1,0,0,0,1,0,0,0,0,0,0,0,0,1,0,0,0,0,0,0
25,6,14,46,3,5000,55.39420346,10.36993204,291.075434782609,1017.91304347826,72.0652173913043,4.93478260869565,280.434782608696,0,44.6739130434783,0,0,0,0,0,0,1,1,0,1,0,0,0,0,0,0,0,0,1,0,0,0,1,0,0,0,0,0,0,0,0,1,0,0,0,0,0,0
25,6,15,49,3,5000,55.39420346,10.36993204,292.381224489796,1012.97959183673,69.0612244897959,3.53061224489796,168.571428571429,1.98,59.9387755102041,0,0,0,0,1,0,0,1,0,1,0,0,0,0,0,0,0,0,1,0,0,0,1,0,0,0,0,0,0,0,1,0,0,0,0,0,0,0
25,6,16,63,3,5000,55.39420346,10.36993204,289.490952380952,1011.15873015873,73.3968253968254,7.84126984126984,273.968253968254,0,43.1746031746032,1,0,0,0,0,0,0,1,0,1,0,0,0,0,0,0,0,0,1,0,0,0,1,0,0,0,0,0,0,0,1,0,0,0,0,0,0,0
25,6,17,39,3,5000,55.39420346,10.36993204,291.128717948718,1020.48717948718,67.025641025641,5.33333333333333,287.435897435897,0,15.2820512820513,0,0,1,0,0,0,0,1,0,1,0,0,0,0,0,0,0,0,1,0,0,0,1,0,0,0,0,0,0,0,0,1,0,0,0,0,0,0
25,6,18,25,3,5000,55.39420346,10.36993204,294.7272,1023,76.28,3.4,269.6,0,17.6,0,0,0,1,0,0,0,1,0,1,0,0,0,0,0,0,0,0,1,0,0,0,1,0,0,0,0,0,0,0,1,0,0,0,0,0,0,0
25,6,19,45,3,5000,55.39420346,10.36993204,296.378444444444,1019.55555555556,69.4666666666667,2.51111111111111,240.666666666667,0,23.8222222222222,0,1,0,0,0,0,0,1,0,1,0,0,0,0,0,0,0,0,1,0,0,0,1,0,0,0,0,0,0,0,0,0,0,0,1,0,0,0
25,6,20,48,3,5000,55.39420346,10.36993204,290.348958333333,1017.875,56.7916666666667,6.8125,300.833333333333,0,22.0833333333333,0,0,0,0,0,1,0,1,0,1,0,0,0,0,0,0,0,0,1,0,0,0,1,0,0,0,0,0,0,0,0,1,0,0,0,0,0,0
25,6,21,56,3,5000,55.39420346,10.36993204,289.467785714286,1017.625,64.875,4.28571428571429,282.964285714286,0,45.75,0,0,0,0,0,0,1,1,0,1,0,0,0,0,0,0,0,0,1,0,0,0,1,0,0,0,0,0,0,0,0,1,0,0,0,0,0,0
25,6,22,35.18772720017005,3,5000,55.39420346,10.36993204,291.612276805064,1007.50980392157,84.5098039215686,2.27450980392157,130.274509803922,0.13,60.7450980392157,0,0,0,0,1,0,0,1,0,1,0,0,0,0,0,0,0,0,1,0,0,0,1,0,0,0,0,0,0,0,0,0,0,0,0,1,0,0
25,6,23,52,3,5000,55.39420346,10.36993204,290.595192307692,1007.5,88.7115384615385,5.01923076923077,277.115384615385,0,81.5769230769231,1,0,0,0,0,0,0,1,0,1,0,0,0,0,0,0,0,0,1,0,0,0,1,0,0,0,0,0,0,0,0,0,0,0,1,0,0,0
25,6,24,25,3,5000,55.39420346,10.36993204,288.8984,1006.04,87.84,5.2,253.2,0,54.2,0,0,1,0,0,0,0,1,0,1,0,0,0,0,0,0,0,0,1,0,0,0,1,0,0,0,0,0,0,0,0,0,1,0,0,0,0,0
25,6,25,27.76644969424233,3,5000,55.39420346,10.36993204,288.665833333333,1004.80555555556,67.1944444444444,6.44444444444444,246.666666666667,0.2,44.2777777777778,0,0,0,1,0,0,0,1,0,1,0,0,0,0,0,0,0,0,1,0,0,0,1,0,0,0,0,0,0,0,0,0,0,0,0,1,0,0
25,6,26,52,3,5000,55.39420346,10.36993204,288.481538461538,1008.90384615385,64.5961538461538,6.69230769230769,268.653846153846,0,44.0384615384615,0,1,0,0,0,0,0,1,0,1,0,0,0,0,0,0,0,0,1,0,0,0,1,0,0,0,0,0,0,0,1,0,0,0,0,0,0,0
25,6,27,40,3,5000,55.39420346,10.36993204,289.4785,1011.525,53.35,2.3,177.5,0,21.5,0,0,0,0,0,1,0,1,0,1,0,0,0,0,0,0,0,0,1,0,0,0,1,0,0,0,0,0,0,0,0,1,0,0,0,0,0,0
25,6,28,43,3,5000,55.39420346,10.36993204,290.296046511628,1003.32558139535,75.4186046511628,5.86046511627907,85.5813953488372,0,21.5348837209302,0,0,0,0,0,0,1,1,0,1,0,0,0,0,0,0,0,0,1,0,0,0,1,0,0,0,0,0,0,0,0,1,0,0,0,0,0,0
25,6,29,49,3,5000,55.39420346,10.36993204,288.87387755102,996.836734693878,95.5714285714286,2.3469387755102,136.938775510204,0,85.7142857142857,0,0,0,0,1,0,0,1,0,1,0,0,0,0,0,0,0,0,1,0,0,0,1,0,0,0,0,0,0,0,0,0,0,0,1,0,0,0
25,6,30,119,3,5000,55.39420346,10.36993204,287.453781512605,997.27731092437,93.0588235294118,4.53781512605042,44.6218487394958,0,86.9747899159664,1,0,0,0,0,0,0,1,0,1,0,0,0,0,0,0,0,0,1,0,0,0,1,0,0,0,0,0,0,0,0,0,1,0,0,0,0,0
25,7,1,63,3,5000,55.39420346,10.36993204,292.196825396825,1005.28571428571,73.5396825396825,4.57142857142857,227.460317460317,0,29.7142857142857,0,0,1,0,0,0,0,1,0,1,0,0,0,0,0,0,0,0,1,0,0,0,1,0,0,0,0,0,0,0,0,0,1,0,0,0,0,0
25,7,2,9,3,5000,55.39420346,10.36993204,288.494387545031,1010.44444444444,88.4444444444444,4.33333333333333,253.666666666667,0,50.8888888888889,0,0,0,1,0,0,0,1,0,1,0,0,0,0,0,0,0,0,1,0,0,0,1,0,0,0,0,0,0,0,1,0,0,0,0,0,0,0
47,1,1,34,157,1850,55.67743108,12.53669761,278.170882352941,1009.32352941176,87.7941176470588,4.44117647058824,278.235294117647,0,48.5294117647059,0,0,0,1,0,0,0,1,0,0,1,0,0,1,0,0,0,0,0,0,0,0,0,1,0,0,0,0,0,0,0,0,0,0,1,0,0,0
47,1,2,27,157,1850,55.67743108,12.53669761,273.678888888889,1013.37037037037,73.6296296296296,3.40740740740741,306.666666666667,0,19.2592592592593,0,1,0,0,0,0,0,1,0,0,1,0,0,1,0,0,0,0,0,0,0,0,0,1,0,0,0,0,0,0,0,1,0,0,0,0,0,0
47,1,3,12.45562571901828,157,1850,55.67743108,12.53669761,277.808125,1001.6875,93.1875,6.375,245.625,0,75,0,0,0,0,0,1,0,1,0,0,1,0,0,1,0,0,0,0,0,0,0,0,0,1,0,0,0,0,0,0,0,0,0,0,0,1,0,0
47,1,4,26,157,1850,55.67743108,12.53669761,274.558461538462,999.346153846154,64,10.2692307692308,220,0,58.8461538461538,0,0,0,0,0,0,1,1,0,0,1,0,0,1,0,0,0,0,0,0,0,0,0,1,0,0,0,0,0,0,0,1,0,0,0,0,0,0
47,1,5,31,157,1850,55.67743108,12.53669761,266.447741935484,1033.77419354839,52.5806451612903,7,23.2258064516129,0,24.6774193548387,0,0,0,0,1,0,0,1,0,0,1,0,0,1,0,0,0,0,0,0,0,0,0,1,0,0,0,0,0,0,0,1,0,0,0,0,0,0
47,1,6,25,157,1850,55.67743108,12.53669761,267.3204,1039.68,60.76,1.84,166.8,0,44.2,1,0,0,0,0,0,0,1,0,0,1,0,0,1,0,0,0,0,0,0,0,0,0,1,0,0,0,0,0,0,1,0,0,0,0,0,0,0
47,1,7,39,157,1850,55.67743108,12.53669761,273.815641025641,1020.25641025641,96.5641025641026,5.23076923076923,257.435897435897,0,77.3076923076923,0,0,1,0,0,0,0,1,0,0,1,0,0,1,0,0,0,0,0,0,0,0,0,1,0,0,0,0,0,0,0,0,0,0,0,0,1,0
47,1,8,20,157,1850,55.67743108,12.53669761,271.9085,1029.25,97.6,2,211.5,0,78.75,0,0,0,1,0,0,0,1,0,0,1,0,0,1,0,0,0,0,0,0,0,0,0,1,0,0,0,0,0,0,0,0,0,0,1,0,0,0
47,1,9,36,157,1850,55.67743108,12.53669761,275.496388888889,1020.25,96.3333333333333,4.52777777777778,228.055555555556,0,82.5,0,1,0,0,0,0,0,1,0,0,1,0,0,1,0,0,0,0,0,0,0,0,0,1,0,0,0,0,0,0,0,0,0,0,1,0,0,0
47,1,10,30,157,1850,55.67743108,12.53669761,274.161,1010.3,95.8666666666667,7.9,173,0,75.5,0,0,0,0,0,1,0,1,0,0,1,0,0,1,0,0,0,0,0,0,0,0,0,1,0,0,0,0,0,0,0,1,0,0,0,0,0,0
47,1,11,8.743752808682622,157,1850,55.67743108,12.53669761,275.091666666667,991.166666666667,93.5833333333333,10.9166666666667,206.666666666667,0,62.9166666666667,0,0,0,0,0,0,1,1,0,0,1,0,0,1,0,0,0,0,0,0,0,0,0,1,0,0,0,0,0,0,0,0,0,0,0,1,0,0
47,1,12,27,157,1850,55.67743108,12.53669761,276.011481481481,992.62962962963,86.037037037037,9.11111111111111,249.259259259259,0,29.2592592592593,0,0,0,0,1,0,0,1,0,0,1,0,0,1,0,0,0,0,0,0,0,0,0,1,0,0,0,0,0,0,0,1,0,0,0,0,0,0
47,1,13,25,157,1850,55.67743108,12.53669761,273.6136,991.64,99.72,1.96,314,0,70,1,0,0,0,0,0,0,1,0,0,1,0,0,1,0,0,0,0,0,0,0,0,0,1,0,0,0,0,0,0,0,0,0,0,1,0,0,0
47,1,14,21,157,1850,55.67743108,12.53669761,274.066666666667,998.857142857143,99.4285714285714,3.28571428571429,254.285714285714,0,68.6666666666667,0,0,1,0,0,0,0,1,0,0,1,0,0,1,0,0,0,0,0,0,0,0,0,1,0,0,0,0,0,0,0,0,0,0,1,0,0,0
47,1,15,19,157,1850,55.67743108,12.53669761,271.308947368421,1017.21052631579,83.1578947368421,3.84210526315789,329.473684210526,0,13.9473684210526,0,0,0,1,0,0,0,1,0,0,1,0,0,1,0,0,0,0,0,0,0,0,0,1,0,0,0,0,0,0,0,1,0,0,0,0,0,0
47,1,16,22,157,1850,55.67743108,12.53669761,271.363636363636,1026.27272727273,89.5909090909091,4.72727272727273,330.909090909091,0,30,0,1,0,0,0,0,0,1,0,0,1,0,0,1,0,0,0,0,0,0,0,0,0,1,0,0,0,0,0,0,1,0,0,0,0,0,0,0
47,1,17,18,157,1850,55.67743108,12.53669761,271.011111111111,1036.61111111111,78.6111111111111,1.77777777777778,189.444444444444,0,70.8333333333333,0,0,0,0,0,1,0,1,0,0,1,0,0,1,0,0,0,0,0,0,0,0,0,1,0,0,0,0,0,0,0,1,0,0,0,0,0,0
47,1,18,28,157,1850,55.67743108,12.53669761,275.111071428571,1035.39285714286,93.75,6.35714285714286,246.785714285714,0,75,0,0,0,0,0,0,1,1,0,0,1,0,0,1,0,0,0,0,0,0,0,0,0,1,0,0,0,0,0,0,0,0,0,0,1,0,0,0
47,1,19,18,157,1850,55.67743108,12.53669761,277.379444444444,1033.16666666667,96.2222222222222,4.38888888888889,249.444444444444,0,81.6666666666667,0,0,0,0,1,0,0,1,0,0,1,0,0,1,0,0,0,0,0,0,0,0,0,1,0,0,0,0,0,0,0,0,0,0,1,0,0,0
47,1,20,18,157,1850,55.67743108,12.53669761,279.490555555556,1030.16666666667,82.3888888888889,5.72222222222222,276.111111111111,0,17.5,1,0,0,0,0,0,0,1,0,0,1,0,0,1,0,0,0,0,0,0,0,0,0,1,0,0,0,0,0,0,0,0,0,0,1,0,0,0
47,1,21,18.950691537873354,157,1850,55.67743108,12.53669761,275.491851851852,1030.48148148148,100,0.740740740740741,265.185185185185,0,90,0,0,1,0,0,0,0,1,0,0,1,0,0,1,0,0,0,0,0,0,0,0,0,1,0,0,0,0,0,0,0,0,0,0,0,1,0,0
47,1,22,11,157,1850,55.67743108,12.53669761,275.662727272727,1027.63636363636,98.7272727272727,2.36363636363636,197.272727272727,0,83.1818181818182,0,0,0,1,0,0,0,1,0,0,1,0,0,1,0,0,0,0,0,0,0,0,0,1,0,0,0,0,0,0,0,0,0,0,1,0,0,0
47,1,23,8,157,1850,55.67743108,12.53669761,274.28,1022.375,91.75,3.5,265,0,70.375,0,1,0,0,0,0,0,1,0,0,1,0,0,1,0,0,0,0,0,0,0,0,0,1,0,0,0,0,0,0,0,0,0,0,1,0,0,0
47,1,24,26,157,1850,55.67743108,12.53669761,276.110538461538,1031.34615384615,93,3.92307692307692,273.115384615385,1.45,81.9615384615385,0,0,0,0,0,1,0,1,0,0,1,0,0,1,0,0,0,0,0,0,0,0,0,1,0,0,0,0,0,0,0,0,0,0,1,0,0,0
47,1,25,20,157,1850,55.67743108,12.53669761,274.6012,1038.9,94.65,4.3,259.8,0,44.3,0,0,0,0,0,0,1,1,0,0,1,0,0,1,0,0,0,0,0,0,0,0,0,1,0,0,0,0,0,0,1,0,0,0,0,0,0,0
47,1,26,31,157,1850,55.67743108,12.53669761,273.603870967742,1030.93548387097,97.1290322580645,1.67741935483871,173.870967741935,0,75.9677419354839,0,0,0,0,1,0,0,1,0,0,1,0,0,1,0,0,0,0,0,0,0,0,0,1,0,0,0,0,0,0,0,0,0,0,1,0,0,0
47,1,27,43,157,1850,55.67743108,12.53669761,274.441395348837,1023.6511627907,83.0232558139535,4,147.209302325581,0,2.67441860465116,1,0,0,0,0,0,0,1,0,0,1,0,0,1,0,0,0,0,0,0,0,0,0,1,0,0,0,0,0,0,0,0,0,0,1,0,0,0
47,1,28,24,157,1850,55.67743108,12.53669761,274.782916666667,1020.125,81.0833333333333,3.58333333333333,133.333333333333,0,1.66666666666667,0,0,1,0,0,0,0,1,0,0,1,0,0,1,0,0,0,0,0,0,0,0,0,1,0,0,0,0,0,0,0,0,0,0,1,0,0,0
47,1,29,15,157,1850,55.67743108,12.53669761,275.508666666667,1016,99.0666666666667,3.66666666666667,203.333333333333,0,79,0,0,0,1,0,0,0,1,0,0,1,0,0,1,0,0,0,0,0,0,0,0,0,1,0,0,0,0,0,0,0,0,0,0,1,0,0,0
47,1,30,26,157,1850,55.67743108,12.53669761,275.642692307692,1016.61538461538,94.8846153846154,2.53846153846154,116.923076923077,0,70.8846153846154,0,1,0,0,0,0,0,1,0,0,1,0,0,1,0,0,0,0,0,0,0,0,0,1,0,0,0,0,0,0,0,0,0,0,1,0,0,0
47,1,31,41,157,1850,55.67743108,12.53669761,275.256585365854,1020.68292682927,91.9512195121951,4.58536585365854,70,0,86.7073170731707,0,0,0,0,0,1,0,1,0,0,1,0,0,1,0,0,0,0,0,0,0,0,0,1,0,0,0,0,0,0,0,0,0,0,1,0,0,0
47,2,1,27,157,1850,55.67743108,12.53669761,274.45437037037,1021.44444444444,91.037037037037,5.14814814814815,146.555555555556,0,77.9259259259259,0,0,0,0,0,0,1,1,0,0,1,0,0,1,0,0,0,0,0,0,0,0,0,1,0,0,0,0,0,0,0,0,0,0,1,0,0,0
47,2,2,38,157,1850,55.67743108,12.53669761,273.794736842105,1013.60526315789,86.9210526315789,6.73684210526316,141.052631578947,0,78.5526315789474,0,0,0,0,1,0,0,1,0,0,1,0,0,1,0,0,0,0,0,0,0,0,0,1,0,0,0,0,0,0,0,0,0,0,1,0,0,0
47,2,3,23.829786363756284,157,1850,55.67743108,12.53669761,274.474285714286,1008.25714285714,96.8,6.51428571428571,120.285714285714,0,90,1,0,0,0,0,0,0,1,0,0,1,0,0,1,0,0,0,0,0,0,0,0,0,1,0,0,0,0,0,0,0,0,0,0,0,1,0,0
47,2,4,32,157,1850,55.67743108,12.53669761,275.560625,1004.25,99.78125,4.65625,123.125,0,90,0,0,1,0,0,0,0,1,0,0,1,0,0,1,0,0,0,0,0,0,0,0,0,1,0,0,0,0,0,0,0,0,0,0,1,0,0,0
47,2,5,14,157,1850,55.67743108,12.53669761,275.095785714286,1010.5,96.5714285714286,4.57142857142857,77.2142857142857,0,65.5,0,0,0,1,0,0,0,1,0,0,1,0,0,1,0,0,0,0,0,0,0,0,0,1,0,0,0,0,0,0,0,0,1,0,0,0,0,0
47,2,6,22,157,1850,55.67743108,12.53669761,274.269090909091,1025.13636363636,77.8181818181818,6.40909090909091,58.1818181818182,0,75,0,1,0,0,0,0,0,1,0,0,1,0,0,1,0,0,0,0,0,0,0,0,0,1,0,0,0,0,0,0,0,1,0,0,0,0,0,0
47,2,7,21,157,1850,55.67743108,12.53669761,271.138571428571,1029,83.2380952380952,7.47619047619048,60.9523809523809,0,76.4285714285714,0,0,0,0,0,1,0,1,0,0,1,0,0,1,0,0,0,0,0,0,0,0,0,1,0,0,0,0,0,0,0,0,0,0,0,0,1,0
47,2,8,20,157,1850,55.67743108,12.53669761,270.6855,1033.4,85.1,5.25,80,0,75,0,0,0,0,0,0,1,1,0,0,1,0,0,1,0,0,0,0,0,0,0,0,0,1,0,0,0,0,0,0,0,0,0,0,0,0,1,0
47,2,9,23,157,1850,55.67743108,12.53669761,269.832173913043,1036,79.2608695652174,4,87.3913043478261,0,77.2608695652174,0,0,0,0,1,0,0,1,0,0,1,0,0,1,0,0,0,0,0,0,0,0,0,1,0,0,0,0,0,0,0,0,0,0,0,0,1,0
47,2,10,35,157,1850,55.67743108,12.53669761,272.670571428571,1033,84.0285714285714,5.88571428571429,98.8571428571429,0,48.8571428571429,1,0,0,0,0,0,0,1,0,0,1,0,0,1,0,0,0,0,0,0,0,0,0,1,0,0,0,0,0,0,0,0,0,0,1,0,0,0
47,2,11,27,157,1850,55.67743108,12.53669761,272.891851851852,1033.96296296296,94.6296296296296,7.59259259259259,87.4074074074074,0,29.2592592592593,0,0,1,0,0,0,0,1,0,0,1,0,0,1,0,0,0,0,0,0,0,0,0,1,0,0,0,0,0,0,1,0,0,0,0,0,0,0
47,2,12,14,157,1850,55.67743108,12.53669761,272.667142857143,1039.21428571429,75.7857142857143,5.14285714285714,85.7142857142857,0,23.9285714285714,0,0,0,1,0,0,0,1,0,0,1,0,0,1,0,0,0,0,0,0,0,0,0,1,0,0,0,0,0,0,0,1,0,0,0,0,0,0
47,2,13,24,157,1850,55.67743108,12.53669761,271.327083333333,1039.75,70.4166666666667,0.708333333333333,132.5,0,39.375,0,1,0,0,0,0,0,1,0,0,1,0,0,1,0,0,0,0,0,0,0,0,0,1,0,0,0,0,0,0,0,1,0,0,0,0,0,0
47,2,14,22,157,1850,55.67743108,12.53669761,271.127090909091,1047.5,95,1.45454545454545,260.045454545455,0,0,0,0,0,0,0,1,0,1,0,0,1,0,0,1,0,0,0,0,0,0,0,0,0,1,0,0,0,0,0,0,1,0,0,0,0,0,0,0
47,2,15,21,157,1850,55.67743108,12.53669761,271.852238095238,1043.66666666667,89,2.66666666666667,175.857142857143,0,15.2380952380952,0,0,0,0,0,0,1,1,0,0,1,0,0,1,0,0,0,0,0,0,0,0,0,1,0,0,0,0,0,0,0,1,0,0,0,0,0,0
47,2,16,18,157,1850,55.67743108,12.53669761,276.287944444444,1031.77777777778,91.8888888888889,5.94444444444444,242.722222222222,2.2575,81.3333333333333,0,0,0,0,1,0,0,1,0,0,1,0,0,1,0,0,0,0,0,0,0,0,0,1,0,0,0,0,0,0,0,1,0,0,0,0,0,0
47,2,17,16.392292699078098,157,1850,55.67743108,12.53669761,275.667409090909,1029.09090909091,94.2272727272727,2.5,273.090909090909,1.17,84.9090909090909,1,0,0,0,0,0,0,1,0,0,1,0,0,1,0,0,0,0,0,0,0,0,0,1,0,0,0,0,0,0,0,0,0,0,0,1,0,0
47,2,18,19,157,1850,55.67743108,12.53669761,276.011789473684,1031.47368421053,95.5263157894737,4.15789473684211,254.526315789474,1.17,64.6315789473684,0,0,1,0,0,0,0,1,0,0,1,0,0,1,0,0,0,0,0,0,0,0,0,1,0,0,0,0,0,0,0,1,0,0,0,0,0,0
47,2,19,14,157,1850,55.67743108,12.53669761,278.004285714286,1021.78571428571,90.0714285714286,6.07142857142857,253.857142857143,2.535,84.5714285714286,0,0,0,1,0,0,0,1,0,0,1,0,0,1,0,0,0,0,0,0,0,0,0,1,0,0,0,0,0,0,0,1,0,0,0,0,0,0
47,2,20,8.894113071123138,157,1850,55.67743108,12.53669761,279.25825,1008.25,88.75,9.5,260,18.03,92,0,1,0,0,0,0,0,1,0,0,1,0,0,1,0,0,0,0,0,0,0,0,0,1,0,0,0,0,0,0,0,0,0,0,0,1,0,0
47,2,21,27,157,1850,55.67743108,12.53669761,278.503802115573,1007,78.1481481481482,9.81481481481481,283.740740740741,1.6025,59.7777777777778,0,0,0,0,0,1,0,1,0,0,1,0,0,1,0,0,0,0,0,0,0,0,0,1,0,0,0,0,0,0,0,1,0,0,0,0,0,0
47,2,22,13.050682041619439,157,1850,55.67743108,12.53669761,279.766315789474,988.157894736842,77.5263157894737,10.3684210526316,261.578947368421,0,71.3157894736842,0,0,0,0,0,0,1,1,0,0,1,0,0,1,0,0,0,0,0,0,0,0,0,1,0,0,0,0,0,0,0,0,0,0,0,1,0,0
47,2,23,27,157,1850,55.67743108,12.53669761,277.443333333333,987.814814814815,79.4074074074074,5.18518518518519,219.62962962963,0,83.8888888888889,0,0,0,0,1,0,0,1,0,0,1,0,0,1,0,0,0,0,0,0,0,0,0,1,0,0,0,0,0,0,0,1,0,0,0,0,0,0
47,2,24,36,157,1850,55.67743108,12.53669761,274.177777777778,1004.86111111111,68.6111111111111,4.75,291.388888888889,0,5.55555555555556,1,0,0,0,0,0,0,1,0,0,1,0,0,1,0,0,0,0,0,0,0,0,0,1,0,0,0,0,0,0,1,0,0,0,0,0,0,0
47,2,25,26,157,1850,55.67743108,12.53669761,275.249615384615,1012.30769230769,93.3846153846154,5.23076923076923,218.076923076923,0,46.7307692307692,0,0,1,0,0,0,0,1,0,0,1,0,0,1,0,0,0,0,0,0,0,0,0,1,0,0,0,0,0,0,1,0,0,0,0,0,0,0
47,2,26,15,157,1850,55.67743108,12.53669761,279.664,1002.06666666667,97.6666666666667,5.93333333333333,240.666666666667,0,86,0,0,0,1,0,0,0,1,0,0,1,0,0,1,0,0,0,0,0,0,0,0,0,1,0,0,0,0,0,0,0,0,1,0,0,0,0,0
47,2,27,17.330223848763854,157,1850,55.67743108,12.53669761,280.804166666667,998.208333333333,86.875,6.125,182.916666666667,0,37.5,0,1,0,0,0,0,0,1,0,0,1,0,0,1,0,0,0,0,0,0,0,0,0,1,0,0,0,0,0,0,0,0,0,0,0,1,0,0
47,2,28,31.919111499562863,157,1850,55.67743108,12.53669761,278.116,987.6,81.675,6.4,191.75,0,61.875,0,0,0,0,0,1,0,1,0,0,1,0,0,1,0,0,0,0,0,0,0,0,0,1,0,0,0,0,0,0,0,0,0,0,0,1,0,0
47,3,1,33.556655040686024,157,1850,55.67743108,12.53669761,277.472380952381,994.357142857143,85.5476190476191,7.45238095238095,228.809523809524,0,71.1904761904762,0,0,0,0,0,0,1,1,0,0,1,0,0,1,0,0,0,0,0,0,0,0,0,1,0,0,0,0,0,0,0,0,0,0,0,1,0,0
47,3,2,20.093250953638925,157,1850,55.67743108,12.53669761,276.976785714286,997.785714285714,87.9642857142857,3.89285714285714,245.714285714286,0,47.5,0,0,0,0,1,0,0,1,0,0,1,0,0,1,0,0,0,0,0,0,0,0,0,1,0,0,0,0,0,0,0,0,0,0,0,1,0,0
47,3,3,37,157,1850,55.67743108,12.53669761,278.432432432432,1005.72972972973,80.3783783783784,4.97297297297297,227.027027027027,0,36.4864864864865,1,0,0,0,0,0,0,1,0,0,1,0,0,1,0,0,0,0,0,0,0,0,0,1,0,0,0,0,0,0,1,0,0,0,0,0,0,0
47,3,4,28,157,1850,55.67743108,12.53669761,278.1,998.785714285714,84.3928571428571,4,79.6428571428571,0,3.21428571428571,0,0,1,0,0,0,0,1,0,0,1,0,0,1,0,0,0,0,0,0,0,0,0,1,0,0,0,0,0,0,0,0,1,0,0,0,0,0
47,3,5,13,157,1850,55.67743108,12.53669761,277.274615384615,998.923076923077,88.3846153846154,6.46153846153846,101.538461538462,0,75,0,0,0,1,0,0,0,1,0,0,1,0,0,1,0,0,0,0,0,0,0,0,0,1,0,0,0,0,0,0,0,1,0,0,0,0,0,0
47,3,6,1,157,1850,55.67743108,12.53669761,274.39,1005,97,6,80,0,75,0,1,0,0,0,0,0,1,0,0,1,0,0,1,0,0,0,0,0,0,0,0,0,1,0,0,0,0,0,0,0,1,0,0,0,0,0,0
47,3,7,17,157,1850,55.67743108,12.53669761,273.352352941176,1014,73.6470588235294,4.05882352941176,291.764705882353,0,75,0,0,0,0,0,1,0,1,0,0,1,0,0,1,0,0,0,0,0,0,0,0,0,1,0,0,0,0,0,0,0,1,0,0,0,0,0,0
47,3,8,24,157,1850,55.67743108,12.53669761,275.70375,1015.375,76.7916666666667,6.375,167.083333333333,0,75,0,0,0,0,0,0,1,1,0,0,1,0,0,1,0,0,0,0,0,0,0,0,0,1,0,0,0,0,0,0,0,1,0,0,0,0,0,0
47,3,9,19,157,1850,55.67743108,12.53669761,277.843684210526,1012.52631578947,94.8421052631579,3.63157894736842,202.631578947368,0,82.1052631578947,0,0,0,0,1,0,0,1,0,0,1,0,0,1,0,0,0,0,0,0,0,0,0,1,0,0,0,0,0,0,0,0,1,0,0,0,0,0
47,3,10,32,157,1850,55.67743108,12.53669761,278.5803125,1020.78125,58.34375,6.03125,302.1875,0,11.875,1,0,0,0,0,0,0,1,0,0,1,0,0,1,0,0,0,0,0,0,0,0,0,1,0,0,0,0,0,0,0,1,0,0,0,0,0,0
47,3,11,33,157,1850,55.67743108,12.53669761,277.924848484848,1026.09090909091,78.1515151515152,2.27272727272727,170,0,0,0,0,1,0,0,0,0,1,0,0,1,0,0,1,0,0,0,0,0,0,0,0,0,1,0,0,0,0,0,0,1,0,0,0,0,0,0,0
47,3,12,18,157,1850,55.67743108,12.53669761,275.786666666667,1025.77777777778,86.3888888888889,4.33333333333333,136.111111111111,0,33.3333333333333,0,0,0,1,0,0,0,1,0,0,1,0,0,1,0,0,0,0,0,0,0,0,0,1,0,0,0,0,0,0,1,0,0,0,0,0,0,0
47,3,13,24,157,1850,55.67743108,12.53669761,277.77625,1025.45833333333,79.5,3.83333333333333,175.833333333333,0,5.66666666666667,0,1,0,0,0,0,0,1,0,0,1,0,0,1,0,0,0,0,0,0,0,0,0,1,0,0,0,0,0,0,1,0,0,0,0,0,0,0
47,3,14,24,157,1850,55.67743108,12.53669761,280.25625,1021.95833333333,86.2916666666667,5.91666666666667,235.416666666667,0,66.875,0,0,0,0,0,1,0,1,0,0,1,0,0,1,0,0,0,0,0,0,0,0,0,1,0,0,0,0,0,0,0,0,0,0,1,0,0,0
47,3,15,21,157,1850,55.67743108,12.53669761,281.261428571429,1021.7619047619,62.2857142857143,10.3809523809524,281.904761904762,0,28.0952380952381,0,0,0,0,0,0,1,1,0,0,1,0,0,1,0,0,0,0,0,0,0,0,0,1,0,0,0,0,0,0,0,1,0,0,0,0,0,0
47,3,16,25,157,1850,55.67743108,12.53669761,281.8224,1016.8,79.44,4.64,224.8,0,51,0,0,0,0,1,0,0,1,0,0,1,0,0,1,0,0,0,0,0,0,0,0,0,1,0,0,0,0,0,0,0,1,0,0,0,0,0,0
47,3,17,39,157,1850,55.67743108,12.53669761,278.771025641026,1003.71794871795,82.5897435897436,7.66666666666667,257.435897435897,0,58.974358974359,1,0,0,0,0,0,0,1,0,0,1,0,0,1,0,0,0,0,0,0,0,0,0,1,0,0,0,0,0,0,0,0,0,0,1,0,0,0
47,3,18,21,157,1850,55.67743108,12.53669761,276.916666666667,994.714285714286,74.6666666666667,7.38095238095238,304.761904761905,0,52.3809523809524,0,0,1,0,0,0,0,1,0,0,1,0,0,1,0,0,0,0,0,0,0,0,0,1,0,0,0,0,0,0,0,0,1,0,0,0,0,0
47,3,19,14,157,1850,55.67743108,12.53669761,276.086428571429,1001.78571428571,89.5714285714286,6,158.571428571429,0,70.7142857142857,0,0,0,1,0,0,0,1,0,0,1,0,0,1,0,0,0,0,0,0,0,0,0,1,0,0,0,0,0,0,1,0,0,0,0,0,0,0
47,3,20,34,157,1850,55.67743108,12.53669761,279.649411764706,1000.23529411765,89.6176470588235,5.11764705882353,189.117647058824,0,82.5,0,1,0,0,0,0,0,1,0,0,1,0,0,1,0,0,0,0,0,0,0,0,0,1,0,0,0,0,0,0,0,1,0,0,0,0,0,0
47,3,21,27,157,1850,55.67743108,12.53669761,280.594074074074,1001.88888888889,70.8888888888889,8.7037037037037,240.37037037037,0,53.7037037037037,0,0,0,0,0,1,0,1,0,0,1,0,0,1,0,0,0,0,0,0,0,0,0,1,0,0,0,0,0,0,0,1,0,0,0,0,0,0
47,3,22,38,157,1850,55.67743108,12.53669761,280.605789473684,1015.89473684211,69.4473684210526,5.26315789473684,234.736842105263,0,21.5789473684211,0,0,0,0,0,0,1,1,0,0,1,0,0,1,0,0,0,0,0,0,0,0,0,1,0,0,0,0,0,0,1,0,0,0,0,0,0,0
47,3,23,16,157,1850,55.67743108,12.53669761,281.689375,1024.25,54.3125,3.5,143.125,0,1.5,0,0,0,0,1,0,0,1,0,0,1,0,0,1,0,0,0,0,0,0,0,0,0,1,0,0,0,0,0,0,0,1,0,0,0,0,0,0
47,3,24,38,157,1850,55.67743108,12.53669761,280.546315789474,1030.97368421053,42,3.86842105263158,277.368421052632,0,0,1,0,0,0,0,0,0,1,0,0,1,0,0,1,0,0,0,0,0,0,0,0,0,1,0,0,0,0,0,0,1,0,0,0,0,0,0,0
47,3,25,21,157,1850,55.67743108,12.53669761,280.951428571429,1026.66666666667,64.6190476190476,5.76190476190476,317.619047619048,0,44.4285714285714,0,0,1,0,0,0,0,1,0,0,1,0,0,1,0,0,0,0,0,0,0,0,0,1,0,0,0,0,0,0,1,0,0,0,0,0,0,0
47,3,26,14,157,1850,55.67743108,12.53669761,282.142857142857,1025.5,76.9285714285714,2.85714285714286,235.714285714286,0,11.7857142857143,0,0,0,1,0,0,0,1,0,0,1,0,0,1,0,0,0,0,0,0,0,0,0,1,0,0,0,0,0,0,0,0,0,1,0,0,0,0
47,3,27,30,157,1850,55.67743108,12.53669761,281.819666666667,1021.83333333333,81.7666666666667,4.23333333333333,260,0,34.8333333333333,0,1,0,0,0,0,0,1,0,0,1,0,0,1,0,0,0,0,0,0,0,0,0,1,0,0,0,0,0,0,0,0,0,0,1,0,0,0
47,3,28,22,157,1850,55.67743108,12.53669761,280.146363636364,1020.68181818182,92.5,1.95454545454545,184.318181818182,0,76.5,0,0,0,0,0,1,0,1,0,0,1,0,0,1,0,0,0,0,0,0,0,0,0,1,0,0,0,0,0,0,0,0,0,0,1,0,0,0
47,3,29,30,157,1850,55.67743108,12.53669761,278.641333333333,1016.9,89.3666666666667,4.06666666666667,291.666666666667,0,77.9666666666667,0,0,0,0,0,0,1,1,0,0,1,0,0,1,0,0,0,0,0,0,0,0,0,1,0,0,0,0,0,0,0,0,0,0,1,0,0,0
47,3,30,29,157,1850,55.67743108,12.53669761,282.079655172414,1019,96.4137931034483,4.31034482758621,191.724137931034,0,79.1379310344828,0,0,0,0,1,0,0,1,0,0,1,0,0,1,0,0,0,0,0,0,0,0,0,1,0,0,0,0,0,0,0,1,0,0,0,0,0,0
47,3,31,61,157,1850,55.67743108,12.53669761,287.459344262295,1013.67213114754,78.672131147541,3.24590163934426,156.885245901639,0,18.9508196721311,1,0,0,0,0,0,0,1,0,0,1,0,0,1,0,0,0,0,0,0,0,0,0,1,0,0,0,0,0,0,0,0,0,0,1,0,0,0
47,4,1,43,157,1850,55.67743108,12.53669761,286.940697674419,1011.51162790698,71.2325581395349,3.3953488372093,206.348837209302,0,52.3488372093023,0,0,1,0,0,0,0,1,0,0,1,0,0,1,0,0,0,0,0,0,0,0,0,1,0,0,0,0,0,0,0,0,0,0,1,0,0,0
47,4,2,20.95719910715707,157,1850,55.67743108,12.53669761,284.110333333333,1016.7,78,2.9,262.666666666667,0.4625,56.3333333333333,0,0,0,1,0,0,0,1,0,0,1,0,0,1,0,0,0,0,0,0,0,0,0,1,0,0,0,0,0,0,0,0,0,0,0,1,0,0
47,4,3,35,157,1850,55.67743108,12.53669761,282.305142857143,1026.31428571429,74.7428571428571,2.14285714285714,109.857142857143,0,30.1428571428571,0,1,0,0,0,0,0,1,0,0,1,0,0,1,0,0,0,0,0,0,0,0,0,1,0,0,0,0,0,0,0,0,0,0,1,0,0,0
47,4,4,42,157,1850,55.67743108,12.53669761,282.439523809524,1025.59523809524,85.2380952380952,3.4047619047619,165,0,19.5238095238095,0,0,0,0,0,1,0,1,0,0,1,0,0,1,0,0,0,0,0,0,0,0,0,1,0,0,0,0,0,0,0,0,0,0,1,0,0,0
47,4,5,32,157,1850,55.67743108,12.53669761,281.814375,1013.90625,62.1875,8.28125,278.125,0,51.5625,0,0,0,0,0,0,1,1,0,0,1,0,0,1,0,0,0,0,0,0,0,0,0,1,0,0,0,0,0,0,1,0,0,0,0,0,0,0
47,4,6,35,157,1850,55.67743108,12.53669761,282.003714285714,1017.4,61.6285714285714,7.14285714285714,270.571428571429,0,58.2857142857143,0,0,0,0,1,0,0,1,0,0,1,0,0,1,0,0,0,0,0,0,0,0,0,1,0,0,0,0,0,0,1,0,0,0,0,0,0,0
47,4,7,35,157,1850,55.67743108,12.53669761,283.728285714286,1013.6,71.6,5.28571428571429,309.142857142857,0,51,1,0,0,0,0,0,0,1,0,0,1,0,0,1,0,0,0,0,0,0,0,0,0,1,0,0,0,0,0,0,0,1,0,0,0,0,0,0
47,4,8,37,157,1850,55.67743108,12.53669761,282.357027027027,1020.62162162162,76.4054054054054,4.83783783783784,287.027027027027,0,76.2162162162162,0,0,1,0,0,0,0,1,0,0,1,0,0,1,0,0,0,0,0,0,0,0,0,1,0,0,0,0,0,0,0,1,0,0,0,0,0,0
47,4,9,23,157,1850,55.67743108,12.53669761,283.79347826087,1020.39130434783,71.5652173913043,4.69565217391304,230.434782608696,0,21.304347826087,0,0,0,1,0,0,0,1,0,0,1,0,0,1,0,0,0,0,0,0,0,0,0,1,0,0,0,0,0,0,0,1,0,0,0,0,0,0
47,4,10,19,157,1850,55.67743108,12.53669761,283.427368421053,1009.94736842105,60,9.94736842105263,272.631578947368,0,50.1578947368421,0,1,0,0,0,0,0,1,0,0,1,0,0,1,0,0,0,0,0,0,0,0,0,1,0,0,0,0,0,0,0,0,0,0,1,0,0,0
47,4,11,34,157,1850,55.67743108,12.53669761,281.795882352941,1015.85294117647,62.7941176470588,8.20588235294118,288.529411764706,0,59.4117647058824,0,0,0,0,0,1,0,1,0,0,1,0,0,1,0,0,0,0,0,0,0,0,0,1,0,0,0,0,0,0,0,1,0,0,0,0,0,0
47,4,12,37,157,1850,55.67743108,12.53669761,281.937297297297,1002.45945945946,80.945945945946,7.08108108108108,264.594594594595,0,71.2162162162162,0,0,0,0,0,0,1,1,0,0,1,0,0,1,0,0,0,0,0,0,0,0,0,1,0,0,0,0,0,0,0,0,1,0,0,0,0,0
47,4,13,14.716548926895484,157,1850,55.67743108,12.53669761,281.23040552294,1010.28571428571,79,6.38095238095238,283.190476190476,7.5175,78.9523809523809,0,0,0,0,1,0,0,1,0,0,1,0,0,1,0,0,0,0,0,0,0,0,0,1,0,0,0,0,0,0,0,0,0,0,0,1,0,0
47,4,14,10,157,1850,55.67743108,12.53669761,281.766,1008.4,66.6,5.4,302,0,68,1,0,0,0,0,0,0,1,0,0,1,0,0,1,0,0,0,0,0,0,0,0,0,1,0,0,0,0,0,0,0,1,0,0,0,0,0,0
47,4,15,13.64877903368324,157,1850,55.67743108,12.53669761,276.4975,1001.55,87.65,4.65,97.5,0,75,0,0,1,0,0,0,0,1,0,0,1,0,0,1,0,0,0,0,0,0,0,0,0,1,0,0,0,0,0,0,0,0,0,0,0,1,0,0
47,4,16,9,157,1850,55.67743108,12.53669761,275.941111111111,1014.11111111111,70.8888888888889,3,133.333333333333,0,35,0,0,0,1,0,0,0,1,0,0,1,0,0,1,0,0,0,0,0,0,0,0,0,1,0,0,0,0,0,0,0,1,0,0,0,0,0,0
47,4,17,15,157,1850,55.67743108,12.53669761,277.908,1016.8,65.8666666666667,6.2,120.666666666667,0,62.6666666666667,0,1,0,0,0,0,0,1,0,0,1,0,0,1,0,0,0,0,0,0,0,0,0,1,0,0,0,0,0,0,0,1,0,0,0,0,0,0
47,4,18,28,157,1850,55.67743108,12.53669761,276.920714285714,1029.78571428571,54,4.03571428571429,75.7142857142857,0,40.8928571428571,0,0,0,0,0,1,0,1,0,0,1,0,0,1,0,0,0,0,0,0,0,0,0,1,0,0,0,0,0,0,0,1,0,0,0,0,0,0
47,4,19,39,157,1850,55.67743108,12.53669761,278.215641025641,1035.76923076923,47.2307692307692,2.20512820512821,128.666666666667,0,6.66666666666667,0,0,0,0,0,0,1,1,0,0,1,0,0,1,0,0,0,0,0,0,0,0,0,1,0,0,0,0,0,0,0,1,0,0,0,0,0,0
47,4,20,30,157,1850,55.67743108,12.53669761,280.139,1029.53333333333,63.4333333333333,6.63333333333333,249.666666666667,0,56.5,0,0,0,0,1,0,0,1,0,0,1,0,0,1,0,0,0,0,0,0,0,0,0,1,0,0,0,0,0,0,1,0,0,0,0,0,0,0
47,4,21,43,157,1850,55.67743108,12.53669761,283.057674418605,1014.3488372093,77.7209302325581,8.81395348837209,272.325581395349,0,73.2325581395349,1,0,0,0,0,0,0,1,0,0,1,0,0,1,0,0,0,0,0,0,0,0,0,1,0,0,0,0,0,0,0,1,0,0,0,0,0,0
47,4,22,24,157,1850,55.67743108,12.53669761,280.777083333333,1012.16666666667,51.4166666666667,7.25,307.5,0,42.2916666666667,0,0,1,0,0,0,0,1,0,0,1,0,0,1,0,0,0,0,0,0,0,0,0,1,0,0,0,0,0,0,0,1,0,0,0,0,0,0
47,4,23,18,157,1850,55.67743108,12.53669761,279.622222222222,1014,58.2222222222222,6.83333333333333,297.777777777778,0,29.4444444444444,0,0,0,1,0,0,0,1,0,0,1,0,0,1,0,0,0,0,0,0,0,0,0,1,0,0,0,0,0,0,1,0,0,0,0,0,0,0
47,4,24,26,157,1850,55.67743108,12.53669761,279.349230769231,1003.84615384615,74.6538461538462,8.23076923076923,240,0,55.9615384615385,0,1,0,0,0,0,0,1,0,0,1,0,0,1,0,0,0,0,0,0,0,0,0,1,0,0,0,0,0,0,0,0,1,0,0,0,0,0
47,4,25,20,157,1850,55.67743108,12.53669761,278.7345,1001.25,68.45,6.65,265.5,0,51,0,0,0,0,0,1,0,1,0,0,1,0,0,1,0,0,0,0,0,0,0,0,0,1,0,0,0,0,0,0,1,0,0,0,0,0,0,0
47,4,26,25,157,1850,55.67743108,12.53669761,279.8072,1009.64,75.36,3.16,196.4,0,49.4,0,0,0,0,0,0,1,1,0,0,1,0,0,1,0,0,0,0,0,0,0,0,0,1,0,0,0,0,0,0,1,0,0,0,0,0,0,0
47,4,27,28,157,1850,55.67743108,12.53669761,279.7125,1011.78571428571,69.1428571428571,4.46428571428571,221.428571428571,0,46.25,0,0,0,0,1,0,0,1,0,0,1,0,0,1,0,0,0,0,0,0,0,0,0,1,0,0,0,0,0,0,1,0,0,0,0,0,0,0
47,4,28,41,157,1850,55.67743108,12.53669761,281.469024390244,1012.36585365854,74.7560975609756,5.75609756097561,156.09756097561,0,38.4146341463415,1,0,0,0,0,0,0,1,0,0,1,0,0,1,0,0,0,0,0,0,0,0,0,1,0,0,0,0,0,0,0,0,1,0,0,0,0,0
47,4,29,23.924524747976104,157,1850,55.67743108,12.53669761,279.484545454545,1017.09090909091,84.7575757575758,1.51515151515152,108.484848484848,0,74.3939393939394,0,0,1,0,0,0,0,1,0,0,1,0,0,1,0,0,0,0,0,0,0,0,0,1,0,0,0,0,0,0,0,0,0,0,0,1,0,0
47,4,30,35,157,1850,55.67743108,12.53669761,281.232,1022.94285714286,67.3428571428571,5.05714285714286,137.142857142857,0,9.85714285714286,0,0,0,1,0,0,0,1,0,0,1,0,0,1,0,0,0,0,0,0,0,0,0,1,0,0,0,0,0,0,0,0,0,1,0,0,0,0
47,5,1,42,157,1850,55.67743108,12.53669761,282.969285714286,1022.85714285714,58.9761904761905,7.42857142857143,92.6190476190476,0,3.80952380952381,0,1,0,0,0,0,0,1,0,0,1,0,0,1,0,0,0,0,0,0,0,0,0,1,0,0,0,0,0,0,1,0,0,0,0,0,0,0
47,5,2,27,157,1850,55.67743108,12.53669761,284.931481481482,1026.07407407407,59.5555555555556,7.07407407407407,79.6296296296296,0,0,0,0,0,0,0,1,0,1,0,0,1,0,0,1,0,0,0,0,0,0,0,0,0,1,0,0,0,0,0,0,1,0,0,0,0,0,0,0
47,5,3,29,157,1850,55.67743108,12.53669761,284.814827586207,1028.89655172414,50.1724137931034,5.89655172413793,83.448275862069,0,0,0,0,0,0,0,0,1,1,0,0,1,0,0,1,0,0,0,0,0,0,0,0,0,1,0,0,0,0,0,0,1,0,0,0,0,0,0,0
47,5,4,46,157,1850,55.67743108,12.53669761,285.320869565217,1026.73913043478,49.5,6.8695652173913,70,0,0,0,0,0,0,1,0,0,1,0,0,1,0,0,1,0,0,0,0,0,0,0,0,0,1,0,0,0,0,0,0,1,0,0,0,0,0,0,0
47,5,5,37,157,1850,55.67743108,12.53669761,285.308108108108,1023.27027027027,59.4864864864865,3.51351351351351,38.1081081081081,0,27.9459459459459,1,0,0,0,0,0,0,1,0,0,1,0,0,1,0,0,0,0,0,0,0,0,0,1,0,0,0,0,0,0,1,0,0,0,0,0,0,0
47,5,6,33,157,1850,55.67743108,12.53669761,288.523939393939,1015.93939393939,52.6969696969697,2.21212121212121,159.393939393939,0,11.3636363636364,0,0,1,0,0,0,0,1,0,0,1,0,0,1,0,0,0,0,0,0,0,0,0,1,0,0,0,0,0,0,0,1,0,0,0,0,0,0
47,5,7,20,157,1850,55.67743108,12.53669761,284.2705,1013.55,72.9,3.15,181,0,12.75,0,0,0,1,0,0,0,1,0,0,1,0,0,1,0,0,0,0,0,0,0,0,0,1,0,0,0,0,0,0,1,0,0,0,0,0,0,0
47,5,8,28,157,1850,55.67743108,12.53669761,280.601428571429,1019.03571428571,54.2857142857143,6.39285714285714,263.571428571429,0,35,0,1,0,0,0,0,0,1,0,0,1,0,0,1,0,0,0,0,0,0,0,0,0,1,0,0,0,0,0,0,0,1,0,0,0,0,0,0
47,5,9,35,157,1850,55.67743108,12.53669761,281.694857142857,1015.74285714286,51.8857142857143,2.68571428571429,108.571428571429,0,38.8571428571429,0,0,0,0,0,1,0,1,0,0,1,0,0,1,0,0,0,0,0,0,0,0,0,1,0,0,0,0,0,0,0,1,0,0,0,0,0,0
47,5,10,26,157,1850,55.67743108,12.53669761,278.522692307692,1007,82.3846153846154,5.15384615384615,119.615384615385,0,75,0,0,0,0,0,0,1,1,0,0,1,0,0,1,0,0,0,0,0,0,0,0,0,1,0,0,0,0,0,0,0,1,0,0,0,0,0,0
47,5,11,31,157,1850,55.67743108,12.53669761,280.587741935484,1006.96774193548,81.8064516129032,4.48387096774194,142.58064516129,0,29.0322580645161,0,0,0,0,1,0,0,1,0,0,1,0,0,1,0,0,0,0,0,0,0,0,0,1,0,0,0,0,0,0,0,0,1,0,0,0,0,0
47,5,12,28,157,1850,55.67743108,12.53669761,284.635,1009.53571428571,60.7857142857143,5.89285714285714,93.5714285714286,0,0,1,0,0,0,0,0,0,1,0,0,1,0,0,1,0,0,0,0,0,0,0,0,0,1,0,0,0,0,0,0,1,0,0,0,0,0,0,0
47,5,13,27,157,1850,55.67743108,12.53669761,287.422592592593,1013.44444444444,59.9259259259259,4.40740740740741,126.666666666667,0,0,0,0,1,0,0,0,0,1,0,0,1,0,0,1,0,0,0,0,0,0,0,0,0,1,0,0,0,0,0,0,1,0,0,0,0,0,0,0
47,5,14,25,157,1850,55.67743108,12.53669761,289.5432,1019.48,72.6,3.48,202,0,24,0,0,0,1,0,0,0,1,0,0,1,0,0,1,0,0,0,0,0,0,0,0,0,1,0,0,0,0,0,0,1,0,0,0,0,0,0,0
47,5,15,26,157,1850,55.67743108,12.53669761,287.505,1026.34615384615,75.2307692307692,3.19230769230769,255.769230769231,0,42.4230769230769,0,1,0,0,0,0,0,1,0,0,1,0,0,1,0,0,0,0,0,0,0,0,0,1,0,0,0,0,0,0,0,0,0,1,0,0,0,0
47,5,16,24.75493238270283,157,1850,55.67743108,12.53669761,284.624375,1028.78125,80.125,5.28125,149.6875,0,69.125,0,0,0,0,0,1,0,1,0,0,1,0,0,1,0,0,0,0,0,0,0,0,0,1,0,0,0,0,0,0,0,0,0,0,0,1,0,0
47,5,17,31,157,1850,55.67743108,12.53669761,290.587096774194,1021.74193548387,84.4516129032258,3.90322580645161,170.645161290323,0.92,33.741935483871,0,0,0,0,0,0,1,1,0,0,1,0,0,1,0,0,0,0,0,0,0,0,0,1,0,0,0,0,0,0,0,0,0,0,1,0,0,0
47,5,18,39,157,1850,55.67743108,12.53669761,293.141538461538,1011.69230769231,60.6410256410256,6.48717948717949,142.615384615385,0,0,0,0,0,0,1,0,0,1,0,0,1,0,0,1,0,0,0,0,0,0,0,0,0,1,0,0,0,0,0,0,1,0,0,0,0,0,0,0
47,5,19,42,157,1850,55.67743108,12.53669761,294.446428571429,1009.83333333333,67.9047619047619,1.42857142857143,75,0,2.85714285714286,1,0,0,0,0,0,0,1,0,0,1,0,0,1,0,0,0,0,0,0,0,0,0,1,0,0,0,0,0,0,0,0,0,0,1,0,0,0
47,5,20,24,157,1850,55.67743108,12.53669761,287.25625,1017.41666666667,72.5416666666667,5.625,264.166666666667,0,42.5,0,0,1,0,0,0,0,1,0,0,1,0,0,1,0,0,0,0,0,0,0,0,0,1,0,0,0,0,0,0,1,0,0,0,0,0,0,0
47,5,21,24,157,1850,55.67743108,12.53669761,288.600416666667,1024.91666666667,54.0416666666667,4.5,295.833333333333,0,16.6666666666667,0,0,0,1,0,0,0,1,0,0,1,0,0,1,0,0,0,0,0,0,0,0,0,1,0,0,0,0,0,0,1,0,0,0,0,0,0,0
47,5,22,26,157,1850,55.67743108,12.53669761,287.979615384615,1019.23076923077,66.3461538461538,1.30769230769231,100,0,19.2307692307692,0,1,0,0,0,0,0,1,0,0,1,0,0,1,0,0,0,0,0,0,0,0,0,1,0,0,0,0,0,0,1,0,0,0,0,0,0,0
47,5,23,31,157,1850,55.67743108,12.53669761,291.249677419355,1013.83870967742,61.6129032258064,2.51612903225806,155.806451612903,0,0,0,0,0,0,0,1,0,1,0,0,1,0,0,1,0,0,0,0,0,0,0,0,0,1,0,0,0,0,0,0,1,0,0,0,0,0,0,0
47,5,24,30,157,1850,55.67743108,12.53669761,286.922333333333,1016.96666666667,68.7,4.6,267.666666666667,0,49,0,0,0,0,0,0,1,1,0,0,1,0,0,1,0,0,0,0,0,0,0,0,0,1,0,0,0,0,0,0,0,0,0,0,1,0,0,0
47,5,25,21,157,1850,55.67743108,12.53669761,288.925714285714,1018.09523809524,58.3333333333333,5,306.190476190476,0,5.47619047619048,0,0,0,0,1,0,0,1,0,0,1,0,0,1,0,0,0,0,0,0,0,0,0,1,0,0,0,0,0,0,0,1,0,0,0,0,0,0
47,5,26,31,157,1850,55.67743108,12.53669761,291.905161290323,1020.48387096774,61.6451612903226,3.67741935483871,176.451612903226,0,0,1,0,0,0,0,0,0,1,0,0,1,0,0,1,0,0,0,0,0,0,0,0,0,1,0,0,0,0,0,0,1,0,0,0,0,0,0,0
47,5,27,38,157,1850,55.67743108,12.53669761,295.39,1022.28947368421,62.7894736842105,3.81578947368421,187.631578947368,0,0,0,0,1,0,0,0,0,1,0,0,1,0,0,1,0,0,0,0,0,0,0,0,0,1,0,0,0,0,0,0,1,0,0,0,0,0,0,0
47,5,28,15,157,1850,55.67743108,12.53669761,293.821333333333,1014.66666666667,67,5.06666666666667,206.666666666667,0,5,0,0,0,1,0,0,0,1,0,0,1,0,0,1,0,0,0,0,0,0,0,0,0,1,0,0,0,0,0,0,1,0,0,0,0,0,0,0
47,5,29,26,157,1850,55.67743108,12.53669761,287.638846153846,1013.07692307692,84.5769230769231,2.42307692307692,213.846153846154,0,81.9230769230769,0,1,0,0,0,0,0,1,0,0,1,0,0,1,0,0,0,0,0,0,0,0,0,1,0,0,0,0,0,0,0,0,0,0,1,0,0,0
47,5,30,29,157,1850,55.67743108,12.53669761,290.029310344828,1008.79310344828,88.4827586206897,4.62068965517241,206.896551724138,0,72.0689655172414,0,0,0,0,0,1,0,1,0,0,1,0,0,1,0,0,0,0,0,0,0,0,0,1,0,0,0,0,0,0,0,0,0,0,1,0,0,0
47,5,31,34,157,1850,55.67743108,12.53669761,287.331176470588,1012.52941176471,64.4705882352941,9.58823529411765,279.411764705882,0,77.9117647058823,0,0,0,0,0,0,1,1,0,0,1,0,0,1,0,0,0,0,0,0,0,0,0,1,0,0,0,0,0,0,0,1,0,0,0,0,0,0
47,6,1,40,157,1850,55.67743108,12.53669761,287.78325,1017.775,53.8,6.225,293.75,0,25.25,0,0,0,0,1,0,0,1,0,0,1,0,0,1,0,0,0,0,0,0,0,0,0,1,0,0,0,0,0,0,0,1,0,0,0,0,0,0
47,6,2,37,157,1850,55.67743108,12.53669761,289.525945945946,1018.32432432432,62.2702702702703,2.86486486486486,82.1621621621622,0,20.2702702702703,1,0,0,0,0,0,0,1,0,0,1,0,0,1,0,0,0,0,0,0,0,0,0,1,0,0,0,0,0,0,1,0,0,0,0,0,0,0
47,6,3,34,157,1850,55.67743108,12.53669761,289.23176470588197,1015.47058823529,65.7941176470588,5.76470588235294,147.058823529412,0,0,0,0,1,0,0,0,0,1,0,0,1,0,0,1,0,0,0,0,0,0,0,0,0,1,0,0,0,0,0,0,1,0,0,0,0,0,0,0
47,6,4,14,157,1850,55.67743108,12.53669761,287.17,1008.71428571429,81.7142857142857,3,230.714285714286,0,55.3571428571429,0,0,0,1,0,0,0,1,0,0,1,0,0,1,0,0,0,0,0,0,0,0,0,1,0,0,0,0,0,0,0,1,0,0,0,0,0,0
47,6,5,16,157,1850,55.67743108,12.53669761,289.936875,1012.3125,61.875,5.625,211.875,0,10,0,1,0,0,0,0,0,1,0,0,1,0,0,1,0,0,0,0,0,0,0,0,0,1,0,0,0,0,0,0,0,1,0,0,0,0,0,0
47,6,6,29,157,1850,55.67743108,12.53669761,291.407586206897,1004.31034482759,67.3793103448276,7.37931034482759,124.137931034483,0,18.8620689655172,0,0,0,0,0,1,0,1,0,0,1,0,0,1,0,0,0,0,0,0,0,0,0,1,0,0,0,0,0,0,0,1,0,0,0,0,0,0
47,6,7,20.88785932530882,157,1850,55.67743108,12.53669761,286.521481481481,1003.66666666667,81.962962962963,7.33333333333333,202.222222222222,0,55.5555555555556,0,0,0,0,0,0,1,1,0,0,1,0,0,1,0,0,0,0,0,0,0,0,0,1,0,0,0,0,0,0,0,0,0,0,0,1,0,0
47,6,8,18.757194610266016,157,1850,55.67743108,12.53669761,288.652142857143,1013.17857142857,67.3214285714286,6.39285714285714,229.285714285714,0,51.7857142857143,0,0,0,0,1,0,0,1,0,0,1,0,0,1,0,0,0,0,0,0,0,0,0,1,0,0,0,0,0,0,0,0,0,0,0,1,0,0
47,6,9,28,157,1850,55.67743108,12.53669761,291.950357142857,1011,72.6428571428571,4.75,149.642857142857,0,5.35714285714286,1,0,0,0,0,0,0,1,0,0,1,0,0,1,0,0,0,0,0,0,0,0,0,1,0,0,0,0,0,0,1,0,0,0,0,0,0,0
47,6,10,39,157,1850,55.67743108,12.53669761,290.30641025641,1017.66666666667,71.7435897435897,3.35897435897436,223.076923076923,0,32.1794871794872,0,0,1,0,0,0,0,1,0,0,1,0,0,1,0,0,0,0,0,0,0,0,0,1,0,0,0,0,0,0,0,1,0,0,0,0,0,0
47,6,11,24,157,1850,55.67743108,12.53669761,293.752916666667,1011,73,4.45833333333333,200.416666666667,0,25,0,0,0,1,0,0,0,1,0,0,1,0,0,1,0,0,0,0,0,0,0,0,0,1,0,0,0,0,0,0,1,0,0,0,0,0,0,0
47,6,12,31,157,1850,55.67743108,12.53669761,288.984838709677,1005.22580645161,74.8064516129032,7.51612903225806,257.41935483871,0,72.5161290322581,0,1,0,0,0,0,0,1,0,0,1,0,0,1,0,0,0,0,0,0,0,0,0,1,0,0,0,0,0,0,0,1,0,0,0,0,0,0
47,6,13,20,157,1850,55.67743108,12.53669761,289.03,1010.05,63.6,8.7,287.5,0,75,0,0,0,0,0,1,0,1,0,0,1,0,0,1,0,0,0,0,0,0,0,0,0,1,0,0,0,0,0,0,0,1,0,0,0,0,0,0
47,6,14,29,157,1850,55.67743108,12.53669761,290.420689655172,1016.96551724138,64.6896551724138,4.75862068965517,294.48275862069,0,67.4137931034483,0,0,0,0,0,0,1,1,0,0,1,0,0,1,0,0,0,0,0,0,0,0,0,1,0,0,0,0,0,0,0,1,0,0,0,0,0,0
47,6,15,28,157,1850,55.67743108,12.53669761,291.958928571429,1015.10714285714,72.3928571428571,3.57142857142857,181.071428571429,0,29.5,0,0,0,0,1,0,0,1,0,0,1,0,0,1,0,0,0,0,0,0,0,0,0,1,0,0,0,0,0,0,1,0,0,0,0,0,0,0
47,6,16,29,157,1850,55.67743108,12.53669761,288.990344827586,1008.86206896552,70.6206896551724,7.62068965517241,282.413793103448,0,58.1724137931034,1,0,0,0,0,0,0,1,0,0,1,0,0,1,0,0,0,0,0,0,0,0,0,1,0,0,0,0,0,0,0,0,0,0,1,0,0,0
47,6,17,32,157,1850,55.67743108,12.53669761,291.65625,1017.75,68.5625,5.625,266.5625,0,20.15625,0,0,1,0,0,0,0,1,0,0,1,0,0,1,0,0,0,0,0,0,0,0,0,1,0,0,0,0,0,0,0,0,0,0,1,0,0,0
47,6,18,19,157,1850,55.67743108,12.53669761,295.247894736842,1021.42105263158,64.4736842105263,5.57894736842105,289.473684210526,0,16.8421052631579,0,0,0,1,0,0,0,1,0,0,1,0,0,1,0,0,0,0,0,0,0,0,0,1,0,0,0,0,0,0,1,0,0,0,0,0,0,0
47,6,19,28,157,1850,55.67743108,12.53669761,294.265714285714,1019.64285714286,72.3214285714286,2.28571428571429,133.571428571429,0,28.5714285714286,0,1,0,0,0,0,0,1,0,0,1,0,0,1,0,0,0,0,0,0,0,0,0,1,0,0,0,0,0,0,1,0,0,0,0,0,0,0
47,6,20,23,157,1850,55.67743108,12.53669761,289.887826086957,1015.82608695652,53.2608695652174,7.34782608695652,310,0,58.4782608695652,0,0,0,0,0,1,0,1,0,0,1,0,0,1,0,0,0,0,0,0,0,0,0,1,0,0,0,0,0,0,0,1,0,0,0,0,0,0
47,6,21,39,157,1850,55.67743108,12.53669761,289.350769230769,1017.38461538462,59.3333333333333,5.28205128205128,286.538461538462,0,33.8461538461538,0,0,0,0,0,0,1,1,0,0,1,0,0,1,0,0,0,0,0,0,0,0,0,1,0,0,0,0,0,0,0,1,0,0,0,0,0,0
47,6,22,22,157,1850,55.67743108,12.53669761,289.236363636364,1008.95454545455,76.2727272727273,3.45454545454545,177.727272727273,0,27.2727272727273,0,0,0,0,1,0,0,1,0,0,1,0,0,1,0,0,0,0,0,0,0,0,0,1,0,0,0,0,0,0,1,0,0,0,0,0,0,0
47,6,23,27.578754103183748,157,1850,55.67743108,12.53669761,290.376842105263,1006.86842105263,89.8947368421053,3.81578947368421,187.894736842105,0,75,1,0,0,0,0,0,0,1,0,0,1,0,0,1,0,0,0,0,0,0,0,0,0,1,0,0,0,0,0,0,0,0,0,0,0,1,0,0
47,6,24,19,157,1850,55.67743108,12.53669761,289.657368421053,1005.36842105263,85.9473684210526,6.15789473684211,252.631578947368,0,65.2631578947368,0,0,1,0,0,0,0,1,0,0,1,0,0,1,0,0,0,0,0,0,0,0,0,1,0,0,0,0,0,0,0,1,0,0,0,0,0,0
47,6,25,18,157,1850,55.67743108,12.53669761,289.688333333333,1003.72222222222,60.5555555555556,7.83333333333333,259.444444444444,0,43.3333333333333,0,0,0,1,0,0,0,1,0,0,1,0,0,1,0,0,0,0,0,0,0,0,0,1,0,0,0,0,0,0,1,0,0,0,0,0,0,0
47,6,26,21.425923250569035,157,1850,55.67743108,12.53669761,289.241785714286,1006.42857142857,57.9285714285714,8.53571428571429,282.5,0,75,0,1,0,0,0,0,0,1,0,0,1,0,0,1,0,0,0,0,0,0,0,0,0,1,0,0,0,0,0,0,0,0,0,0,0,1,0,0
47,6,27,35,157,1850,55.67743108,12.53669761,289.176857142857,1011.48571428571,57.8571428571429,2.94285714285714,207.142857142857,0,27.4285714285714,0,0,0,0,0,1,0,1,0,0,1,0,0,1,0,0,0,0,0,0,0,0,0,1,0,0,0,0,0,0,0,1,0,0,0,0,0,0
47,6,28,22.398539474071004,157,1850,55.67743108,12.53669761,290.000606060606,1005.0303030303,65.7878787878788,6.18181818181818,88.1818181818182,0,19.4545454545455,0,0,0,0,0,0,1,1,0,0,1,0,0,1,0,0,0,0,0,0,0,0,0,1,0,0,0,0,0,0,0,0,0,0,0,1,0,0
47,6,29,33,157,1850,55.67743108,12.53669761,290.187272727273,996.848484848485,76.969696969697,6.03030303030303,64.2424242424242,0,77.2727272727273,0,0,0,0,1,0,0,1,0,0,1,0,0,1,0,0,0,0,0,0,0,0,0,1,0,0,0,0,0,0,0,1,0,0,0,0,0,0
47,6,30,33,157,1850,55.67743108,12.53669761,288.079393939394,996.666666666667,94.3636363636364,3.66666666666667,190.606060606061,0,82.0909090909091,1,0,0,0,0,0,0,1,0,0,1,0,0,1,0,0,0,0,0,0,0,0,0,1,0,0,0,0,0,0,0,0,1,0,0,0,0,0
47,7,1,30,157,1850,55.67743108,12.53669761,288.369,1003.86666666667,87.5,4.6,294.666666666667,0,65,0,0,1,0,0,0,0,1,0,0,1,0,0,1,0,0,0,0,0,0,0,0,0,1,0,0,0,0,0,0,0,0,1,0,0,0,0,0
47,7,2,4,157,1850,55.67743108,12.53669761,288.338679226121,1012.25,80.25,6.5,276.25,0,60.75,0,0,0,1,0,0,0,1,0,0,1,0,0,1,0,0,0,0,0,0,0,0,0,1,0,0,0,0,0,0,0,1,0,0,0,0,0,0
49,1,1,21.88383418102749,18,9881,57.54125262,10.19987519,277.752071428571,1018.57142857143,88.0714285714286,5.21428571428571,280.25,2.21,54.4285714285714,0,0,0,1,0,0,0,1,0,0,1,1,0,0,0,0,0,0,0,0,0,0,0,0,0,1,0,0,0,0,0,0,0,0,0,1,0,0
49,1,2,42,18,9881,57.54125262,10.19987519,273.943761904762,1016.40476190476,58.2619047619048,1.5,262.571428571429,0,5.23809523809524,0,1,0,0,0,0,0,1,0,0,1,1,0,0,0,0,0,0,0,0,0,0,0,0,0,1,0,0,0,0,1,0,0,0,0,0,0,0
49,1,3,43,18,9881,57.54125262,10.19987519,278.093372093023,1001.83720930233,86.2093023255814,8.69767441860465,261.325581395349,0,58.7209302325581,0,0,0,0,0,1,0,1,0,0,1,1,0,0,0,0,0,0,0,0,0,0,0,0,0,1,0,0,0,0,1,0,0,0,0,0,0,0
49,1,4,34,18,9881,57.54125262,10.19987519,274.021088235294,1011.67647058824,60.3529411764706,8.79411764705882,20.2647058823529,0,50.9117647058824,0,0,0,0,0,0,1,1,0,0,1,1,0,0,0,0,0,0,0,0,0,0,0,0,0,1,0,0,0,0,0,1,0,0,0,0,0,0
49,1,5,56,18,9881,57.54125262,10.19987519,268.528964285714,1040.80357142857,59.7142857142857,3,111.142857142857,0,29.6785714285714,0,0,0,0,1,0,0,1,0,0,1,1,0,0,0,0,0,0,0,0,0,0,0,0,0,1,0,0,0,0,1,0,0,0,0,0,0,0
49,1,6,50,18,9881,57.54125262,10.19987519,269.03588,1039.42,66.98,6.8,197.1,0,24.72,1,0,0,0,0,0,0,1,0,0,1,1,0,0,0,0,0,0,0,0,0,0,0,0,0,1,0,0,0,0,1,0,0,0,0,0,0,0
49,1,7,29.1783593803877,18,9881,57.54125262,10.19987519,276.999095238095,1031.45238095238,86.1428571428571,5.28571428571429,161.97619047619,2.625,38.9523809523809,0,0,1,0,0,0,0,1,0,0,1,1,0,0,0,0,0,0,0,0,0,0,0,0,0,1,0,0,0,0,0,0,0,0,0,1,0,0
49,1,8,36,18,9881,57.54125262,10.19987519,274.122138888889,1037.86111111111,87.75,4.77777777777778,236.972222222222,0.375,61.4444444444444,0,0,0,1,0,0,0,1,0,0,1,1,0,0,0,0,0,0,0,0,0,0,0,0,0,1,0,0,0,0,0,1,0,0,0,0,0,0
49,1,9,38.3037511765142,18,9881,57.54125262,10.19987519,277.508509803922,1019.66666666667,97.0588235294118,5.3921568627451,207.647058823529,0.625,74.8823529411765,0,1,0,0,0,0,0,1,0,0,1,1,0,0,0,0,0,0,0,0,0,0,0,0,0,1,0,0,0,0,0,0,0,0,0,1,0,0
49,1,10,26.508252772490962,18,9881,57.54125262,10.19987519,276.075692307692,1006.38461538462,92.4358974358974,7.17948717948718,177.358974358974,2.83,69.4102564102564,0,0,0,0,0,1,0,1,0,0,1,1,0,0,0,0,0,0,0,0,0,0,0,0,0,1,0,0,0,0,0,0,0,0,0,1,0,0
49,1,11,18.594154621532656,18,9881,57.54125262,10.19987519,278.46176,980.8,88.36,11,242.28,3.945,72.72,0,0,0,0,0,0,1,1,0,0,1,1,0,0,0,0,0,0,0,0,0,0,0,0,0,1,0,0,0,0,0,0,0,0,0,1,0,0
49,1,12,32.194916451908654,18,9881,57.54125262,10.19987519,276.977625,990.229166666667,84.9166666666667,10.2291666666667,259.3125,25.3075,60.3541666666667,0,0,0,0,1,0,0,1,0,0,1,1,0,0,0,0,0,0,0,0,0,0,0,0,0,1,0,0,0,0,0,0,0,0,0,1,0,0
49,1,13,64,18,9881,57.54125262,10.19987519,273.578265625,992.875,80.234375,2.1875,202.53125,0,10.25,1,0,0,0,0,0,0,1,0,0,1,1,0,0,0,0,0,0,0,0,0,0,0,0,0,1,0,0,0,0,1,0,0,0,0,0,0,0
49,1,14,49,18,9881,57.54125262,10.19987519,274.249591836735,1007.9387755102,83.7551020408163,4.24489795918367,274.408163265306,0,14.6938775510204,0,0,1,0,0,0,0,1,0,0,1,1,0,0,0,0,0,0,0,0,0,0,0,0,0,1,0,0,0,0,1,0,0,0,0,0,0,0
49,1,15,41,18,9881,57.54125262,10.19987519,272.544390243902,1029.17073170732,74.4390243902439,2.34146341463415,256.707317073171,0,0,0,0,0,1,0,0,0,1,0,0,1,1,0,0,0,0,0,0,0,0,0,0,0,0,0,1,0,0,0,0,1,0,0,0,0,0,0,0
49,1,16,36,18,9881,57.54125262,10.19987519,271.763777777778,1032.66666666667,69.9166666666667,2.80555555555556,246.388888888889,0,25.6666666666667,0,1,0,0,0,0,0,1,0,0,1,1,0,0,0,0,0,0,0,0,0,0,0,0,0,1,0,0,0,0,1,0,0,0,0,0,0,0
49,1,17,48,18,9881,57.54125262,10.19987519,273.431083333333,1035.77083333333,81.5208333333333,3.875,198.604166666667,15.2125,73.0833333333333,0,0,0,0,0,1,0,1,0,0,1,1,0,0,0,0,0,0,0,0,0,0,0,0,0,1,0,0,0,0,0,1,0,0,0,0,0,0
49,1,18,50,18,9881,57.54125262,10.19987519,278.93622,1034.38,97.7,7.58,255.98,1.8325,85.9,0,0,0,0,0,0,1,1,0,0,1,1,0,0,0,0,0,0,0,0,0,0,0,0,0,1,0,0,0,0,0,0,1,0,0,0,0,0
49,1,19,46,18,9881,57.54125262,10.19987519,279.503652173913,1035.30434782609,91.6521739130435,6.84782608695652,267.086956521739,0,38,0,0,0,0,1,0,0,1,0,0,1,1,0,0,0,0,0,0,0,0,0,0,0,0,0,1,0,0,0,0,0,1,0,0,0,0,0,0
49,1,20,64,18,9881,57.54125262,10.19987519,280.092765625,1032.4375,85.171875,7.109375,277.109375,0,6.1875,1,0,0,0,0,0,0,1,0,0,1,1,0,0,0,0,0,0,0,0,0,0,0,0,0,1,0,0,0,0,1,0,0,0,0,0,0,0
49,1,21,38,18,9881,57.54125262,10.19987519,277.543052631579,1040.34210526316,95.5,3.05263157894737,242.526315789474,0,53.8947368421053,0,0,1,0,0,0,0,1,0,0,1,1,0,0,0,0,0,0,0,0,0,0,0,0,0,1,0,0,0,0,1,0,0,0,0,0,0,0
49,1,22,36,18,9881,57.54125262,10.19987519,276.473611111111,1037.58333333333,95.25,3.88888888888889,221.972222222222,0,73.8888888888889,0,0,0,1,0,0,0,1,0,0,1,1,0,0,0,0,0,0,0,0,0,0,0,0,0,1,0,0,0,0,0,1,0,0,0,0,0,0
49,1,24,34,18,9881,57.54125262,10.19987519,277.336764705882,1029.05882352941,90.7352941176471,3.20588235294118,267.558823529412,0,15.1764705882353,0,0,0,0,0,1,0,1,0,0,1,1,0,0,0,0,0,0,0,0,0,0,0,0,0,1,0,0,0,0,1,0,0,0,0,0,0,0
49,1,25,44,18,9881,57.54125262,10.19987519,276.904113636364,1039.43181818182,94.6818181818182,5.15909090909091,236.545454545455,1.34875,51.6363636363636,0,0,0,0,0,0,1,1,0,0,1,1,0,0,0,0,0,0,0,0,0,0,0,0,0,1,0,0,0,0,1,0,0,0,0,0,0,0
49,1,26,32.46880237420555,18,9881,57.54125262,10.19987519,274.194844444444,1033.66666666667,77.8666666666667,3.48888888888889,213.4,0.23,41.0222222222222,0,0,0,0,1,0,0,1,0,0,1,1,0,0,0,0,0,0,0,0,0,0,0,0,0,1,0,0,0,0,0,0,0,0,0,1,0,0
49,1,27,65,18,9881,57.54125262,10.19987519,273.918230769231,1026.32307692308,86.5846153846154,5.03076923076923,145.753846153846,0,44.4615384615385,1,0,0,0,0,0,0,1,0,0,1,1,0,0,0,0,0,0,0,0,0,0,0,0,0,1,0,0,0,0,1,0,0,0,0,0,0,0
49,1,28,57,18,9881,57.54125262,10.19987519,274.504929824561,1030.4912280701799,89.0175438596491,4.56140350877193,150.385964912281,0,18.5964912280702,0,0,1,0,0,0,0,1,0,0,1,1,0,0,0,0,0,0,0,0,0,0,0,0,0,1,0,0,0,0,0,1,0,0,0,0,0,0
49,1,29,39,18,9881,57.54125262,10.19987519,276.955487179487,1023.35897435897,94.4871794871795,5.94871794871795,205.205128205128,8.235,78.4615384615385,0,0,0,1,0,0,0,1,0,0,1,1,0,0,0,0,0,0,0,0,0,0,0,0,0,1,0,0,0,0,0,1,0,0,0,0,0,0
49,1,30,44,18,9881,57.54125262,10.19987519,275.251272727273,1020.79545454545,92.1818181818182,2.25,136.045454545455,0,12.3636363636364,0,1,0,0,0,0,0,1,0,0,1,1,0,0,0,0,0,0,0,0,0,0,0,0,0,1,0,0,0,0,0,1,0,0,0,0,0,0
49,1,31,94,18,9881,57.54125262,10.19987519,274.656638297872,1027.72340425532,86.7872340425532,3.4468085106383,90.4255319148936,0,67.3297872340426,0,0,0,0,0,1,0,1,0,0,1,1,0,0,0,0,0,0,0,0,0,0,0,0,0,1,0,0,0,0,0,1,0,0,0,0,0,0
49,2,1,80,18,9881,57.54125262,10.19987519,274.5496625,1024.8625,85.3875,4.5,144.275,0.63,73.875,0,0,0,0,0,0,1,1,0,0,1,1,0,0,0,0,0,0,0,0,0,0,0,0,0,1,0,0,0,0,0,1,0,0,0,0,0,0
49,2,2,75,18,9881,57.54125262,10.19987519,274.23748,1015.25333333333,90.5333333333333,6.37333333333333,145.306666666667,8.145,80.08,0,0,0,0,1,0,0,1,0,0,1,1,0,0,0,0,0,0,0,0,0,0,0,0,0,1,0,0,0,0,0,1,0,0,0,0,0,0
49,2,3,56.970299983117734,18,9881,57.54125262,10.19987519,275.276708333333,1010.86111111111,97.0416666666667,5.73611111111111,108.722222222222,3.835,86.5277777777778,1,0,0,0,0,0,0,1,0,0,1,1,0,0,0,0,0,0,0,0,0,0,0,0,0,1,0,0,0,0,0,0,0,0,0,1,0,0
49,2,4,41.5442234597751,18,9881,57.54125262,10.19987519,276.281679245283,1015.64150943396,95.6037735849057,4.32075471698113,129.264150943396,49.1875,91.5471698113208,0,0,1,0,0,0,0,1,0,0,1,1,0,0,0,0,0,0,0,0,0,0,0,0,0,1,0,0,0,0,0,0,0,0,0,1,0,0
49,2,5,32.73111373693683,18,9881,57.54125262,10.19987519,275.474108695652,1021.65217391304,97.4347826086957,6.45652173913043,94.8695652173913,4.91,91.8260869565217,0,0,0,1,0,0,0,1,0,0,1,1,0,0,0,0,0,0,0,0,0,0,0,0,0,1,0,0,0,0,0,0,0,0,0,1,0,0
49,2,6,31,18,9881,57.54125262,10.19987519,274.183741935484,1031.61290322581,78.0967741935484,6.09677419354839,76.5806451612903,0,78.0645161290323,0,1,0,0,0,0,0,1,0,0,1,1,0,0,0,0,0,0,0,0,0,0,0,0,0,1,0,0,0,0,0,1,0,0,0,0,0,0
49,2,7,36,18,9881,57.54125262,10.19987519,271.676361111111,1035.75,62.8611111111111,8.02777777777778,82.2222222222222,0,77.3055555555556,0,0,0,0,0,1,0,1,0,0,1,1,0,0,0,0,0,0,0,0,0,0,0,0,0,1,0,0,0,0,0,0,0,0,0,0,1,0
49,2,8,56,18,9881,57.54125262,10.19987519,271.853,1042.05357142857,51.6071428571429,7.26785714285714,77.0178571428571,0,62.3392857142857,0,0,0,0,0,0,1,1,0,0,1,1,0,0,0,0,0,0,0,0,0,0,0,0,0,1,0,0,0,0,0,1,0,0,0,0,0,0
49,2,9,48,18,9881,57.54125262,10.19987519,271.179875,1041.29166666667,76.9166666666667,4.58333333333333,77.0833333333333,0,79.1666666666667,0,0,0,0,1,0,0,1,0,0,1,1,0,0,0,0,0,0,0,0,0,0,0,0,0,1,0,0,0,0,0,1,0,0,0,0,0,0
49,2,10,52,18,9881,57.54125262,10.19987519,273.218884615385,1041,80.2692307692308,6.76923076923077,81.6346153846154,0,76.9230769230769,1,0,0,0,0,0,0,1,0,0,1,1,0,0,0,0,0,0,0,0,0,0,0,0,0,1,0,0,0,0,0,1,0,0,0,0,0,0
49,2,11,36,18,9881,57.54125262,10.19987519,272.92475,1050.13888888889,81.5833333333333,7.25,87,0,30,0,0,1,0,0,0,0,1,0,0,1,1,0,0,0,0,0,0,0,0,0,0,0,0,0,1,0,0,0,0,1,0,0,0,0,0,0,0
49,2,12,27,18,9881,57.54125262,10.19987519,273.278037037037,1053.37037037037,77.2222222222222,5.48148148148148,96.3333333333333,0,57.6296296296296,0,0,0,1,0,0,0,1,0,0,1,1,0,0,0,0,0,0,0,0,0,0,0,0,0,1,0,0,0,0,0,1,0,0,0,0,0,0
49,2,13,44,18,9881,57.54125262,10.19987519,270.558477272727,1043.15909090909,70.5,1.13636363636364,157.045454545455,0,0,0,1,0,0,0,0,0,1,0,0,1,1,0,0,0,0,0,0,0,0,0,0,0,0,0,1,0,0,0,0,1,0,0,0,0,0,0,0
49,2,14,48,18,9881,57.54125262,10.19987519,272.090454684214,1048.52083333333,78.1041666666667,1.41666666666667,151.895833333333,0,0,0,0,0,0,0,1,0,1,0,0,1,1,0,0,0,0,0,0,0,0,0,0,0,0,0,1,0,0,0,0,1,0,0,0,0,0,0,0
49,2,15,37,18,9881,57.54125262,10.19987519,272.56972972973,1043.62162162162,76.7837837837838,1.37837837837838,191.702702702703,0,8.64864864864865,0,0,0,0,0,0,1,1,0,0,1,1,0,0,0,0,0,0,0,0,0,0,0,0,0,1,0,0,0,0,1,0,0,0,0,0,0,0
49,2,16,56,18,9881,57.54125262,10.19987519,277.723107142857,1029.64285714286,95.0178571428571,7.01785714285714,238.678571428571,16.9675,76.2142857142857,0,0,0,0,1,0,0,1,0,0,1,1,0,0,0,0,0,0,0,0,0,0,0,0,0,1,0,0,0,0,0,1,0,0,0,0,0,0
49,2,17,63,18,9881,57.54125262,10.19987519,277.052968253968,1028.68253968254,96.6984126984127,1.93650793650794,270.793650793651,1.61,84.5714285714286,1,0,0,0,0,0,0,1,0,0,1,1,0,0,0,0,0,0,0,0,0,0,0,0,0,1,0,0,0,0,0,1,0,0,0,0,0,0
49,2,18,47,18,9881,57.54125262,10.19987519,277.689,1029.72340425532,96.7446808510638,6.48936170212766,254.063829787234,2.02,73.531914893617,0,0,1,0,0,0,0,1,0,0,1,1,0,0,0,0,0,0,0,0,0,0,0,0,0,1,0,0,0,0,0,1,0,0,0,0,0,0
49,2,19,25.3337098184973,18,9881,57.54125262,10.19987519,279.35634375,1019.59375,99.125,6.5625,261.5625,2.9625,88.625,0,0,0,1,0,0,0,1,0,0,1,1,0,0,0,0,0,0,0,0,0,0,0,0,0,1,0,0,0,0,0,0,0,0,0,1,0,0
49,2,20,25.56297181174159,18,9881,57.54125262,10.19987519,280.15284375,1006.9375,98,9.3125,268.875,19.705,82.25,0,1,0,0,0,0,0,1,0,0,1,1,0,0,0,0,0,0,0,0,0,0,0,0,0,1,0,0,0,0,0,0,0,0,0,1,0,0
49,2,21,60,18,9881,57.54125262,10.19987519,278.758382992567,1010.35,83.55,10.15,286.483333333333,0.36,5.4,0,0,0,0,0,1,0,1,0,0,1,1,0,0,0,0,0,0,0,0,0,0,0,0,0,1,0,0,0,0,0,1,0,0,0,0,0,0
49,2,22,22.817969614407048,18,9881,57.54125262,10.19987519,279.151941176471,985.647058823529,67.9411764705882,13.1764705882353,257.5,4.21,56.8235294117647,0,0,0,0,0,0,1,1,0,0,1,1,0,0,0,0,0,0,0,0,0,0,0,0,0,1,0,0,0,0,0,0,0,0,0,1,0,0
49,2,23,38,18,9881,57.54125262,10.19987519,277.210131578947,989.473684210526,52.8157894736842,4.05263157894737,176.657894736842,0,27.2631578947368,0,0,0,0,1,0,0,1,0,0,1,1,0,0,0,0,0,0,0,0,0,0,0,0,0,1,0,0,0,0,1,0,0,0,0,0,0,0
49,2,24,45,18,9881,57.54125262,10.19987519,275.520088888889,1006.97777777778,46.8222222222222,3.46666666666667,301.977777777778,0,0,1,0,0,0,0,0,0,1,0,0,1,1,0,0,0,0,0,0,0,0,0,0,0,0,0,1,0,0,0,0,1,0,0,0,0,0,0,0
49,2,25,43,18,9881,57.54125262,10.19987519,275.086511627907,1019.58139534884,88.7906976744186,4.90697674418605,205.116279069767,25.45,50.6046511627907,0,0,1,0,0,0,0,1,0,0,1,1,0,0,0,0,0,0,0,0,0,0,0,0,0,1,0,0,0,0,1,0,0,0,0,0,0,0
49,2,26,42,18,9881,57.54125262,10.19987519,279.20680952381,1009.90476190476,98.5238095238095,3.21428571428571,236.02380952381,0.9625,41.2380952380952,0,0,0,1,0,0,0,1,0,0,1,1,0,0,0,0,0,0,0,0,0,0,0,0,0,1,0,0,0,0,0,1,0,0,0,0,0,0
49,2,27,32.00684319587891,18,9881,57.54125262,10.19987519,280.273755555556,998.355555555556,87.4666666666667,4.77777777777778,200.466666666667,37.915,81.4222222222222,0,1,0,0,0,0,0,1,0,0,1,1,0,0,0,0,0,0,0,0,0,0,0,0,0,1,0,0,0,0,0,0,0,0,0,1,0,0
49,2,28,56.35590677262517,18,9881,57.54125262,10.19987519,278.120582278481,984.746835443038,65.8987341772152,8.72151898734177,191.898734177215,2.9375,61.1392405063291,0,0,0,0,0,1,0,1,0,0,1,1,0,0,0,0,0,0,0,0,0,0,0,0,0,1,0,0,0,0,0,0,0,0,0,1,0,0
49,3,1,51.141860859352164,18,9881,57.54125262,10.19987519,277.566442857143,989.542857142857,82.9428571428571,10.2857142857143,251.685714285714,0.28,58.3428571428571,0,0,0,0,0,0,1,1,0,0,1,1,0,0,0,0,0,0,0,0,0,0,0,0,0,1,0,0,0,0,0,0,0,0,0,1,0,0
49,3,2,64,18,9881,57.54125262,10.19987519,276.481015625,999.90625,88.53125,4.125,231.9375,0,58.65625,0,0,0,0,1,0,0,1,0,0,1,1,0,0,0,0,0,0,0,0,0,0,0,0,0,1,0,0,0,0,0,1,0,0,0,0,0,0
49,3,3,64,18,9881,57.54125262,10.19987519,278.564328125,1006.046875,76.21875,6.671875,245.671875,5.3025,60.8125,1,0,0,0,0,0,0,1,0,0,1,1,0,0,0,0,0,0,0,0,0,0,0,0,0,1,0,0,0,0,0,1,0,0,0,0,0,0
49,3,4,76,18,9881,57.54125262,10.19987519,277.019434210526,1010.48684210526,98.8947368421053,7.13157894736842,104.934210526316,82.0775,91.2631578947368,0,0,1,0,0,0,0,1,0,0,1,1,0,0,0,0,0,0,0,0,0,0,0,0,0,1,0,0,0,0,0,1,0,0,0,0,0,0
49,3,5,28.547403638320976,18,9881,57.54125262,10.19987519,276.126452380952,1009.42857142857,96.3333333333333,11.3571428571429,87.6904761904762,109.42,92,0,0,0,1,0,0,0,1,0,0,1,1,0,0,0,0,0,0,0,0,0,0,0,0,0,1,0,0,0,0,0,0,0,0,0,1,0,0
49,3,6,40,18,9881,57.54125262,10.19987519,272.5998,1015.8,79.325,8.075,69.875,0,81.275,0,1,0,0,0,0,0,1,0,0,1,1,0,0,0,0,0,0,0,0,0,0,0,0,0,1,0,0,0,0,0,1,0,0,0,0,0,0
49,3,7,47,18,9881,57.54125262,10.19987519,271.148,1019.04255319149,55.0851063829787,4.57446808510638,30.4468085106383,0,59.1063829787234,0,0,0,0,0,1,0,1,0,0,1,1,0,0,0,0,0,0,0,0,0,0,0,0,0,1,0,0,0,0,0,1,0,0,0,0,0,0
49,3,8,41,18,9881,57.54125262,10.19987519,273.063512195122,1015.68292682927,72.4390243902439,4.80487804878049,176.658536585366,4.335,60.5365853658537,0,0,0,0,0,0,1,1,0,0,1,1,0,0,0,0,0,0,0,0,0,0,0,0,0,1,0,0,0,0,1,0,0,0,0,0,0,0
49,3,9,51,18,9881,57.54125262,10.19987519,278.307705882353,1011.92156862745,83.7058823529412,4.58823529411765,222.019607843137,1.775,61.1960784313725,0,0,0,0,1,0,0,1,0,0,1,1,0,0,0,0,0,0,0,0,0,0,0,0,0,1,0,0,0,0,1,0,0,0,0,0,0,0
49,3,10,82,18,9881,57.54125262,10.19987519,279.268902439024,1023.42682926829,50.7926829268293,2.89024390243902,314.512195121951,0,4.82926829268293,1,0,0,0,0,0,0,1,0,0,1,1,0,0,0,0,0,0,0,0,0,0,0,0,0,1,0,0,0,0,1,0,0,0,0,0,0,0
49,3,11,46,18,9881,57.54125262,10.19987519,277.189717391304,1037.67391304348,98.1304347826087,3.47826086956522,123.04347826087,0,8.78260869565217,0,0,1,0,0,0,0,1,0,0,1,1,0,0,0,0,0,0,0,0,0,0,0,0,0,1,0,0,0,0,0,1,0,0,0,0,0,0
49,3,12,40,18,9881,57.54125262,10.19987519,276.240325,1036.225,91.525,5.05,151.1,0,81.9,0,0,0,1,0,0,0,1,0,0,1,1,0,0,0,0,0,0,0,0,0,0,0,0,0,1,0,0,0,0,0,1,0,0,0,0,0,0
49,3,13,49,18,9881,57.54125262,10.19987519,277.499755102041,1025.30612244898,69.7142857142857,3.44897959183673,203.020408163265,0.93,54.1632653061224,0,1,0,0,0,0,0,1,0,0,1,1,0,0,0,0,0,0,0,0,0,0,0,0,0,1,0,0,0,0,0,1,0,0,0,0,0,0
49,3,14,35,18,9881,57.54125262,10.19987519,279.974171428571,1022.42857142857,83.5428571428571,7.6,235.142857142857,0,40.7142857142857,0,0,0,0,0,1,0,1,0,0,1,1,0,0,0,0,0,0,0,0,0,0,0,0,0,1,0,0,0,0,1,0,0,0,0,0,0,0
49,3,15,33,18,9881,57.54125262,10.19987519,280.203181818182,1021.42424242424,57.9393939393939,10.6666666666667,267.454545454545,0,23.6363636363636,0,0,0,0,0,0,1,1,0,0,1,1,0,0,0,0,0,0,0,0,0,0,0,0,0,1,0,0,0,0,1,0,0,0,0,0,0,0
49,3,16,46,18,9881,57.54125262,10.19987519,281.75,1017.47826086957,71.3695652173913,6.78260869565217,241.760869565217,0,64.1521739130435,0,0,0,0,1,0,0,1,0,0,1,1,0,0,0,0,0,0,0,0,0,0,0,0,0,1,0,0,0,0,0,1,0,0,0,0,0,0
49,3,17,50,18,9881,57.54125262,10.19987519,278.58096,1001.06,73.34,10.08,258.6,0,40.14,1,0,0,0,0,0,0,1,0,0,1,1,0,0,0,0,0,0,0,0,0,0,0,0,0,1,0,0,0,0,0,1,0,0,0,0,0,0
49,3,18,67,18,9881,57.54125262,10.19987519,277.63252238806,1006.37313432836,85.4179104477612,5.77611940298507,305.582089552239,0,9.19402985074627,0,0,1,0,0,0,0,1,0,0,1,1,0,0,0,0,0,0,0,0,0,0,0,0,0,1,0,0,0,0,1,0,0,0,0,0,0,0
49,3,19,39,18,9881,57.54125262,10.19987519,275.745051282051,1011.5641025641,94.4358974358974,6.71794871794872,167.948717948718,21.0375,80.2051282051282,0,0,0,1,0,0,0,1,0,0,1,1,0,0,0,0,0,0,0,0,0,0,0,0,0,1,0,0,0,0,1,0,0,0,0,0,0,0
49,3,20,41,18,9881,57.54125262,10.19987519,279.579536585366,1000.29268292683,92.2682926829268,3.90243902439024,181.878048780488,19.3725,69.8292682926829,0,1,0,0,0,0,0,1,0,0,1,1,0,0,0,0,0,0,0,0,0,0,0,0,0,1,0,0,0,0,0,1,0,0,0,0,0,0
49,3,21,40,18,9881,57.54125262,10.19987519,277.6578,998.55,86.925,9.35,241.825,2.9225,64.675,0,0,0,0,0,1,0,1,0,0,1,1,0,0,0,0,0,0,0,0,0,0,0,0,0,1,0,0,0,0,1,0,0,0,0,0,0,0
49,3,22,53,18,9881,57.54125262,10.19987519,278.62520754717,1015.96226415094,77.0377358490566,8.58490566037736,262.132075471698,1.2825,50.5094339622642,0,0,0,0,0,0,1,1,0,0,1,1,0,0,0,0,0,0,0,0,0,0,0,0,0,1,0,0,0,0,0,1,0,0,0,0,0,0
49,3,23,59,18,9881,57.54125262,10.19987519,277.837491525424,1028.16949152542,59.4576271186441,1.77966101694915,321.491525423729,0,1.35593220338983,0,0,0,0,1,0,0,1,0,0,1,1,0,0,0,0,0,0,0,0,0,0,0,0,0,1,0,0,0,0,1,0,0,0,0,0,0,0
49,3,24,59,18,9881,57.54125262,10.19987519,279.420661016949,1031.81355932203,61.5254237288136,4.91525423728814,266.932203389831,0,5.96610169491525,1,0,0,0,0,0,0,1,0,0,1,1,0,0,0,0,0,0,0,0,0,0,0,0,0,1,0,0,0,0,0,1,0,0,0,0,0,0
49,3,25,52,18,9881,57.54125262,10.19987519,281.376096153846,1037.76923076923,77.9807692307692,6.30769230769231,308.153846153846,0,3.69230769230769,0,0,1,0,0,0,0,1,0,0,1,1,0,0,0,0,0,0,0,0,0,0,0,0,0,1,0,0,0,0,0,1,0,0,0,0,0,0
49,3,26,27,18,9881,57.54125262,10.19987519,282.098888888889,1036.03703703704,88.7777777777778,4.2962962962963,226.074074074074,0,4.2962962962963,0,0,0,1,0,0,0,1,0,0,1,1,0,0,0,0,0,0,0,0,0,0,0,0,0,1,0,0,0,0,1,0,0,0,0,0,0,0
49,3,27,41,18,9881,57.54125262,10.19987519,280.837902439024,1024.07317073171,81,6.58536585365854,251.243902439024,0,57.0731707317073,0,1,0,0,0,0,0,1,0,0,1,1,0,0,0,0,0,0,0,0,0,0,0,0,0,1,0,0,0,0,0,0,0,1,0,0,0,0
49,3,28,39,18,9881,57.54125262,10.19987519,279.06658974359,1021.71794871795,84.6410256410256,2.82051282051282,237.128205128205,0,67.2307692307692,0,0,0,0,0,1,0,1,0,0,1,1,0,0,0,0,0,0,0,0,0,0,0,0,0,1,0,0,0,0,0,1,0,0,0,0,0,0
49,3,29,35.60923266460887,18,9881,57.54125262,10.19987519,278.815245283019,1022.8679245283,77.5849056603774,3.39622641509434,282.830188679245,0.48,50.4150943396226,0,0,0,0,0,0,1,1,0,0,1,1,0,0,0,0,0,0,0,0,0,0,0,0,0,1,0,0,0,0,0,0,0,0,0,1,0,0
49,3,30,61,18,9881,57.54125262,10.19987519,280.86662295082,1020.32786885246,95.7868852459016,5.75409836065574,204.508196721311,12.9825,81.4262295081967,0,0,0,0,1,0,0,1,0,0,1,1,0,0,0,0,0,0,0,0,0,0,0,0,0,1,0,0,0,0,0,1,0,0,0,0,0,0
49,3,31,69.11933268688153,18,9881,57.54125262,10.19987519,284.984291262136,1014.49514563107,88.873786407767,3.09708737864078,181.291262135922,4.6615,66.1067961165049,1,0,0,0,0,0,0,1,0,0,1,1,0,0,0,0,0,0,0,0,0,0,0,0,0,1,0,0,0,0,0,0,0,0,0,1,0,0
49,4,1,58.976784545229755,18,9881,57.54125262,10.19987519,283.802613333333,1021.42666666667,91.1066666666667,2.82666666666667,239.053333333333,0.129,53.1733333333333,0,0,1,0,0,0,0,1,0,0,1,1,0,0,0,0,0,0,0,0,0,0,0,0,0,1,0,0,0,0,0,0,0,0,0,1,0,0
49,4,2,40.81941352924332,18,9881,57.54125262,10.19987519,282.90425,1026.32692307692,87.4807692307692,4.63461538461539,260.365384615385,2.901,26.4615384615385,0,0,0,1,0,0,0,1,0,0,1,1,0,0,0,0,0,0,0,0,0,0,0,0,0,1,0,0,0,0,0,0,0,0,0,1,0,0
49,4,3,71,18,9881,57.54125262,10.19987519,281.557211267606,1028.40845070423,77.0422535211268,4.15492957746479,245.746478873239,0,36.4788732394366,0,1,0,0,0,0,0,1,0,0,1,1,0,0,0,0,0,0,0,0,0,0,0,0,0,1,0,0,0,0,1,0,0,0,0,0,0,0
49,4,4,64,18,9881,57.54125262,10.19987519,283.355296875,1027.515625,68.8125,5.65625,228.484375,0.26,18.234375,0,0,0,0,0,1,0,1,0,0,1,1,0,0,0,0,0,0,0,0,0,0,0,0,0,1,0,0,0,0,1,0,0,0,0,0,0,0
49,4,5,57,18,9881,57.54125262,10.19987519,280.988035087719,1016.29824561404,65.7719298245614,11.1228070175439,275.649122807018,0,28.9122807017544,0,0,0,0,0,0,1,1,0,0,1,1,0,0,0,0,0,0,0,0,0,0,0,0,0,1,0,0,0,0,0,1,0,0,0,0,0,0
49,4,6,76,18,9881,57.54125262,10.19987519,281.550184210526,1022.77631578947,76.4078947368421,9.25,279.986842105263,8.1,58.2236842105263,0,0,0,0,1,0,0,1,0,0,1,1,0,0,0,0,0,0,0,0,0,0,0,0,0,1,0,0,0,0,1,0,0,0,0,0,0,0
49,4,7,75,18,9881,57.54125262,10.19987519,285.55304,1018.33333333333,62.7466666666667,6.52,298.373333333333,0,0,1,0,0,0,0,0,0,1,0,0,1,1,0,0,0,0,0,0,0,0,0,0,0,0,0,1,0,0,0,0,1,0,0,0,0,0,0,0
49,4,8,65,18,9881,57.54125262,10.19987519,282.792784615385,1030.03076923077,80.6615384615385,8.6,273.769230769231,0,3.26153846153846,0,0,1,0,0,0,0,1,0,0,1,1,0,0,0,0,0,0,0,0,0,0,0,0,0,1,0,0,0,0,0,1,0,0,0,0,0,0
49,4,9,40,18,9881,57.54125262,10.19987519,284.709975,1028.925,75.45,6.35,242.025,0,0,0,0,0,1,0,0,0,1,0,0,1,1,0,0,0,0,0,0,0,0,0,0,0,0,0,1,0,0,0,0,1,0,0,0,0,0,0,0
49,4,10,36.277656849124476,18,9881,57.54125262,10.19987519,281.19302,1010.84,64.54,11.46,276.84,0.12,18.1,0,1,0,0,0,0,0,1,0,0,1,1,0,0,0,0,0,0,0,0,0,0,0,0,0,1,0,0,0,0,0,0,0,0,0,1,0,0
49,4,11,86,18,9881,57.54125262,10.19987519,280.596023255814,1017.20930232558,55.8720930232558,6.25581395348837,271.895348837209,22.21,32.6976744186046,0,0,0,0,0,1,0,1,0,0,1,1,0,0,0,0,0,0,0,0,0,0,0,0,0,1,0,0,0,0,1,0,0,0,0,0,0,0
49,4,12,80,18,9881,57.54125262,10.19987519,281.4947625,1002.2125,87.5875,9.6,278.025,0,53.7,0,0,0,0,0,0,1,1,0,0,1,1,0,0,0,0,0,0,0,0,0,0,0,0,0,1,0,0,0,0,0,1,0,0,0,0,0,0
49,4,13,53,18,9881,57.54125262,10.19987519,281.044388716653,1013.94339622642,79.4339622641509,7.18867924528302,287.283018867925,3.105,52.188679245283,0,0,0,0,1,0,0,1,0,0,1,1,0,0,0,0,0,0,0,0,0,0,0,0,0,1,0,0,0,0,1,0,0,0,0,0,0,0
49,4,14,64,18,9881,57.54125262,10.19987519,280.670671875,1018.875,74.6875,4.921875,238.65625,0,17.75,1,0,0,0,0,0,0,1,0,0,1,1,0,0,0,0,0,0,0,0,0,0,0,0,0,1,0,0,0,0,1,0,0,0,0,0,0,0
49,4,15,51.78809494492598,18,9881,57.54125262,10.19987519,276.818632352941,1016.42647058824,98.9705882352941,5.04411764705882,89.4264705882353,88.6,90.7647058823529,0,0,1,0,0,0,0,1,0,0,1,1,0,0,0,0,0,0,0,0,0,0,0,0,0,1,0,0,0,0,0,0,0,0,0,1,0,0
49,4,16,27.473341069987512,18,9881,57.54125262,10.19987519,277.75227027027,1024.10810810811,98.7567567567568,2.67567567567568,189.756756756757,35.46,91.3513513513514,0,0,0,1,0,0,0,1,0,0,1,1,0,0,0,0,0,0,0,0,0,0,0,0,0,1,0,0,0,0,0,0,0,0,0,1,0,0
49,4,17,27.63324049121002,18,9881,57.54125262,10.19987519,277.8846,1027.28571428571,97.2571428571429,6.68571428571429,141.457142857143,50.79,88.8,0,1,0,0,0,0,0,1,0,0,1,1,0,0,0,0,0,0,0,0,0,0,0,0,0,1,0,0,0,0,0,0,0,0,0,1,0,0
49,4,18,46,18,9881,57.54125262,10.19987519,277.117782608696,1037.65217391304,76.0434782608696,2.97826086956522,74.8260869565217,0,20.5217391304348,0,0,0,0,0,1,0,1,0,0,1,1,0,0,0,0,0,0,0,0,0,0,0,0,0,1,0,0,0,0,0,1,0,0,0,0,0,0
49,4,19,53,18,9881,57.54125262,10.19987519,280.012339622641,1039.54716981132,55.811320754717,4.18867924528302,243.981132075472,0.44,3.77358490566038,0,0,0,0,0,0,1,1,0,0,1,1,0,0,0,0,0,0,0,0,0,0,0,0,0,1,0,0,0,0,1,0,0,0,0,0,0,0
49,4,20,62,18,9881,57.54125262,10.19987519,281.327064516129,1029.51612903226,74.2096774193548,9.2741935483871,247.241935483871,1.84,76.3548387096774,0,0,0,0,1,0,0,1,0,0,1,1,0,0,0,0,0,0,0,0,0,0,0,0,0,1,0,0,0,0,0,1,0,0,0,0,0,0
49,4,21,58,18,9881,57.54125262,10.19987519,281.344620689655,1016.65517241379,73.1551724137931,11.8103448275862,279.724137931034,0,35.6551724137931,1,0,0,0,0,0,0,1,0,0,1,1,0,0,0,0,0,0,0,0,0,0,0,0,0,1,0,0,0,0,0,1,0,0,0,0,0,0
49,4,22,84,18,9881,57.54125262,10.19987519,282.028857142857,1024.16666666667,66.9285714285714,6.96428571428571,317.369047619048,0,2.71428571428571,0,0,1,0,0,0,0,1,0,0,1,1,0,0,0,0,0,0,0,0,0,0,0,0,0,1,0,0,0,0,1,0,0,0,0,0,0,0
49,4,23,55,18,9881,57.54125262,10.19987519,279.782163636364,1025.89090909091,69.5272727272727,7.87272727272727,304.309090909091,0,16.8727272727273,0,0,0,1,0,0,0,1,0,0,1,1,0,0,0,0,0,0,0,0,0,0,0,0,0,1,0,0,0,0,0,1,0,0,0,0,0,0
49,4,24,30.880318491114306,18,9881,57.54125262,10.19987519,279.476276595745,1002.59574468085,74.5531914893617,10.5106382978723,259.127659574468,7.41,36.1914893617021,0,1,0,0,0,0,0,1,0,0,1,1,0,0,0,0,0,0,0,0,0,0,0,0,0,1,0,0,0,0,0,0,0,0,0,1,0,0
49,4,25,38.11882234369405,18,9881,57.54125262,10.19987519,277.978913793103,1004.44827586207,75.551724137931,4.81034482758621,261.948275862069,0,52.2068965517241,0,0,0,0,0,1,0,1,0,0,1,1,0,0,0,0,0,0,0,0,0,0,0,0,0,1,0,0,0,0,0,0,0,0,0,1,0,0
49,4,26,57,18,9881,57.54125262,10.19987519,280.38350877193,1016.68421052632,67.2982456140351,2.98245614035088,314.40350877193,0,10.5263157894737,0,0,0,0,0,0,1,1,0,0,1,1,0,0,0,0,0,0,0,0,0,0,0,0,0,1,0,0,0,0,1,0,0,0,0,0,0,0
49,4,27,55,18,9881,57.54125262,10.19987519,281.2966,1013.23636363636,76.6,4.07272727272727,231.872727272727,4.895,55.6363636363636,0,0,0,0,1,0,0,1,0,0,1,1,0,0,0,0,0,0,0,0,0,0,0,0,0,1,0,0,0,0,1,0,0,0,0,0,0,0
49,4,28,109,18,9881,57.54125262,10.19987519,280.68804587156,1012.70642201835,86.2660550458716,4.61467889908257,158.201834862385,28.4125,71.8623853211009,1,0,0,0,0,0,0,1,0,0,1,1,0,0,0,0,0,0,0,0,0,0,0,0,0,1,0,0,0,0,0,1,0,0,0,0,0,0
49,4,29,66.91159188139719,18,9881,57.54125262,10.19987519,280.131214285714,1030.27551020408,96.0510204081633,4.87755102040816,57.2040816326531,2.99,9.55102040816327,0,0,1,0,0,0,0,1,0,0,1,1,0,0,0,0,0,0,0,0,0,0,0,0,0,1,0,0,0,0,0,0,0,0,0,1,0,0
49,4,30,62,18,9881,57.54125262,10.19987519,281.319693548387,1034.37096774194,81.4193548387097,5.11290322580645,148.725806451613,0,0,0,0,0,1,0,0,0,1,0,0,1,1,0,0,0,0,0,0,0,0,0,0,0,0,0,1,0,0,0,0,1,0,0,0,0,0,0,0
49,5,1,72,18,9881,57.54125262,10.19987519,284.182402777778,1028,56.7777777777778,6.20833333333333,108.569444444444,0,0.555555555555556,0,1,0,0,0,0,0,1,0,0,1,1,0,0,0,0,0,0,0,0,0,0,0,0,0,1,0,0,0,0,1,0,0,0,0,0,0,0
49,5,2,76,18,9881,57.54125262,10.19987519,285.215789473684,1033.07894736842,63.3684210526316,4.22368421052632,64.1973684210526,0,1.26315789473684,0,0,0,0,0,1,0,1,0,0,1,1,0,0,0,0,0,0,0,0,0,0,0,0,0,1,0,0,0,0,1,0,0,0,0,0,0,0
49,5,3,61,18,9881,57.54125262,10.19987519,286.449737704918,1036.73770491803,52.2131147540984,3.67213114754098,88.2786885245902,0,20.0655737704918,0,0,0,0,0,0,1,1,0,0,1,1,0,0,0,0,0,0,0,0,0,0,0,0,0,1,0,0,0,0,0,1,0,0,0,0,0,0
49,5,4,62,18,9881,57.54125262,10.19987519,284.433741935484,1036.93548387097,52.5483870967742,7.95161290322581,47.6935483870968,0,15.8064516129032,0,0,0,0,1,0,0,1,0,0,1,1,0,0,0,0,0,0,0,0,0,0,0,0,0,1,0,0,0,0,1,0,0,0,0,0,0,0
49,5,5,67,18,9881,57.54125262,10.19987519,285.968208955224,1030.20895522388,52.5522388059701,5.05970149253731,121.746268656716,0,5.07462686567164,1,0,0,0,0,0,0,1,0,0,1,1,0,0,0,0,0,0,0,0,0,0,0,0,0,1,0,0,0,0,1,0,0,0,0,0,0,0
49,5,6,67,18,9881,57.54125262,10.19987519,287.728626865672,1028.32835820896,67.2985074626866,0.985074626865672,187.970149253731,0,0,0,0,1,0,0,0,0,1,0,0,1,1,0,0,0,0,0,0,0,0,0,0,0,0,0,1,0,0,0,0,1,0,0,0,0,0,0,0
49,5,7,45,18,9881,57.54125262,10.19987519,285.941666666667,1024.77777777778,70.0666666666667,1.6,113.2,0,64.2666666666667,0,0,0,1,0,0,0,1,0,0,1,1,0,0,0,0,0,0,0,0,0,0,0,0,0,1,0,0,0,0,0,1,0,0,0,0,0,0
49,5,8,36,18,9881,57.54125262,10.19987519,280.701888888889,1027.72222222222,47.8333333333333,7,55.6944444444444,0,21.2222222222222,0,1,0,0,0,0,0,1,0,0,1,1,0,0,0,0,0,0,0,0,0,0,0,0,0,1,0,0,0,0,0,1,0,0,0,0,0,0
49,5,9,50,18,9881,57.54125262,10.19987519,282.3898,1018.34,66.14,3.2,225.8,28.935,82.26,0,0,0,0,0,1,0,1,0,0,1,1,0,0,0,0,0,0,0,0,0,0,0,0,0,1,0,0,0,0,0,1,0,0,0,0,0,0
49,5,10,53,18,9881,57.54125262,10.19987519,280.502603773585,1010.05660377358,85.377358490566,3.90566037735849,170.245283018868,20.28,82.377358490566,0,0,0,0,0,0,1,1,0,0,1,1,0,0,0,0,0,0,0,0,0,0,0,0,0,1,0,0,0,0,0,1,0,0,0,0,0,0
49,5,11,52.227105983765796,18,9881,57.54125262,10.19987519,282.914352941176,1009.58823529412,82.5588235294118,2.42647058823529,162.367647058824,0.93,65.7058823529412,0,0,0,0,1,0,0,1,0,0,1,1,0,0,0,0,0,0,0,0,0,0,0,0,0,1,0,0,0,0,0,0,0,0,0,1,0,0
49,5,12,69,18,9881,57.54125262,10.19987519,284.080333333333,1021.60869565217,76.1304347826087,7.6231884057971,115.782608695652,0,28.9855072463768,1,0,0,0,0,0,0,1,0,0,1,1,0,0,0,0,0,0,0,0,0,0,0,0,0,1,0,0,0,0,1,0,0,0,0,0,0,0
49,5,13,45.605947280104736,18,9881,57.54125262,10.19987519,283.972695652174,1024.36231884058,91.8115942028985,6.08695652173913,113.565217391304,194.405,70.1449275362319,0,0,1,0,0,0,0,1,0,0,1,1,0,0,0,0,0,0,0,0,0,0,0,0,0,1,0,0,0,0,0,0,0,0,0,1,0,0
49,5,14,33.07724529958796,18,9881,57.54125262,10.19987519,286.058866666667,1029.11111111111,98.8888888888889,3.17777777777778,228.644444444444,83.45,50.4888888888889,0,0,0,1,0,0,0,1,0,0,1,1,0,0,0,0,0,0,0,0,0,0,0,0,0,1,0,0,0,0,0,0,0,0,0,1,0,0
49,5,15,51,18,9881,57.54125262,10.19987519,287.140431372549,1029.74509803922,75.1176470588235,4.58823529411765,258.823529411765,0,43.4313725490196,0,1,0,0,0,0,0,1,0,0,1,1,0,0,0,0,0,0,0,0,0,0,0,0,0,1,0,0,0,0,0,0,0,0,1,0,0,0
49,5,16,22.80214329145383,18,9881,57.54125262,10.19987519,285.389941176471,1028.88235294118,92.2941176470588,7.35294117647059,166.470588235294,13.515,81,0,0,0,0,0,1,0,1,0,0,1,1,0,0,0,0,0,0,0,0,0,0,0,0,0,1,0,0,0,0,0,0,0,0,0,1,0,0
49,5,17,40.10409404574894,18,9881,57.54125262,10.19987519,289.799879310345,1022.81034482759,89.2068965517241,3.56896551724138,220.189655172414,4.3425,77.1206896551724,0,0,0,0,0,0,1,1,0,0,1,1,0,0,0,0,0,0,0,0,0,0,0,0,0,1,0,0,0,0,0,0,0,0,0,1,0,0
49,5,18,48,18,9881,57.54125262,10.19987519,292.828645833333,1014.02083333333,70.75,6.33333333333333,194.1875,0.95,29.5833333333333,0,0,0,0,1,0,0,1,0,0,1,1,0,0,0,0,0,0,0,0,0,0,0,0,0,1,0,0,0,0,0,1,0,0,0,0,0,0
49,5,19,78,18,9881,57.54125262,10.19987519,289.819743589744,1015.79487179487,76.2051282051282,1.93589743589744,76.6025641025641,0,32.0512820512821,1,0,0,0,0,0,0,1,0,0,1,1,0,0,0,0,0,0,0,0,0,0,0,0,0,1,0,0,0,0,0,1,0,0,0,0,0,0
49,5,20,59,18,9881,57.54125262,10.19987519,287.371389830508,1027.54237288136,78.6779661016949,6.71186440677966,259,1.5925,50.4406779661017,0,0,1,0,0,0,0,1,0,0,1,1,0,0,0,0,0,0,0,0,0,0,0,0,0,1,0,0,0,0,0,1,0,0,0,0,0,0
49,5,21,33,18,9881,57.54125262,10.19987519,287.619818181818,1035.9696969697,73.8181818181818,5.45454545454545,264.636363636364,0,28.2424242424242,0,0,0,1,0,0,0,1,0,0,1,1,0,0,0,0,0,0,0,0,0,0,0,0,0,1,0,0,0,0,1,0,0,0,0,0,0,0
49,5,22,43,18,9881,57.54125262,10.19987519,286.854441860465,1024.81395348837,73,4.81395348837209,259.813953488372,0,35.2790697674419,0,1,0,0,0,0,0,1,0,0,1,1,0,0,0,0,0,0,0,0,0,0,0,0,0,1,0,0,0,0,1,0,0,0,0,0,0,0
49,5,23,52,18,9881,57.54125262,10.19987519,289.064173076923,1018.26923076923,67.6538461538462,2.55769230769231,114.519230769231,3.58,21.2884615384615,0,0,0,0,0,1,0,1,0,0,1,1,0,0,0,0,0,0,0,0,0,0,0,0,0,1,0,0,0,0,0,1,0,0,0,0,0,0
49,5,24,70,18,9881,57.54125262,10.19987519,289.069014285714,1020.1,64.5571428571429,5.25714285714286,270.6,0,12.5142857142857,0,0,0,0,0,0,1,1,0,0,1,1,0,0,0,0,0,0,0,0,0,0,0,0,0,1,0,0,0,0,1,0,0,0,0,0,0,0
49,5,25,122,18,9881,57.54125262,10.19987519,290.121196721311,1028.53278688525,68.5491803278689,6.63934426229508,304.66393442623,0,7.01639344262295,0,0,0,0,1,0,0,1,0,0,1,1,0,0,0,0,0,0,0,0,0,0,0,0,0,1,0,0,0,0,1,0,0,0,0,0,0,0
49,5,26,63,18,9881,57.54125262,10.19987519,291.881650793651,1025.06349206349,58.3650793650794,3.03174603174603,315.936507936508,0,0,1,0,0,0,0,0,0,1,0,0,1,1,0,0,0,0,0,0,0,0,0,0,0,0,0,1,0,0,0,0,1,0,0,0,0,0,0,0
49,5,27,95,18,9881,57.54125262,10.19987519,294.185273684211,1031.58947368421,61.9789473684211,3.48421052631579,216.147368421053,0,0,0,0,1,0,0,0,0,1,0,0,1,1,0,0,0,0,0,0,0,0,0,0,0,0,0,1,0,0,0,0,1,0,0,0,0,0,0,0
49,5,28,65,18,9881,57.54125262,10.19987519,293.869646153846,1023.13846153846,63.0153846153846,6.2,231.815384615385,7.125,54.0307692307692,0,0,0,1,0,0,0,1,0,0,1,1,0,0,0,0,0,0,0,0,0,0,0,0,0,1,0,0,0,0,0,1,0,0,0,0,0,0
49,5,29,41,18,9881,57.54125262,10.19987519,290.195463414634,1016.78048780488,74.1707317073171,2.53658536585366,235.926829268293,0,53.7317073170732,0,1,0,0,0,0,0,1,0,0,1,1,0,0,0,0,0,0,0,0,0,0,0,0,0,1,0,0,0,0,0,1,0,0,0,0,0,0
49,5,30,53,18,9881,57.54125262,10.19987519,287.92179245283,1013.1320754717,78.8679245283019,5.05660377358491,252.584905660377,0,46.3207547169811,0,0,0,0,0,1,0,1,0,0,1,1,0,0,0,0,0,0,0,0,0,0,0,0,0,1,0,0,0,0,0,1,0,0,0,0,0,0
49,5,31,70.9103400842636,18,9881,57.54125262,10.19987519,286.820202247191,1011.70786516854,79.6292134831461,9.96629213483146,277.348314606742,0.57,41.9662921348315,0,0,0,0,0,0,1,1,0,0,1,1,0,0,0,0,0,0,0,0,0,0,0,0,0,1,0,0,0,0,0,0,0,0,0,1,0,0
49,6,1,73,18,9881,57.54125262,10.19987519,288.672493150685,1022.2602739726,59.5342465753425,6.31506849315068,287.739726027397,0,6.95890410958904,0,0,0,0,1,0,0,1,0,0,1,1,0,0,0,0,0,0,0,0,0,0,0,0,0,1,0,0,0,0,1,0,0,0,0,0,0,0
49,6,2,54.88448641005671,18,9881,57.54125262,10.19987519,287.561506329114,1020.56962025316,70.4936708860759,2.50632911392405,94.9493670886076,0,78.2278481012658,1,0,0,0,0,0,0,1,0,0,1,1,0,0,0,0,0,0,0,0,0,0,0,0,0,1,0,0,0,0,0,0,0,0,0,1,0,0
49,6,12,50,18,9881,57.54125262,10.19987519,287.4491,1006.72,79.8,10.06,260.2,0,77.2,0,1,0,0,0,0,0,1,0,0,1,1,0,0,0,0,0,0,0,0,0,0,0,0,0,1,0,0,0,0,0,1,0,0,0,0,0,0
49,6,13,54,18,9881,57.54125262,10.19987519,288.956240740741,1013.2037037037,72.462962962963,8.18518518518519,285.481481481481,0,8.14814814814815,0,0,0,0,0,1,0,1,0,0,1,1,0,0,0,0,0,0,0,0,0,0,0,0,0,1,0,0,0,0,1,0,0,0,0,0,0,0
49,6,14,46,18,9881,57.54125262,10.19987519,289.940260869565,1020.30434782609,71.0217391304348,7.02173913043478,276.195652173913,0,7.73913043478261,0,0,0,0,0,0,1,1,0,0,1,1,0,0,0,0,0,0,0,0,0,0,0,0,0,1,0,0,0,0,0,1,0,0,0,0,0,0
49,6,15,68,18,9881,57.54125262,10.19987519,291.646867647059,1017.66176470588,72.9852941176471,3.70588235294118,212.823529411765,0,52.7352941176471,0,0,0,0,1,0,0,1,0,0,1,1,0,0,0,0,0,0,0,0,0,0,0,0,0,1,0,0,0,0,0,1,0,0,0,0,0,0
49,6,16,92,18,9881,57.54125262,10.19987519,288.918891304348,1013.14130434783,83.6739130434783,6.43478260869565,297.163043478261,0,53.5652173913044,1,0,0,0,0,0,0,1,0,0,1,1,0,0,0,0,0,0,0,0,0,0,0,0,0,1,0,0,0,0,0,1,0,0,0,0,0,0
49,6,17,84,18,9881,57.54125262,10.19987519,291.105273809524,1030.38095238095,73.2738095238095,5.22619047619048,280.309523809524,0,23.047619047619,0,0,1,0,0,0,0,1,0,0,1,1,0,0,0,0,0,0,0,0,0,0,0,0,0,1,0,0,0,0,1,0,0,0,0,0,0,0
49,6,18,39,18,9881,57.54125262,10.19987519,293.790974358974,1032,74.7692307692308,6.8974358974359,272.102564102564,0,0,0,0,0,1,0,0,0,1,0,0,1,1,0,0,0,0,0,0,0,0,0,0,0,0,0,1,0,0,0,0,1,0,0,0,0,0,0,0
49,6,19,51,18,9881,57.54125262,10.19987519,292.82131372549,1022.09803921569,73.156862745098,5.47058823529412,251.254901960784,2.1,22.9607843137255,0,1,0,0,0,0,0,1,0,0,1,1,0,0,0,0,0,0,0,0,0,0,0,0,0,1,0,0,0,0,0,1,0,0,0,0,0,0
49,6,20,56,18,9881,57.54125262,10.19987519,288.636375,1019.32142857143,63.2142857142857,8.57142857142857,291.428571428571,0,17.1428571428571,0,0,0,0,0,1,0,1,0,0,1,1,0,0,0,0,0,0,0,0,0,0,0,0,0,1,0,0,0,0,1,0,0,0,0,0,0,0
49,6,21,55,18,9881,57.54125262,10.19987519,289.180036363636,1018.29090909091,62.2,3.96363636363636,280,0,30.3272727272727,0,0,0,0,0,0,1,1,0,0,1,1,0,0,0,0,0,0,0,0,0,0,0,0,0,1,0,0,0,0,1,0,0,0,0,0,0,0
49,6,22,34.81705022987444,18,9881,57.54125262,10.19987519,287.416266666667,1011.84444444444,95.1333333333333,2.66666666666667,171.733333333333,8.27,82.3333333333333,0,0,0,0,1,0,0,1,0,0,1,1,0,0,0,0,0,0,0,0,0,0,0,0,0,1,0,0,0,0,0,0,0,0,0,1,0,0
49,6,23,58.235602491535246,18,9881,57.54125262,10.19987519,289.29643902439,1010.01219512195,88.4756097560976,4.14634146341463,210.060975609756,43.84,81.0121951219512,1,0,0,0,0,0,0,1,0,0,1,1,0,0,0,0,0,0,0,0,0,0,0,0,0,1,0,0,0,0,0,0,0,0,0,1,0,0
49,6,24,51.805803283292335,18,9881,57.54125262,10.19987519,288.725420289855,1014.47826086957,83.4057971014493,7.39130434782609,259.623188405797,0.505,19.304347826087,0,0,1,0,0,0,0,1,0,0,1,1,0,0,0,0,0,0,0,0,0,0,0,0,0,1,0,0,0,0,0,0,0,0,0,1,0,0
49,6,25,35,18,9881,57.54125262,10.19987519,287.957657142857,1011.71428571429,71.0857142857143,9.48571428571429,256.714285714286,0,72.4571428571429,0,0,0,1,0,0,0,1,0,0,1,1,0,0,0,0,0,0,0,0,0,0,0,0,0,1,0,0,0,0,0,1,0,0,0,0,0,0
49,6,26,56,18,9881,57.54125262,10.19987519,287.699517857143,1006.96428571429,69.4285714285714,10.0178571428571,278,0,16.4285714285714,0,1,0,0,0,0,0,1,0,0,1,1,0,0,0,0,0,0,0,0,0,0,0,0,0,1,0,0,0,0,1,0,0,0,0,0,0,0
49,6,27,68,18,9881,57.54125262,10.19987519,289.094470588235,1015.19117647059,61.9852941176471,1.70588235294118,163.279411764706,0,34.1764705882353,0,0,0,0,0,1,0,1,0,0,1,1,0,0,0,0,0,0,0,0,0,0,0,0,0,1,0,0,0,0,1,0,0,0,0,0,0,0
49,6,28,57,18,9881,57.54125262,10.19987519,289.830754385965,1011.89473684211,63.280701754386,4.98245614035088,92.8947368421053,0.53,58.0877192982456,0,0,0,0,0,0,1,1,0,0,1,1,0,0,0,0,0,0,0,0,0,0,0,0,0,1,0,0,0,0,0,1,0,0,0,0,0,0
49,6,29,48,18,9881,57.54125262,10.19987519,289.402291666667,1004.14583333333,74.0625,6.10416666666667,62.625,4.66,81.2916666666667,0,0,0,0,1,0,0,1,0,0,1,1,0,0,0,0,0,0,0,0,0,0,0,0,0,1,0,0,0,0,0,1,0,0,0,0,0,0
65,1,1,27,2,9280,57.00472247,10.10145628,277.390111111111,1018.77777777778,87.037037037037,4.88888888888889,281.740740740741,0,49.6296296296296,0,0,0,1,0,0,0,1,0,0,1,0,0,0,0,0,0,0,0,1,0,0,0,0,0,0,0,0,0,1,0,1,0,0,0,0,0,0
65,1,2,88,2,9280,57.00472247,10.10145628,274.569727272727,1014.26136363636,53.8068181818182,1.14772727272727,261.761363636364,0,6.36363636363636,0,1,0,0,0,0,0,1,0,0,1,0,0,0,0,0,0,0,0,1,0,0,0,0,0,0,0,0,0,1,1,0,0,0,0,0,0,0
65,1,3,81,2,9280,57.00472247,10.10145628,278.07749382716,1001.55555555556,86.1111111111111,7.9382716049382704,258.246913580247,0,60.4197530864198,0,0,0,0,0,1,0,1,0,0,1,0,0,0,0,0,0,0,0,1,0,0,0,0,0,0,0,0,0,1,0,1,0,0,0,0,0,0
65,1,4,82,2,9280,57.00472247,10.10145628,274.30343902439,1008.48780487805,66.6585365853659,8.52439024390244,56.3780487804878,0,62.4512195121951,0,0,0,0,0,0,1,1,0,0,1,0,0,0,0,0,0,0,0,1,0,0,0,0,0,0,0,0,0,1,0,1,0,0,0,0,0,0
65,1,5,99,2,9280,57.00472247,10.10145628,268.433676767677,1040.45454545455,58.5353535353535,2.78787878787879,110.444444444444,0,29.9393939393939,0,0,0,0,1,0,0,1,0,0,1,0,0,0,0,0,0,0,0,1,0,0,0,0,0,0,0,0,0,1,1,0,0,0,0,0,0,0
65,1,6,100,2,9280,57.00472247,10.10145628,268.73591,1040.34,67.93,6.51,198.16,0,24.6,1,0,0,0,0,0,0,1,0,0,1,0,0,0,0,0,0,0,0,1,0,0,0,0,0,0,0,0,0,1,1,0,0,0,0,0,0,0
65,1,7,62,2,9280,57.00472247,10.10145628,277.567887096774,1030.87096774194,87.5322580645161,5.43548387096774,229.822580645161,1.75,51.8709677419355,0,0,1,0,0,0,0,1,0,0,1,0,0,0,0,0,0,0,0,1,0,0,0,0,0,0,0,0,0,1,0,1,0,0,0,0,0,0
65,1,8,63,2,9280,57.00472247,10.10145628,273.281873015873,1038.15873015873,85.1269841269841,4.52380952380952,234.190476190476,0.1875,50.984126984127,0,0,0,1,0,0,0,1,0,0,1,0,0,0,0,0,0,0,0,1,0,0,0,0,0,0,0,0,0,1,0,1,0,0,0,0,0,0
65,1,9,80,2,9280,57.00472247,10.10145628,277.9493125,1018.8125,96.7125,5.0625,209.9375,0.56,77.5,0,1,0,0,0,0,0,1,0,0,1,0,0,0,0,0,0,0,0,1,0,0,0,0,0,0,0,0,0,1,0,1,0,0,0,0,0,0
65,1,10,46.35666336251888,2,9280,57.00472247,10.10145628,276.040014925373,1007,92.1791044776119,7.13432835820895,178.835820895522,2.83,63.7611940298507,0,0,0,0,0,1,0,1,0,0,1,0,0,0,0,0,0,0,0,1,0,0,0,0,0,0,0,0,0,1,0,0,0,0,0,1,0,0
65,1,11,49.49745614327258,2,9280,57.00472247,10.10145628,278.208115942029,983.594202898551,89.5217391304348,10.9855072463768,236.608695652174,20.05,73.9855072463768,0,0,0,0,0,0,1,1,0,0,1,0,0,0,0,0,0,0,0,1,0,0,0,0,0,0,0,0,0,1,0,0,0,0,0,1,0,0
65,1,12,84,2,9280,57.00472247,10.10145628,277.323535714286,988.702380952381,84,10.5833333333333,261.52380952381,34.035,54.8214285714286,0,0,0,0,1,0,0,1,0,0,1,0,0,0,0,0,0,0,0,1,0,0,0,0,0,0,0,0,0,1,1,0,0,0,0,0,0,0
65,1,13,94,2,9280,57.00472247,10.10145628,273.771861702128,992.18085106383,82.3723404255319,2.29787234042553,198.606382978723,0,5.31914893617021,1,0,0,0,0,0,0,1,0,0,1,0,0,0,0,0,0,0,0,1,0,0,0,0,0,0,0,0,0,1,1,0,0,0,0,0,0,0
65,1,14,72,2,9280,57.00472247,10.10145628,274.2645,1007.76388888889,83.7083333333333,4.16666666666667,272.833333333333,0,11.6111111111111,0,0,1,0,0,0,0,1,0,0,1,0,0,0,0,0,0,0,0,1,0,0,0,0,0,0,0,0,0,1,1,0,0,0,0,0,0,0
65,1,15,57,2,9280,57.00472247,10.10145628,272.42198245614,1028.19298245614,73.3684210526316,2.42105263157895,265.789473684211,0,1.54385964912281,0,0,0,1,0,0,0,1,0,0,1,0,0,0,0,0,0,0,0,1,0,0,0,0,0,0,0,0,0,1,0,1,0,0,0,0,0,0
65,1,16,86,2,9280,57.00472247,10.10145628,271.221988372093,1030.11627906977,69.2906976744186,2.22093023255814,286.337209302326,0,15.6279069767442,0,1,0,0,0,0,0,1,0,0,1,0,0,0,0,0,0,0,0,1,0,0,0,0,0,0,0,0,0,1,1,0,0,0,0,0,0,0
65,1,17,68,2,9280,57.00472247,10.10145628,273.643308823529,1037.64705882353,83.8676470588235,4.42647058823529,203.029411764706,40.425,78.4264705882353,0,0,0,0,0,1,0,1,0,0,1,0,0,0,0,0,0,0,0,1,0,0,0,0,0,0,0,0,0,1,0,1,0,0,0,0,0,0
65,1,18,58.977827346115376,2,9280,57.00472247,10.10145628,278.948461538462,1034.66666666667,97.7051282051282,7.16666666666667,255.25641025641,2.815,85.8333333333333,0,0,0,0,0,0,1,1,0,0,1,0,0,0,0,0,0,0,0,1,0,0,0,0,0,0,0,0,0,1,0,0,0,0,0,1,0,0
65,1,19,87,2,9280,57.00472247,10.10145628,279.736413793103,1034.12643678161,91.7126436781609,6.93103448275862,265.367816091954,0,33.7816091954023,0,0,0,0,1,0,0,1,0,0,1,0,0,0,0,0,0,0,0,1,0,0,0,0,0,0,0,0,0,1,0,1,0,0,0,0,0,0
65,1,20,104,2,9280,57.00472247,10.10145628,280.178259615385,1032.01923076923,86.0769230769231,7.25,276.605769230769,0,8,1,0,0,0,0,0,0,1,0,0,1,0,0,0,0,0,0,0,0,1,0,0,0,0,0,0,0,0,0,1,1,0,0,0,0,0,0,0
65,1,21,55,2,9280,57.00472247,10.10145628,277.633,1039.96363636364,95.9272727272727,3.09090909090909,245.436363636364,0.1175,50.6909090909091,0,0,1,0,0,0,0,1,0,0,1,0,0,0,0,0,0,0,0,1,0,0,0,0,0,0,0,0,0,1,1,0,0,0,0,0,0,0
65,1,22,38.34761497944128,2,9280,57.00472247,10.10145628,276.455851851852,1037.24074074074,94.7592592592593,3.90740740740741,223.5,0.1175,71.7037037037037,0,0,0,1,0,0,0,1,0,0,1,0,0,0,0,0,0,0,0,1,0,0,0,0,0,0,0,0,0,1,0,0,0,0,0,1,0,0
65,1,23,66,2,9280,57.00472247,10.10145628,277.122848484848,1023.40909090909,88.5454545454545,4.33333333333333,255.378787878788,0,43.969696969697,0,1,0,0,0,0,0,1,0,0,1,0,0,0,0,0,0,0,0,1,0,0,0,0,0,0,0,0,0,1,0,1,0,0,0,0,0,0
65,1,24,77,2,9280,57.00472247,10.10145628,276.091038961039,1027.36363636364,86.9220779220779,2.88311688311688,255.077922077922,0,11.3766233766234,0,0,0,0,0,1,0,1,0,0,1,0,0,0,0,0,0,0,0,1,0,0,0,0,0,0,0,0,0,1,1,0,0,0,0,0,0,0
65,1,25,86,2,9280,57.00472247,10.10145628,276.896720930233,1039.29069767442,94.046511627907,5.25581395348837,238.709302325581,1.25625,45.8604651162791,0,0,0,0,0,0,1,1,0,0,1,0,0,0,0,0,0,0,0,1,0,0,0,0,0,0,0,0,0,1,1,0,0,0,0,0,0,0
65,1,26,57.52261678036302,2,9280,57.00472247,10.10145628,274.368109756098,1033.46341463415,77.4634146341463,3.52439024390244,213.841463414634,0.575,43.4146341463415,0,0,0,0,1,0,0,1,0,0,1,0,0,0,0,0,0,0,0,1,0,0,0,0,0,0,0,0,0,1,0,0,0,0,0,1,0,0
65,1,27,110,2,9280,57.00472247,10.10145628,274.082727272727,1025.66363636364,87.7090909090909,5.01818181818182,141.318181818182,0,44.9090909090909,1,0,0,0,0,0,0,1,0,0,1,0,0,0,0,0,0,0,0,1,0,0,0,0,0,0,0,0,0,1,1,0,0,0,0,0,0,0
65,1,28,87,2,9280,57.00472247,10.10145628,274.461183908046,1030.54022988506,88.1034482758621,4.44827586206897,149.862068965517,0,17.4712643678161,0,0,1,0,0,0,0,1,0,0,1,0,0,0,0,0,0,0,0,1,0,0,0,0,0,0,0,0,0,1,0,1,0,0,0,0,0,0
65,1,29,52,2,9280,57.00472247,10.10145628,276.925442307692,1023.34615384615,94.6538461538462,6.15384615384615,205.365384615385,15.0975,78.5384615384615,0,0,0,1,0,0,0,1,0,0,1,0,0,0,0,0,0,0,0,1,0,0,0,0,0,0,0,0,0,1,0,1,0,0,0,0,0,0
65,1,30,64,2,9280,57.00472247,10.10145628,275.03140625,1019.09375,91.625,2.46875,154.9375,0,16.3125,0,1,0,0,0,0,0,1,0,0,1,0,0,0,0,0,0,0,0,1,0,0,0,0,0,0,0,0,0,1,0,1,0,0,0,0,0,0
65,1,31,161,2,9280,57.00472247,10.10145628,274.691341614907,1025.89440993789,85.1863354037267,3.39130434782609,89.8447204968944,0,61.5217391304348,0,0,0,0,0,1,0,1,0,0,1,0,0,0,0,0,0,0,0,1,0,0,0,0,0,0,0,0,0,1,0,1,0,0,0,0,0,0
65,2,1,149,2,9280,57.00472247,10.10145628,274.665718120805,1024.02684563758,85.1409395973154,4.26174496644295,143.805369127517,1.155,74.4697986577181,0,0,0,0,0,0,1,1,0,0,1,0,0,0,0,0,0,0,0,1,0,0,0,0,0,0,0,0,0,1,0,1,0,0,0,0,0,0
65,2,2,110,2,9280,57.00472247,10.10145628,274.094263636364,1014.52727272727,89.5454545454545,6.82727272727273,144.409090909091,8.485,78.6,0,0,0,0,1,0,0,1,0,0,1,0,0,0,0,0,0,0,0,1,0,0,0,0,0,0,0,0,0,1,0,1,0,0,0,0,0,0
65,2,3,103.95387219581754,2,9280,57.00472247,10.10145628,275.171441176471,1009.11029411765,97.5220588235294,5.66176470588235,114.323529411765,3.9975,85.0882352941177,1,0,0,0,0,0,0,1,0,0,1,0,0,0,0,0,0,0,0,1,0,0,0,0,0,0,0,0,0,1,0,0,0,0,0,1,0,0
65,2,4,71.78885631843005,2,9280,57.00472247,10.10145628,276.31070212766,1015.52127659574,95.6382978723404,4.47872340425532,130.042553191489,70.1875,91.3191489361702,0,0,1,0,0,0,0,1,0,0,1,0,0,0,0,0,0,0,0,1,0,0,0,0,0,0,0,0,0,1,0,0,0,0,0,1,0,0
65,2,5,61.58256913704099,2,9280,57.00472247,10.10145628,275.445441558442,1022.81818181818,96.5324675324675,6.57142857142857,91.3636363636364,5.16,91.948051948052,0,0,0,1,0,0,0,1,0,0,1,0,0,0,0,0,0,0,0,1,0,0,0,0,0,0,0,0,0,1,0,0,0,0,0,1,0,0
65,2,6,108,2,9280,57.00472247,10.10145628,274.142490740741,1032.25925925926,77.6296296296296,6.02777777777778,76.0925925925926,0,79.3425925925926,0,1,0,0,0,0,0,1,0,0,1,0,0,0,0,0,0,0,0,1,0,0,0,0,0,0,0,0,0,1,0,1,0,0,0,0,0,0
65,2,7,67,2,9280,57.00472247,10.10145628,271.835776119403,1036.0447761194,64.6865671641791,8.41791044776119,82.8208955223881,0,77.6716417910448,0,0,0,0,0,1,0,1,0,0,1,0,0,0,0,0,0,0,0,1,0,0,0,0,0,0,0,0,0,1,0,1,0,0,0,0,0,0
65,2,8,72,2,9280,57.00472247,10.10145628,271.766486111111,1041.93055555556,51.4861111111111,7.22222222222222,77.8194444444444,0,62.4861111111111,0,0,0,0,0,0,1,1,0,0,1,0,0,0,0,0,0,0,0,1,0,0,0,0,0,0,0,0,0,1,0,1,0,0,0,0,0,0
65,2,9,72,2,9280,57.00472247,10.10145628,271.059458333333,1040.81944444444,76.5833333333333,4.83333333333333,76.0694444444444,0,77.9444444444444,0,0,0,0,1,0,0,1,0,0,1,0,0,0,0,0,0,0,0,1,0,0,0,0,0,0,0,0,0,1,0,1,0,0,0,0,0,0
65,2,10,106,2,9280,57.00472247,10.10145628,273.14270754717,1039.99056603774,81.1320754716981,6.66981132075472,81.5094339622642,0,76.3962264150943,1,0,0,0,0,0,0,1,0,0,1,0,0,0,0,0,0,0,0,1,0,0,0,0,0,0,0,0,0,1,0,1,0,0,0,0,0,0
65,2,11,74,2,9280,57.00472247,10.10145628,272.905324324324,1050.22972972973,81.8108108108108,7.21621621621622,87.3918918918919,0,26.4864864864865,0,0,1,0,0,0,0,1,0,0,1,0,0,0,0,0,0,0,0,1,0,0,0,0,0,0,0,0,0,1,1,0,0,0,0,0,0,0
65,2,12,76,2,9280,57.00472247,10.10145628,273.320789473684,1053.69736842105,77.2631578947368,5.46052631578947,95.4210526315789,0,60.3157894736842,0,0,0,1,0,0,0,1,0,0,1,0,0,0,0,0,0,0,0,1,0,0,0,0,0,0,0,0,0,1,0,1,0,0,0,0,0,0
65,2,13,79,2,9280,57.00472247,10.10145628,269.849139240506,1043.35443037975,73.1772151898734,1.18987341772152,158.025316455696,0,0,0,1,0,0,0,0,0,1,0,0,1,0,0,0,0,0,0,0,0,1,0,0,0,0,0,0,0,0,0,1,1,0,0,0,0,0,0,0
65,2,14,88,2,9280,57.00472247,10.10145628,272.960055822967,1048.47727272727,78.9659090909091,1.40909090909091,151.352272727273,0,0,0,0,0,0,0,1,0,1,0,0,1,0,0,0,0,0,0,0,0,1,0,0,0,0,0,0,0,0,0,1,1,0,0,0,0,0,0,0
65,2,15,81,2,9280,57.00472247,10.10145628,272.422666666667,1043.23456790123,76.5432098765432,1.50617283950617,193.864197530864,0,7.30864197530864,0,0,0,0,0,0,1,1,0,0,1,0,0,0,0,0,0,0,0,1,0,0,0,0,0,0,0,0,0,1,1,0,0,0,0,0,0,0
65,2,16,100,2,9280,57.00472247,10.10145628,277.65119,1029.84,94.58,6.91,238.08,27.6925,75.12,0,0,0,0,1,0,0,1,0,0,1,0,0,0,0,0,0,0,0,1,0,0,0,0,0,0,0,0,0,1,0,1,0,0,0,0,0,0
65,2,17,115,2,9280,57.00472247,10.10145628,276.853591304348,1028.8,96.1478260869565,1.9304347826087,273.573913043478,2.875,84.6260869565217,1,0,0,0,0,0,0,1,0,0,1,0,0,0,0,0,0,0,0,1,0,0,0,0,0,0,0,0,0,1,0,1,0,0,0,0,0,0
65,2,18,90,2,9280,57.00472247,10.10145628,277.591566666667,1030.1,97.4111111111111,6.34444444444444,255.4,2.55,72.5333333333333,0,0,1,0,0,0,0,1,0,0,1,0,0,0,0,0,0,0,0,1,0,0,0,0,0,0,0,0,0,1,0,1,0,0,0,0,0,0
65,2,19,44.81863358737901,2,9280,57.00472247,10.10145628,279.389532258064,1019.53225806452,99.0967741935484,6.45161290322581,261.822580645161,5.6325,88.4516129032258,0,0,0,1,0,0,0,1,0,0,1,0,0,0,0,0,0,0,0,1,0,0,0,0,0,0,0,0,0,1,0,0,0,0,0,1,0,0
65,2,20,60.232314660353595,2,9280,57.00472247,10.10145628,280.317868421053,1006.85526315789,98.3684210526316,9.07894736842105,267.75,60.9225,87.1052631578947,0,1,0,0,0,0,0,1,0,0,1,0,0,0,0,0,0,0,0,1,0,0,0,0,0,0,0,0,0,1,0,0,0,0,0,1,0,0
65,2,21,71,2,9280,57.00472247,10.10145628,278.693167574228,1009.21126760563,85.6901408450704,11.0422535211268,286.535211267606,0.58,6.76056338028169,0,0,0,0,0,1,0,1,0,0,1,0,0,0,0,0,0,0,0,1,0,0,0,0,0,0,0,0,0,1,0,1,0,0,0,0,0,0
65,2,22,64.86402583189775,2,9280,57.00472247,10.10145628,279.045573170732,985.841463414634,68.4512195121951,13.7073170731707,257.609756097561,18.93,64.780487804878,0,0,0,0,0,0,1,1,0,0,1,0,0,0,0,0,0,0,0,1,0,0,0,0,0,0,0,0,0,1,0,0,0,0,0,1,0,0
65,2,23,105,2,9280,57.00472247,10.10145628,277.122619047619,990.019047619048,54.9809523809524,4.19047619047619,168.009523809524,0,30.7809523809524,0,0,0,0,1,0,0,1,0,0,1,0,0,0,0,0,0,0,0,1,0,0,0,0,0,0,0,0,0,1,1,0,0,0,0,0,0,0
65,2,24,118,2,9280,57.00472247,10.10145628,275.806711864407,1005.77966101695,44.5423728813559,3.47457627118644,296.093220338983,0,0.542372881355932,1,0,0,0,0,0,0,1,0,0,1,0,0,0,0,0,0,0,0,1,0,0,0,0,0,0,0,0,0,1,0,1,0,0,0,0,0,0
65,2,25,78,2,9280,57.00472247,10.10145628,275.628243589744,1019.69230769231,90.2179487179487,5.23076923076923,200.474358974359,49.8175,55.8461538461538,0,0,1,0,0,0,0,1,0,0,1,0,0,0,0,0,0,0,0,1,0,0,0,0,0,0,0,0,0,1,1,0,0,0,0,0,0,0
65,2,26,59.50224723404972,2,9280,57.00472247,10.10145628,279.006235294118,1009.91764705882,97.7411764705882,3.4,233.964705882353,2.3175,48.8,0,0,0,1,0,0,0,1,0,0,1,0,0,0,0,0,0,0,0,1,0,0,0,0,0,0,0,0,0,1,0,0,0,0,0,1,0,0
65,2,27,47.3531795056304,2,9280,57.00472247,10.10145628,280.416376811594,997.159420289855,86.0579710144928,4.8695652173913,196.550724637681,46.2925,80.6666666666667,0,1,0,0,0,0,0,1,0,0,1,0,0,0,0,0,0,0,0,1,0,0,0,0,0,0,0,0,0,1,0,0,0,0,0,1,0,0
65,2,28,166,2,9280,57.00472247,10.10145628,278.060638554217,984.397590361446,66.3915662650602,8.75301204819277,194.349397590361,2.31,61.8253012048193,0,0,0,0,0,1,0,1,0,0,1,0,0,0,0,0,0,0,0,1,0,0,0,0,0,0,0,0,0,1,1,0,0,0,0,0,0,0
65,3,1,102.14858584696195,2,9280,57.00472247,10.10145628,277.585156028369,990.900709219858,83.6028368794326,12.9716312056738,252.234042553192,2.64,58.7234042553191,0,0,0,0,0,0,1,1,0,0,1,0,0,0,0,0,0,0,0,1,0,0,0,0,0,0,0,0,0,1,0,0,0,0,0,1,0,0
65,3,2,87.97690548921237,2,9280,57.00472247,10.10145628,276.50832231405,997.190082644628,88.7685950413223,3.85123966942149,227.768595041322,0.12,61.0909090909091,0,0,0,0,1,0,0,1,0,0,1,0,0,0,0,0,0,0,0,1,0,0,0,0,0,0,0,0,0,1,0,0,0,0,0,1,0,0
65,3,3,142,2,9280,57.00472247,10.10145628,279.256936619718,1002.94366197183,65.2394366197183,7.65492957746479,249.43661971831,5.3025,64.3169014084507,1,0,0,0,0,0,0,1,0,0,1,0,0,0,0,0,0,0,0,1,0,0,0,0,0,0,0,0,0,1,0,1,0,0,0,0,0,0
65,3,4,68.07177390137223,2,9280,57.00472247,10.10145628,277.060762886598,1010.31958762887,99.0824742268041,7.44329896907217,102.783505154639,109.935,92.2061855670103,0,0,1,0,0,0,0,1,0,0,1,0,0,0,0,0,0,0,0,1,0,0,0,0,0,0,0,0,0,1,0,0,0,0,0,1,0,0
65,3,5,39.69933454208076,2,9280,57.00472247,10.10145628,276.328788461538,1009.13461538462,96.1538461538462,11.1923076923077,87.1538461538462,128.155,92,0,0,0,1,0,0,0,1,0,0,1,0,0,0,0,0,0,0,0,1,0,0,0,0,0,0,0,0,0,1,0,0,0,0,0,1,0,0
65,3,6,71,2,9280,57.00472247,10.10145628,272.449690140845,1014.15492957746,79.8450704225352,7.71830985915493,70.3661971830986,0,79.1408450704225,0,1,0,0,0,0,0,1,0,0,1,0,0,0,0,0,0,0,0,1,0,0,0,0,0,0,0,0,0,1,0,1,0,0,0,0,0,0
65,3,7,75,2,9280,57.00472247,10.10145628,271.18628,1019.12,55.2266666666667,4.97333333333333,39.2266666666667,0,64.1733333333333,0,0,0,0,0,1,0,1,0,0,1,0,0,0,0,0,0,0,0,1,0,0,0,0,0,0,0,0,0,1,0,1,0,0,0,0,0,0
65,3,8,73,2,9280,57.00472247,10.10145628,273.15697260274,1015.54794520548,74.7534246575343,5.27397260273973,172.301369863014,7.64,66.8219178082192,0,0,0,0,0,0,1,1,0,0,1,0,0,0,0,0,0,0,0,1,0,0,0,0,0,0,0,0,0,1,1,0,0,0,0,0,0,0
65,3,9,82.89063018207672,2,9280,57.00472247,10.10145628,278.495345132743,1012.24778761062,83.5398230088496,4.60176991150442,222.920353982301,6.145,66.5221238938053,0,0,0,0,1,0,0,1,0,0,1,0,0,0,0,0,0,0,0,1,0,0,0,0,0,0,0,0,0,1,0,0,0,0,0,1,0,0
65,3,10,110,2,9280,57.00472247,10.10145628,279.263709090909,1023.34545454545,51.4090909090909,3.18181818181818,316.454545454545,0,4.14545454545455,1,0,0,0,0,0,0,1,0,0,1,0,0,0,0,0,0,0,0,1,0,0,0,0,0,0,0,0,0,1,1,0,0,0,0,0,0,0
65,3,11,98,2,9280,57.00472247,10.10145628,277.220428571429,1037.66326530612,98.2244897959184,3.40816326530612,123.102040816327,0,8.08163265306122,0,0,1,0,0,0,0,1,0,0,1,0,0,0,0,0,0,0,0,1,0,0,0,0,0,0,0,0,0,1,0,1,0,0,0,0,0,0
65,3,12,61,2,9280,57.00472247,10.10145628,275.965393442623,1036.49180327869,92.2459016393443,5.13114754098361,151.83606557376999,0,81.8360655737705,0,0,0,1,0,0,0,1,0,0,1,0,0,0,0,0,0,0,0,1,0,0,0,0,0,0,0,0,0,1,0,1,0,0,0,0,0,0
65,3,13,89,2,9280,57.00472247,10.10145628,277.353168539326,1024.84269662921,68.438202247191,3.56179775280899,197.640449438202,2.17,41.752808988764,0,1,0,0,0,0,0,1,0,0,1,0,0,0,0,0,0,0,0,1,0,0,0,0,0,0,0,0,0,1,0,1,0,0,0,0,0,0
65,3,14,79,2,9280,57.00472247,10.10145628,280.722721518987,1017.72151898734,81.379746835443,8.64556962025316,236.822784810127,0,62.6582278481013,0,0,0,0,0,1,0,1,0,0,1,0,0,0,0,0,0,0,0,1,0,0,0,0,0,0,0,0,0,1,1,0,0,0,0,0,0,0
65,3,15,67,2,9280,57.00472247,10.10145628,280.001417910448,1022.79104477612,60.044776119403,10.7910447761194,270.970149253731,0,18.6865671641791,0,0,0,0,0,0,1,1,0,0,1,0,0,0,0,0,0,0,0,1,0,0,0,0,0,0,0,0,0,1,1,0,0,0,0,0,0,0
65,3,16,90,2,9280,57.00472247,10.10145628,282.149055555556,1016.33333333333,70.0111111111111,6.37777777777778,240.633333333333,2.39,64.6,0,0,0,0,1,0,0,1,0,0,1,0,0,0,0,0,0,0,0,1,0,0,0,0,0,0,0,0,0,1,0,1,0,0,0,0,0,0
65,3,17,107,2,9280,57.00472247,10.10145628,278.420542056075,1002.39252336449,72.0373831775701,10.3271028037383,259.738317757009,0,45.4672897196262,1,0,0,0,0,0,0,1,0,0,1,0,0,0,0,0,0,0,0,1,0,0,0,0,0,0,0,0,0,1,0,1,0,0,0,0,0,0
65,3,18,98,2,9280,57.00472247,10.10145628,277.717367346939,1006.30612244898,86.0714285714286,5.76530612244898,306.755102040816,0,9.42857142857143,0,0,1,0,0,0,0,1,0,0,1,0,0,0,0,0,0,0,0,1,0,0,0,0,0,0,0,0,0,1,0,1,0,0,0,0,0,0
65,3,19,62,2,9280,57.00472247,10.10145628,275.700064516129,1011.16129032258,94.6935483870968,6.93548387096774,163,32.44,83.2258064516129,0,0,0,1,0,0,0,1,0,0,1,0,0,0,0,0,0,0,0,1,0,0,0,0,0,0,0,0,0,1,0,1,0,0,0,0,0,0
65,3,20,86,2,9280,57.00472247,10.10145628,279.814813953488,1000.06976744186,94.2441860465116,3.95348837209302,183.872093023256,26.64,67.8255813953488,0,1,0,0,0,0,0,1,0,0,1,0,0,0,0,0,0,0,0,1,0,0,0,0,0,0,0,0,0,1,0,1,0,0,0,0,0,0
65,3,21,88,2,9280,57.00472247,10.10145628,277.907352272727,997.625,87.7954545454545,8.94318181818182,242.431818181818,5.2875,59.2386363636364,0,0,0,0,0,1,0,1,0,0,1,0,0,0,0,0,0,0,0,1,0,0,0,0,0,0,0,0,0,1,1,0,0,0,0,0,0,0
65,3,22,92,2,9280,57.00472247,10.10145628,278.461565217391,1014.61956521739,79.3369565217391,8.54347826086956,261.521739130435,2.565,52.5760869565217,0,0,0,0,0,0,1,1,0,0,1,0,0,0,0,0,0,0,0,1,0,0,0,0,0,0,0,0,0,1,0,1,0,0,0,0,0,0
65,3,23,109,2,9280,57.00472247,10.10145628,277.962394495413,1027.75229357798,59.3119266055046,1.68807339449541,319.587155963303,0,1.8348623853211,0,0,0,0,1,0,0,1,0,0,1,0,0,0,0,0,0,0,0,1,0,0,0,0,0,0,0,0,0,1,1,0,0,0,0,0,0,0
65,3,24,103,2,9280,57.00472247,10.10145628,278.788650485437,1033.64077669903,63.8252427184466,5.00970873786408,267.815533980583,0,11.1067961165049,1,0,0,0,0,0,0,1,0,0,1,0,0,0,0,0,0,0,0,1,0,0,0,0,0,0,0,0,0,1,0,1,0,0,0,0,0,0
65,3,25,89,2,9280,57.00472247,10.10145628,281.464179775281,1037.77528089888,77.6741573033708,6.48314606741573,309.112359550562,0,3.32584269662921,0,0,1,0,0,0,0,1,0,0,1,0,0,0,0,0,0,0,0,1,0,0,0,0,0,0,0,0,0,1,0,1,0,0,0,0,0,0
65,3,26,54,2,9280,57.00472247,10.10145628,281.652222222222,1035.96296296296,89.4259259259259,4.22222222222222,228.074074074074,0,7.62962962962963,0,0,0,1,0,0,0,1,0,0,1,0,0,0,0,0,0,0,0,1,0,0,0,0,0,0,0,0,0,1,1,0,0,0,0,0,0,0
65,3,27,69,2,9280,57.00472247,10.10145628,280.866420289855,1025.24637681159,83.6086956521739,6.53623188405797,251.231884057971,0,52.1739130434783,0,1,0,0,0,0,0,1,0,0,1,0,0,0,0,0,0,0,0,1,0,0,0,0,0,0,0,0,0,1,0,1,0,0,0,0,0,0
65,3,28,59,2,9280,57.00472247,10.10145628,279.290440677966,1020.62711864407,83.1016949152542,2.6271186440678,223.389830508475,0,70.8983050847458,0,0,0,0,0,1,0,1,0,0,1,0,0,0,0,0,0,0,0,1,0,0,0,0,0,0,0,0,0,1,0,0,0,0,1,0,0,0
65,3,29,67.45546607524157,2,9280,57.00472247,10.10145628,278.982556818182,1021.14772727273,77.1022727272727,3.57954545454545,285.306818181818,0.48,55.0795454545455,0,0,0,0,0,0,1,1,0,0,1,0,0,0,0,0,0,0,0,1,0,0,0,0,0,0,0,0,0,1,0,0,0,0,0,1,0,0
65,3,30,78,2,9280,57.00472247,10.10145628,280.33441025641,1019.88461538462,93.7435897435897,5.6025641025641,193.948717948718,15.965,80.3846153846154,0,0,0,0,1,0,0,1,0,0,1,0,0,0,0,0,0,0,0,1,0,0,0,0,0,0,0,0,0,1,0,1,0,0,0,0,0,0
65,3,31,186.16794526372107,2,9280,57.00472247,10.10145628,284.819729007634,1015.13740458015,89.9580152671756,3.19083969465649,183.919847328244,12.8185,65.0572519083969,1,0,0,0,0,0,0,1,0,0,1,0,0,0,0,0,0,0,0,1,0,0,0,0,0,0,0,0,0,1,0,0,0,0,0,1,0,0
65,4,1,143,2,9280,57.00472247,10.10145628,283.975958041958,1021.34965034965,90.1818181818182,2.95804195804196,239.293706293706,0,56.1958041958042,0,0,1,0,0,0,0,1,0,0,1,0,0,0,0,0,0,0,0,1,0,0,0,0,0,0,0,0,0,1,0,1,0,0,0,0,0,0
65,4,2,65.2031001875177,2,9280,57.00472247,10.10145628,282.808284090909,1026.48863636364,89.8522727272727,4.71590909090909,259.727272727273,2.1,22.5,0,0,0,1,0,0,0,1,0,0,1,0,0,0,0,0,0,0,0,1,0,0,0,0,0,0,0,0,0,1,0,0,0,0,0,1,0,0
65,4,3,124,2,9280,57.00472247,10.10145628,281.928806451613,1028.41129032258,76.8548387096774,4.41129032258065,246.782258064516,0,31.2903225806452,0,1,0,0,0,0,0,1,0,0,1,0,0,0,0,0,0,0,0,1,0,0,0,0,0,0,0,0,0,1,1,0,0,0,0,0,0,0
65,4,4,94,2,9280,57.00472247,10.10145628,282.750138297872,1025.8829787234,69.1595744680851,5.25531914893617,224.244680851064,0.52,28.1808510638298,0,0,0,0,0,1,0,1,0,0,1,0,0,0,0,0,0,0,0,1,0,0,0,0,0,0,0,0,0,1,1,0,0,0,0,0,0,0
65,4,5,111,2,9280,57.00472247,10.10145628,280.999882882883,1016.41441441441,62.4324324324324,11.0990990990991,285.522522522523,0,20.972972972973,0,0,0,0,0,0,1,1,0,0,1,0,0,0,0,0,0,0,0,1,0,0,0,0,0,0,0,0,0,1,0,1,0,0,0,0,0,0
65,4,6,80,2,9280,57.00472247,10.10145628,281.4672125,1022.3625,74.875,8.95,279.275,6.08,54.475,0,0,0,0,1,0,0,1,0,0,1,0,0,0,0,0,0,0,0,1,0,0,0,0,0,0,0,0,0,1,1,0,0,0,0,0,0,0
65,4,7,130,2,9280,57.00472247,10.10145628,285.359,1016.33076923077,61.5923076923077,6.37692307692308,297.523076923077,0,0,1,0,0,0,0,0,0,1,0,0,1,0,0,0,0,0,0,0,0,1,0,0,0,0,0,0,0,0,0,1,1,0,0,0,0,0,0,0
65,4,8,115,2,9280,57.00472247,10.10145628,282.607530434783,1029.97391304348,79.5739130434783,8.67826086956522,273.808695652174,0,2.60869565217391,0,0,1,0,0,0,0,1,0,0,1,0,0,0,0,0,0,0,0,1,0,0,0,0,0,0,0,0,0,1,0,1,0,0,0,0,0,0
65,4,9,78,2,9280,57.00472247,10.10145628,284.386756410256,1029.60256410256,78.6025641025641,6.21794871794872,246.846153846154,0,0,0,0,0,1,0,0,0,1,0,0,1,0,0,0,0,0,0,0,0,1,0,0,0,0,0,0,0,0,0,1,1,0,0,0,0,0,0,0
65,4,10,106,2,9280,57.00472247,10.10145628,281.255650943396,1009.2641509434,62.5188679245283,11.1698113207547,278.018867924528,0,24.0094339622642,0,1,0,0,0,0,0,1,0,0,1,0,0,0,0,0,0,0,0,1,0,0,0,0,0,0,0,0,0,1,0,1,0,0,0,0,0,0
65,4,11,131,2,9280,57.00472247,10.10145628,280.800809160305,1016.18320610687,51.3129770992366,6.27480916030534,277.740458015267,14.515,18.5648854961832,0,0,0,0,0,1,0,1,0,0,1,0,0,0,0,0,0,0,0,1,0,0,0,0,0,0,0,0,0,1,1,0,0,0,0,0,0,0
65,4,12,112.02754686428236,2,9280,57.00472247,10.10145628,281.518166666667,1002.87820512821,87.2820512820513,9.44230769230769,277.807692307692,2.67,52.5641025641026,0,0,0,0,0,0,1,1,0,0,1,0,0,0,0,0,0,0,0,1,0,0,0,0,0,0,0,0,0,1,0,0,0,0,0,1,0,0
65,4,13,75,2,9280,57.00472247,10.10145628,280.956944977405,1013.61333333333,81.56,6.93333333333333,289.146666666667,5.52,43.6933333333333,0,0,0,0,1,0,0,1,0,0,1,0,0,0,0,0,0,0,0,1,0,0,0,0,0,0,0,0,0,1,0,1,0,0,0,0,0,0
65,4,14,64,2,9280,57.00472247,10.10145628,280.65725,1018.921875,74.921875,4.828125,241.8125,0,19.9375,1,0,0,0,0,0,0,1,0,0,1,0,0,0,0,0,0,0,0,1,0,0,0,0,0,0,0,0,0,1,1,0,0,0,0,0,0,0
65,4,15,54.15121688660002,2,9280,57.00472247,10.10145628,276.819620253165,1016.3164556962,99.1392405063291,5.15189873417722,90.2405063291139,106.76,90.7341772151899,0,0,1,0,0,0,0,1,0,0,1,0,0,0,0,0,0,0,0,1,0,0,0,0,0,0,0,0,0,1,0,0,0,0,0,1,0,0
65,4,16,43.06803888751893,2,9280,57.00472247,10.10145628,277.689890909091,1024.07272727273,99.5818181818182,2.70909090909091,197.6,60.815,91.5636363636364,0,0,0,1,0,0,0,1,0,0,1,0,0,0,0,0,0,0,0,1,0,0,0,0,0,0,0,0,0,1,0,0,0,0,0,1,0,0
65,4,17,41.47136090176645,2,9280,57.00472247,10.10145628,277.850758064516,1027.75806451613,96.1290322580645,6.53225806451613,136.145161290323,75.11,86.5806451612903,0,1,0,0,0,0,0,1,0,0,1,0,0,0,0,0,0,0,0,1,0,0,0,0,0,0,0,0,0,1,0,0,0,0,0,1,0,0
65,4,18,75.25324137309799,2,9280,57.00472247,10.10145628,277.182339449541,1038.38532110092,79.1834862385321,3.28440366972477,62.8990825688073,0.1375,20.4403669724771,0,0,0,0,0,1,0,1,0,0,1,0,0,0,0,0,0,0,0,1,0,0,0,0,0,0,0,0,0,1,0,0,0,0,0,1,0,0
65,4,19,106,2,9280,57.00472247,10.10145628,280.219811320755,1038.8679245283,54.1132075471698,3.95283018867925,241.537735849057,1.32,4.75471698113208,0,0,0,0,0,0,1,1,0,0,1,0,0,0,0,0,0,0,0,1,0,0,0,0,0,0,0,0,0,1,0,1,0,0,0,0,0,0
65,4,20,102,2,9280,57.00472247,10.10145628,281.605705882353,1029.63725490196,73.1176470588235,9.20588235294118,246.764705882353,3.0675,76.6470588235294,0,0,0,0,1,0,0,1,0,0,1,0,0,0,0,0,0,0,0,1,0,0,0,0,0,0,0,0,0,1,0,1,0,0,0,0,0,0
65,4,21,134,2,9280,57.00472247,10.10145628,281.530380597015,1015.96268656716,73.3955223880597,11.3955223880597,268.514925373134,0,35.8134328358209,1,0,0,0,0,0,0,1,0,0,1,0,0,0,0,0,0,0,0,1,0,0,0,0,0,0,0,0,0,1,0,1,0,0,0,0,0,0
65,4,22,96,2,9280,57.00472247,10.10145628,282.165510416667,1024.21875,67.28125,7.02083333333333,319.260416666667,0,1.5,0,0,1,0,0,0,0,1,0,0,1,0,0,0,0,0,0,0,0,1,0,0,0,0,0,0,0,0,0,1,1,0,0,0,0,0,0,0
65,4,23,82,2,9280,57.00472247,10.10145628,279.793,1025.92682926829,70.7926829268293,7.89024390243902,308.341463414634,0,12.390243902439,0,0,0,1,0,0,0,1,0,0,1,0,0,0,0,0,0,0,0,1,0,0,0,0,0,0,0,0,0,1,1,0,0,0,0,0,0,0
65,4,24,64.08706511668862,2,9280,57.00472247,10.10145628,279.657385416667,1001.35416666667,69.96875,10.8854166666667,269.041666666667,2.47,28.5833333333333,0,1,0,0,0,0,0,1,0,0,1,0,0,0,0,0,0,0,0,1,0,0,0,0,0,0,0,0,0,1,0,0,0,0,0,1,0,0
65,4,25,88,2,9280,57.00472247,10.10145628,277.884625,1003.67045454545,75.2272727272727,5.01136363636364,228.704545454545,0,51.4886363636364,0,0,0,0,0,1,0,1,0,0,1,0,0,0,0,0,0,0,0,1,0,0,0,0,0,0,0,0,0,1,0,1,0,0,0,0,0,0
65,4,26,64.43699236679822,2,9280,57.00472247,10.10145628,280.760840909091,1014.44318181818,66.875,3.36363636363636,321.875,0.135,14.1363636363636,0,0,0,0,0,0,1,1,0,0,1,0,0,0,0,0,0,0,0,1,0,0,0,0,0,0,0,0,0,1,0,0,0,0,0,1,0,0
65,4,27,96,2,9280,57.00472247,10.10145628,281.1909375,1014.25,75.34375,3.98958333333333,229.291666666667,10.0825,59.0416666666667,0,0,0,0,1,0,0,1,0,0,1,0,0,0,0,0,0,0,0,1,0,0,0,0,0,0,0,0,0,1,0,1,0,0,0,0,0,0
65,4,28,167.31988203919028,2,9280,57.00472247,10.10145628,280.888242424242,1012.25541125541,84.8225108225108,4.63636363636364,158.424242424242,49.1975,69.0865800865801,1,0,0,0,0,0,0,1,0,0,1,0,0,0,0,0,0,0,0,1,0,0,0,0,0,0,0,0,0,1,0,0,0,0,0,1,0,0
65,4,29,49.4845597629901,2,9280,57.00472247,10.10145628,279.432644736842,1029.06578947368,98.9210526315789,6.21052631578947,67.4210526315789,12.41,28.7894736842105,0,0,1,0,0,0,0,1,0,0,1,0,0,0,0,0,0,0,0,1,0,0,0,0,0,0,0,0,0,1,0,0,0,0,0,1,0,0
65,5,1,61,2,9280,57.00472247,10.10145628,285.045081967213,1029.27868852459,50.9180327868852,6.0983606557377,98.0327868852459,0,0.262295081967213,0,1,0,0,0,0,0,1,0,0,1,0,0,0,0,0,0,0,0,1,0,0,0,0,0,0,0,0,0,1,1,0,0,0,0,0,0,0
65,5,2,130,2,9280,57.00472247,10.10145628,285.885438461538,1031.45384615385,64.2230769230769,4.26923076923077,68.6461538461539,0,0.184615384615385,0,0,0,0,0,1,0,1,0,0,1,0,0,0,0,0,0,0,0,1,0,0,0,0,0,0,0,0,0,1,1,0,0,0,0,0,0,0
65,5,3,121,2,9280,57.00472247,10.10145628,287.038404958678,1035.69421487603,48.5454545454545,3.47107438016529,89.6280991735537,0,15.6363636363636,0,0,0,0,0,0,1,1,0,0,1,0,0,0,0,0,0,0,0,1,0,0,0,0,0,0,0,0,0,1,0,1,0,0,0,0,0,0
65,5,4,126,2,9280,57.00472247,10.10145628,284.344,1036.57142857143,54.0634920634921,10.3253968253968,49.515873015873,0,13.6825396825397,0,0,0,0,1,0,0,1,0,0,1,0,0,0,0,0,0,0,0,1,0,0,0,0,0,0,0,0,0,1,1,0,0,0,0,0,0,0
65,5,5,156,2,9280,57.00472247,10.10145628,286.396102564103,1029.59615384615,50.8397435897436,4.86538461538461,130.282051282051,0,4.25641025641026,1,0,0,0,0,0,0,1,0,0,1,0,0,0,0,0,0,0,0,1,0,0,0,0,0,0,0,0,0,1,1,0,0,0,0,0,0,0
65,5,6,142,2,9280,57.00472247,10.10145628,287.46085915493,1027.80985915493,68.5492957746479,0.908450704225352,133.316901408451,0,0,0,0,1,0,0,0,0,1,0,0,1,0,0,0,0,0,0,0,0,1,0,0,0,0,0,0,0,0,0,1,1,0,0,0,0,0,0,0
65,5,7,89,2,9280,57.00472247,10.10145628,285.707382022472,1024.55056179775,70.4044943820225,1.68539325842697,136.730337078652,0,63.5505617977528,0,0,0,1,0,0,0,1,0,0,1,0,0,0,0,0,0,0,0,1,0,0,0,0,0,0,0,0,0,1,0,1,0,0,0,0,0,0
65,5,8,109,2,9280,57.00472247,10.10145628,280.81528440367,1026.7247706422,46.5045871559633,7.43119266055046,35.6330275229358,0,25.3211009174312,0,1,0,0,0,0,0,1,0,0,1,0,0,0,0,0,0,0,0,1,0,0,0,0,0,0,0,0,0,1,0,1,0,0,0,0,0,0
65,5,9,88.41108968689805,2,9280,57.00472247,10.10145628,282.942728682171,1017.58139534884,61.2558139534884,3.25581395348837,206.682170542636,42.835,79.5271317829457,0,0,0,0,0,1,0,1,0,0,1,0,0,0,0,0,0,0,0,1,0,0,0,0,0,0,0,0,0,1,0,0,0,0,0,1,0,0
65,5,10,125,2,9280,57.00472247,10.10145628,280.732576,1009.152,83.056,4.176,166.08,35.715,80.984,0,0,0,0,0,0,1,1,0,0,1,0,0,0,0,0,0,0,0,1,0,0,0,0,0,0,0,0,0,1,0,1,0,0,0,0,0,0
65,5,11,173.31272354791872,2,9280,57.00472247,10.10145628,282.643485596708,1010.80658436214,83.798353909465,2.45679012345679,149.312757201646,3.94,63.1934156378601,0,0,0,0,1,0,0,1,0,0,1,0,0,0,0,0,0,0,0,1,0,0,0,0,0,0,0,0,0,1,0,0,0,0,0,1,0,0
65,5,12,140,2,9280,57.00472247,10.10145628,284.104728571429,1021.29285714286,79.0714285714286,7.76428571428571,114.3,0,17.4285714285714,1,0,0,0,0,0,0,1,0,0,1,0,0,0,0,0,0,0,0,1,0,0,0,0,0,0,0,0,0,1,1,0,0,0,0,0,0,0
65,5,13,85.4397094468004,2,9280,57.00472247,10.10145628,284.106858267717,1024.33858267717,90.4015748031496,6.07874015748031,113.905511811024,327.335,66.992125984252,0,0,1,0,0,0,0,1,0,0,1,0,0,0,0,0,0,0,0,1,0,0,0,0,0,0,0,0,0,1,0,0,0,0,0,1,0,0
65,5,14,52.299852630076934,2,9280,57.00472247,10.10145628,286.089909090909,1028.45454545455,99.0649350649351,3.87012987012987,206.207792207792,77.59,44.1558441558442,0,0,0,1,0,0,0,1,0,0,1,0,0,0,0,0,0,0,0,1,0,0,0,0,0,0,0,0,0,1,0,0,0,0,0,1,0,0
65,5,15,63.4516408136813,2,9280,57.00472247,10.10145628,286.73379787234,1029.63829787234,76.9255319148936,4.41489361702128,253.989361702128,1.17,44.4042553191489,0,1,0,0,0,0,0,1,0,0,1,0,0,0,0,0,0,0,0,1,0,0,0,0,0,0,0,0,0,1,0,0,0,0,0,1,0,0
65,5,16,84,2,9280,57.00472247,10.10145628,285.250404761905,1029.27380952381,91.2857142857143,7.10714285714286,164.595238095238,31.675,81.3571428571429,0,0,0,0,0,1,0,1,0,0,1,0,0,0,0,0,0,0,0,1,0,0,0,0,0,0,0,0,0,1,0,1,0,0,0,0,0,0
65,5,17,56.66624959022739,2,9280,57.00472247,10.10145628,289.686764705882,1023.43529411765,90.1294117647059,3.75294117647059,211.423529411765,10.7675,78.0470588235294,0,0,0,0,0,0,1,1,0,0,1,0,0,0,0,0,0,0,0,1,0,0,0,0,0,0,0,0,0,1,0,0,0,0,0,1,0,0
65,5,18,111,2,9280,57.00472247,10.10145628,292.808036036036,1013.01801801802,71.5045045045045,6.31531531531532,188.477477477477,1.52,26.4144144144144,0,0,0,0,1,0,0,1,0,0,1,0,0,0,0,0,0,0,0,1,0,0,0,0,0,0,0,0,0,1,0,1,0,0,0,0,0,0
65,5,19,115,2,9280,57.00472247,10.10145628,290.194695652174,1014.74782608696,75.6608695652174,1.93913043478261,88.1304347826087,0,27.0434782608696,1,0,0,0,0,0,0,1,0,0,1,0,0,0,0,0,0,0,0,1,0,0,0,0,0,0,0,0,0,1,0,1,0,0,0,0,0,0
65,5,20,110,2,9280,57.00472247,10.10145628,287.159281818182,1028.42727272727,76.9363636363636,6.65454545454545,263.654545454545,2.695,46.1454545454545,0,0,1,0,0,0,0,1,0,0,1,0,0,0,0,0,0,0,0,1,0,0,0,0,0,0,0,0,0,1,0,1,0,0,0,0,0,0
65,5,21,91,2,9280,57.00472247,10.10145628,287.649681318681,1036,72.3516483516484,5.2967032967033,265.285714285714,0,18.9010989010989,0,0,0,1,0,0,0,1,0,0,1,0,0,0,0,0,0,0,0,1,0,0,0,0,0,0,0,0,0,1,1,0,0,0,0,0,0,0
65,5,22,101,2,9280,57.00472247,10.10145628,287.282762376238,1025.47524752475,71.019801980198,4.69306930693069,263.643564356436,0,29.6138613861386,0,1,0,0,0,0,0,1,0,0,1,0,0,0,0,0,0,0,0,1,0,0,0,0,0,0,0,0,0,1,0,1,0,0,0,0,0,0
65,5,23,95,2,9280,57.00472247,10.10145628,289.5858,1018.04210526316,66.4315789473684,2.48421052631579,108.273684210526,8.005,16.3473684210526,0,0,0,0,0,1,0,1,0,0,1,0,0,0,0,0,0,0,0,1,0,0,0,0,0,0,0,0,0,1,0,1,0,0,0,0,0,0
65,5,24,138,2,9280,57.00472247,10.10145628,289.242630434783,1019.19565217391,65.8115942028985,4.90579710144928,269.514492753623,0,14.0579710144928,0,0,0,0,0,0,1,1,0,0,1,0,0,0,0,0,0,0,0,1,0,0,0,0,0,0,0,0,0,1,1,0,0,0,0,0,0,0
65,5,25,78,2,9280,57.00472247,10.10145628,289.562935897436,1028.28205128205,69.2820512820513,6.32051282051282,309.435897435897,0,7.79487179487179,0,0,0,0,1,0,0,1,0,0,1,0,0,0,0,0,0,0,0,1,0,0,0,0,0,0,0,0,0,1,1,0,0,0,0,0,0,0
65,5,26,105,2,9280,57.00472247,10.10145628,291.559666666667,1025.09523809524,59.447619047619,3.04761904761905,315.52380952381,0,0,1,0,0,0,0,0,0,1,0,0,1,0,0,0,0,0,0,0,0,1,0,0,0,0,0,0,0,0,0,1,1,0,0,0,0,0,0,0
65,5,27,136,2,9280,57.00472247,10.10145628,293.439470588235,1031.86764705882,64.375,3.49264705882353,221.823529411765,0,0,0,0,1,0,0,0,0,1,0,0,1,0,0,0,0,0,0,0,0,1,0,0,0,0,0,0,0,0,0,1,1,0,0,0,0,0,0,0
65,5,28,77,2,9280,57.00472247,10.10145628,293.305025974026,1022.94805194805,63.2597402597403,6.5974025974026,237.064935064935,4.9875,46.7012987012987,0,0,0,1,0,0,0,1,0,0,1,0,0,0,0,0,0,0,0,1,0,0,0,0,0,0,0,0,0,1,0,1,0,0,0,0,0,0
65,5,29,90,2,9280,57.00472247,10.10145628,289.657888888889,1014.5,76.6333333333333,2.55555555555556,232.022222222222,0,63.3888888888889,0,1,0,0,0,0,0,1,0,0,1,0,0,0,0,0,0,0,0,1,0,0,0,0,0,0,0,0,0,1,0,1,0,0,0,0,0,0
65,5,30,102,2,9280,57.00472247,10.10145628,287.851068627451,1011.35294117647,78.9705882352941,5.09803921568627,250.519607843137,0,54.4019607843137,0,0,0,0,0,1,0,1,0,0,1,0,0,0,0,0,0,0,0,1,0,0,0,0,0,0,0,0,0,1,0,1,0,0,0,0,0,0
65,5,31,141.84971691626126,2,9280,57.00472247,10.10145628,287.114893258427,1012.11235955056,78.4887640449438,10.2134831460674,277.550561797753,0.57,33.9887640449438,0,0,0,0,0,0,1,1,0,0,1,0,0,0,0,0,0,0,0,1,0,0,0,0,0,0,0,0,0,1,0,0,0,0,0,1,0,0
65,6,1,176,2,9280,57.00472247,10.10145628,288.9946875,1020.72159090909,57.8863636363636,5.64204545454545,289.482954545455,0,7.5,0,0,0,0,1,0,0,1,0,0,1,0,0,0,0,0,0,0,0,1,0,0,0,0,0,0,0,0,0,1,1,0,0,0,0,0,0,0
65,6,2,178,2,9280,57.00472247,10.10145628,287.626921348315,1021.99438202247,70.3595505617977,2.71910112359551,114.084269662921,0,79.7640449438202,1,0,0,0,0,0,0,1,0,0,1,0,0,0,0,0,0,0,0,1,0,0,0,0,0,0,0,0,0,1,0,1,0,0,0,0,0,0
65,6,3,158,2,9280,57.00472247,10.10145628,290.814018987342,1025.04430379747,77.0569620253165,3.53164556962025,158.063291139241,22.31,43.0379746835443,0,0,1,0,0,0,0,1,0,0,1,0,0,0,0,0,0,0,0,1,0,0,0,0,0,0,0,0,0,1,0,1,0,0,0,0,0,0
65,6,4,77.44958388549277,2,9280,57.00472247,10.10145628,287.374381818182,1018.57272727273,93.6,4.91818181818182,266.6,9.465,71.9272727272727,0,0,0,1,0,0,0,1,0,0,1,0,0,0,0,0,0,0,0,1,0,0,0,0,0,0,0,0,0,1,0,0,0,0,0,1,0,0
65,6,5,86,2,9280,57.00472247,10.10145628,288.338441860465,1020.01162790698,72.1744186046512,6.01162790697674,240.325581395349,0,36.9302325581395,0,1,0,0,0,0,0,1,0,0,1,0,0,0,0,0,0,0,0,1,0,0,0,0,0,0,0,0,0,1,1,0,0,0,0,0,0,0
65,6,6,94,2,9280,57.00472247,10.10145628,291.473563829787,1005.77659574468,69.6063829787234,8.65957446808511,141.808510638298,6.0575,24,0,0,0,0,0,1,0,1,0,0,1,0,0,0,0,0,0,0,0,1,0,0,0,0,0,0,0,0,0,1,0,1,0,0,0,0,0,0
65,6,7,72.2972359986743,2,9280,57.00472247,10.10145628,286.031659793814,1002.56701030928,94.1443298969072,13.0309278350515,169.39175257732,34.1775,76.5773195876289,0,0,0,0,0,0,1,1,0,0,1,0,0,0,0,0,0,0,0,1,0,0,0,0,0,0,0,0,0,1,0,0,0,0,0,1,0,0
65,6,8,91.06170944692568,2,9280,57.00472247,10.10145628,287.339904761905,1012.70634920635,77.5079365079365,7.1984126984127,242.865079365079,12.675,56.2619047619048,0,0,0,0,1,0,0,1,0,0,1,0,0,0,0,0,0,0,0,1,0,0,0,0,0,0,0,0,0,1,0,0,0,0,0,1,0,0
65,6,9,127,2,9280,57.00472247,10.10145628,288.996866141732,1017.51968503937,95.1889763779528,4.65354330708661,141,265.83,83.7874015748032,1,0,0,0,0,0,0,1,0,0,1,0,0,0,0,0,0,0,0,1,0,0,0,0,0,0,0,0,0,1,0,1,0,0,0,0,0,0
65,6,10,91.84148945491762,2,9280,57.00472247,10.10145628,288.756551724138,1027.34482758621,88.5431034482759,4.73275862068965,240.98275862069,2.215,41.9310344827586,0,0,1,0,0,0,0,1,0,0,1,0,0,0,0,0,0,0,0,1,0,0,0,0,0,0,0,0,0,1,0,0,0,0,0,1,0,0
65,6,11,51.948522867099385,2,9280,57.00472247,10.10145628,290.330243243243,1021.97297297297,87.027027027027,5.27027027027027,224.891891891892,98.8225,88.9189189189189,0,0,0,1,0,0,0,1,0,0,1,0,0,0,0,0,0,0,0,1,0,0,0,0,0,0,0,0,0,1,0,0,0,0,0,1,0,0
65,6,12,46.556527610728516,2,9280,57.00472247,10.10145628,287.325590909091,1004.18181818182,85.8939393939394,8.96969696969697,255.151515151515,2.58,74.7727272727273,0,1,0,0,0,0,0,1,0,0,1,0,0,0,0,0,0,0,0,1,0,0,0,0,0,0,0,0,0,1,0,0,0,0,0,1,0,0
65,6,14,55,2,9280,57.00472247,10.10145628,290.618836363636,1023.4,69.3272727272727,7.4,274.127272727273,0,0,0,0,0,0,0,0,1,1,0,0,1,0,0,0,0,0,0,0,0,1,0,0,0,0,0,0,0,0,0,1,1,0,0,0,0,0,0,0
65,6,15,123,2,9280,57.00472247,10.10145628,291.337699186992,1016.54471544715,73.9918699186992,3.48780487804878,230.243902439024,8.56,42.8617886178862,0,0,0,0,1,0,0,1,0,0,1,0,0,0,0,0,0,0,0,1,0,0,0,0,0,0,0,0,0,1,1,0,0,0,0,0,0,0
65,6,16,102,2,9280,57.00472247,10.10145628,288.813294117647,1010.01960784314,86.8039215686274,6.05882352941176,295.794117647059,0,62.7254901960784,1,0,0,0,0,0,0,1,0,0,1,0,0,0,0,0,0,0,0,1,0,0,0,0,0,0,0,0,0,1,0,1,0,0,0,0,0,0
65,6,17,95,2,9280,57.00472247,10.10145628,291.4696,1029.91578947368,74.3894736842105,4.54736842105263,282.463157894737,0,13.5578947368421,0,0,1,0,0,0,0,1,0,0,1,0,0,0,0,0,0,0,0,1,0,0,0,0,0,0,0,0,0,1,1,0,0,0,0,0,0,0
65,6,18,68,2,9280,57.00472247,10.10145628,293.836941176471,1032,74.1029411764706,6.94117647058824,271.955882352941,0,0,0,0,0,1,0,0,0,1,0,0,1,0,0,0,0,0,0,0,0,1,0,0,0,0,0,0,0,0,0,1,1,0,0,0,0,0,0,0
65,6,19,97,2,9280,57.00472247,10.10145628,292.745164948454,1022.11340206186,73.340206185567,5.47422680412371,252.618556701031,3.36,23.2577319587629,0,1,0,0,0,0,0,1,0,0,1,0,0,0,0,0,0,0,0,1,0,0,0,0,0,0,0,0,0,1,0,1,0,0,0,0,0,0
65,6,20,113,2,9280,57.00472247,10.10145628,288.578504424779,1019.59292035398,63.0530973451327,8.47787610619469,290.407079646018,0,17.1681415929204,0,0,0,0,0,1,0,1,0,0,1,0,0,0,0,0,0,0,0,1,0,0,0,0,0,0,0,0,0,1,1,0,0,0,0,0,0,0
65,6,21,96,2,9280,57.00472247,10.10145628,289.13115625,1019.38541666667,62.6666666666667,4.40625,279.322916666667,0,36.1666666666667,0,0,0,0,0,0,1,1,0,0,1,0,0,0,0,0,0,0,0,1,0,0,0,0,0,0,0,0,0,1,1,0,0,0,0,0,0,0
65,6,22,102,2,9280,57.00472247,10.10145628,287.394176470588,1011.72549019608,93.6862745098039,2.81372549019608,172.921568627451,25.905,81.1764705882353,0,0,0,0,1,0,0,1,0,0,1,0,0,0,0,0,0,0,0,1,0,0,0,0,0,0,0,0,0,1,0,1,0,0,0,0,0,0
65,6,23,94.7240433304105,2,9280,57.00472247,10.10145628,289.486415492958,1009.08450704225,87.7746478873239,4.09859154929577,214.697183098592,70.175,79.5492957746479,1,0,0,0,0,0,0,1,0,0,1,0,0,0,0,0,0,0,0,1,0,0,0,0,0,0,0,0,0,1,0,0,0,0,0,1,0,0
65,6,24,81.34698775028811,2,9280,57.00472247,10.10145628,288.90362037037,1014.43518518519,86.3333333333333,7.03703703703704,258.759259259259,1.515,19.037037037037,0,0,1,0,0,0,0,1,0,0,1,0,0,0,0,0,0,0,0,1,0,0,0,0,0,0,0,0,0,1,0,0,0,0,0,1,0,0
65,6,25,48.366093853954226,2,9280,57.00472247,10.10145628,287.947557142857,1011.71428571429,71.6142857142857,9.42857142857143,256.528571428571,0.6875,71.3142857142857,0,0,0,1,0,0,0,1,0,0,1,0,0,0,0,0,0,0,0,1,0,0,0,0,0,0,0,0,0,1,0,0,0,0,0,1,0,0
65,6,26,71,2,9280,57.00472247,10.10145628,287.588070422535,1006.64788732394,68.9295774647887,9.49295774647887,279.380281690141,0,14.9295774647887,0,1,0,0,0,0,0,1,0,0,1,0,0,0,0,0,0,0,0,1,0,0,0,0,0,0,0,0,0,1,0,1,0,0,0,0,0,0
65,6,27,99,2,9280,57.00472247,10.10145628,289.368343434343,1013.15151515152,61.020202020202,2.02020202020202,155.464646464646,0,27.1515151515152,0,0,0,0,0,1,0,1,0,0,1,0,0,0,0,0,0,0,0,1,0,0,0,0,0,0,0,0,0,1,0,1,0,0,0,0,0,0
65,6,28,81,2,9280,57.00472247,10.10145628,289.967086419753,1009.75308641975,63.4938271604938,4.22222222222222,92.4938271604938,0.6625,52.3703703703704,0,0,0,0,0,0,1,1,0,0,1,0,0,0,0,0,0,0,0,1,0,0,0,0,0,0,0,0,0,1,0,1,0,0,0,0,0,0
65,6,29,51.03521632680204,2,9280,57.00472247,10.10145628,289.636935897436,1005.12820512821,72.3333333333333,6.33333333333333,62.6794871794872,13.0225,83.8076923076923,0,0,0,0,1,0,0,1,0,0,1,0,0,0,0,0,0,0,0,1,0,0,0,0,0,0,0,0,0,1,0,0,0,0,0,1,0,0
65,6,30,135.14972364826826,2,9280,57.00472247,10.10145628,290.220220512821,1004.04615384615,72.3230769230769,6.16923076923077,42.2666666666667,26.1525,29.025641025641,1,0,0,0,0,0,0,1,0,0,1,0,0,0,0,0,0,0,0,1,0,0,0,0,0,0,0,0,0,1,0,0,0,0,0,1,0,0
65,7,1,166,2,9280,57.00472247,10.10145628,292.153554216867,1017.0421686747,68.0301204819277,4.82530120481928,204.313253012048,0,12.4578313253012,0,0,1,0,0,0,0,1,0,0,1,0,0,0,0,0,0,0,0,1,0,0,0,0,0,0,0,0,0,1,0,1,0,0,0,0,0,0
65,7,2,22.755725598323625,2,9280,57.00472247,10.10145628,289.225864756775,1019,73.448275862069,9.31034482758621,274.931034482759,0.175,10.3103448275862,0,0,0,1,0,0,0,1,0,0,1,0,0,0,0,0,0,0,0,1,0,0,0,0,0,0,0,0,0,1,0,0,0,0,0,1,0,0
74,1,1,7,4,7870,56.67112157,9.0134325,277.721428571429,1009.42857142857,91,2.85714285714286,285.714285714286,0,42.8571428571429,0,0,0,1,0,0,0,0,1,0,1,0,0,0,0,0,0,1,0,0,0,0,0,0,1,0,0,0,0,0,0,1,0,0,0,0,0,0
74,1,2,33,4,7870,56.67112157,9.0134325,273.756060606061,1014.42424242424,86.9393939393939,2.18181818181818,254.545454545455,0,22.6666666666667,0,1,0,0,0,0,0,0,1,0,1,0,0,0,0,0,0,1,0,0,0,0,0,0,1,0,0,0,0,0,0,1,0,0,0,0,0,0
74,1,3,26,4,7870,56.67112157,9.0134325,280.15,1002.57692307692,90.1538461538462,8.38461538461539,265.769230769231,10.1275,82.3076923076923,0,0,0,0,0,1,0,0,1,0,1,0,0,0,0,0,0,1,0,0,0,0,0,0,1,0,0,0,0,0,0,1,0,0,0,0,0,0
74,1,4,35,4,7870,56.67112157,9.0134325,275.15,1006.28571428571,63.5142857142857,6.08571428571429,302,0,21.9428571428571,0,0,0,0,0,0,1,0,1,0,1,0,0,0,0,0,0,1,0,0,0,0,0,0,1,0,0,0,0,0,1,0,0,0,0,0,0,0
74,1,5,33,4,7870,56.67112157,9.0134325,267.725757575758,1034.87878787879,73.5151515151515,2.48484848484848,43.3333333333333,0,2.54545454545455,0,0,0,0,1,0,0,0,1,0,1,0,0,0,0,0,0,1,0,0,0,0,0,0,1,0,0,0,0,0,1,0,0,0,0,0,0,0
74,1,6,28,4,7870,56.67112157,9.0134325,269.542857142857,1036.28571428571,69.9642857142857,4.85714285714286,181.785714285714,0,51.7142857142857,1,0,0,0,0,0,0,0,1,0,1,0,0,0,0,0,0,1,0,0,0,0,0,0,1,0,0,0,0,0,1,0,0,0,0,0,0,0
74,1,7,35,4,7870,56.67112157,9.0134325,278.121428571429,1021,94.2571428571429,3.48571428571429,276.285714285714,0,55.5142857142857,0,0,1,0,0,0,0,0,1,0,1,0,0,0,0,0,0,1,0,0,0,0,0,0,1,0,0,0,0,0,0,0,1,0,0,0,0,0
74,1,8,34,4,7870,56.67112157,9.0134325,274.179411764706,1028.76470588235,89.2941176470588,2.52941176470588,217.647058823529,0,51.6470588235294,0,0,0,1,0,0,0,0,1,0,1,0,0,0,0,0,0,1,0,0,0,0,0,0,1,0,0,0,0,0,0,1,0,0,0,0,0,0
74,1,9,31,4,7870,56.67112157,9.0134325,278.279032258064,1017.12903225806,95.9354838709677,3.7741935483871,196.451612903226,0.67,77.0967741935484,0,1,0,0,0,0,0,0,1,0,1,0,0,0,0,0,0,1,0,0,0,0,0,0,1,0,0,0,0,0,0,1,0,0,0,0,0,0
74,1,10,17.717676363070495,4,7870,56.67112157,9.0134325,276.224074074074,1004.14814814815,100,4.22222222222222,177.407407407407,0,75.6296296296296,0,0,0,0,0,1,0,0,1,0,1,0,0,0,0,0,0,1,0,0,0,0,0,0,1,0,0,0,0,0,0,0,0,0,0,1,0,0
74,1,11,25.96091482350603,4,7870,56.67112157,9.0134325,279.038888888889,983.583333333333,88.4722222222222,9.11111111111111,247.5,15.1275,76.5277777777778,0,0,0,0,0,0,1,0,1,0,1,0,0,0,0,0,0,1,0,0,0,0,0,0,1,0,0,0,0,0,0,0,0,0,0,1,0,0
74,1,12,24,4,7870,56.67112157,9.0134325,276.525,990.791666666667,81.5416666666667,6.5,253.333333333333,0,44.375,0,0,0,0,1,0,0,0,1,0,1,0,0,0,0,0,0,1,0,0,0,0,0,0,1,0,0,0,0,0,0,1,0,0,0,0,0,0
74,1,13,37,4,7870,56.67112157,9.0134325,274.366216216216,989.72972972973,89.027027027027,1.89189189189189,185.405405405405,0,19.4594594594595,1,0,0,0,0,0,0,0,1,0,1,0,0,0,0,0,0,1,0,0,0,0,0,0,1,0,0,0,0,0,1,0,0,0,0,0,0,0
74,1,14,16.537867617257874,4,7870,56.67112157,9.0134325,274.422727272727,999.136363636364,89.0909090909091,4.36363636363636,290.909090909091,0,36.1363636363636,0,0,1,0,0,0,0,0,1,0,1,0,0,0,0,0,0,1,0,0,0,0,0,0,1,0,0,0,0,0,0,0,0,0,0,1,0,0
74,1,15,27,4,7870,56.67112157,9.0134325,269.372222222222,1017.77777777778,94.0740740740741,0.740740740740741,255.777777777778,0,14.0740740740741,0,0,0,1,0,0,0,0,1,0,1,0,0,0,0,0,0,1,0,0,0,0,0,0,1,0,0,0,0,0,0,0,0,1,0,0,0,0
74,1,16,42,4,7870,56.67112157,9.0134325,267.221428571429,1028.33333333333,90.7857142857143,1.95238095238095,295.857142857143,0,6.54761904761905,0,1,0,0,0,0,0,0,1,0,1,0,0,0,0,0,0,1,0,0,0,0,0,0,1,0,0,0,0,0,0,0,0,1,0,0,0,0
74,1,17,34,4,7870,56.67112157,9.0134325,273.385294117647,1034.94117647059,93.8823529411765,2.67647058823529,201.764705882353,6.7775,90.8235294117647,0,0,0,0,0,1,0,0,1,0,1,0,0,0,0,0,0,1,0,0,0,0,0,0,1,0,0,0,0,0,0,1,0,0,0,0,0,0
74,1,18,17,4,7870,56.67112157,9.0134325,277.738235294118,1033.76470588235,99.1764705882353,4.17647058823529,230.588235294118,0,89.1176470588235,0,0,0,0,0,0,1,0,1,0,1,0,0,0,0,0,0,1,0,0,0,0,0,0,1,0,0,0,0,0,0,0,0,0,1,0,0,0
74,1,19,32,4,7870,56.67112157,9.0134325,279.525,1033.09375,93.28125,4.03125,254.0625,0,71.15625,0,0,0,0,1,0,0,0,1,0,1,0,0,0,0,0,0,1,0,0,0,0,0,0,1,0,0,0,0,0,0,1,0,0,0,0,0,0
74,1,20,52,4,7870,56.67112157,9.0134325,280.303846153846,1031.32692307692,89.5769230769231,4.90384615384615,266.730769230769,0,11.9230769230769,1,0,0,0,0,0,0,0,1,0,1,0,0,0,0,0,0,1,0,0,0,0,0,0,1,0,0,0,0,0,0,1,0,0,0,0,0,0
74,1,21,28,4,7870,56.67112157,9.0134325,279.578571428571,1029.71428571429,90.7857142857143,2.75,270.714285714286,0.1,74.8571428571429,0,0,1,0,0,0,0,0,1,0,1,0,0,0,0,0,0,1,0,0,0,0,0,0,1,0,0,0,0,0,0,1,0,0,0,0,0,0
74,1,22,19.72711551282555,4,7870,56.67112157,9.0134325,277.073076923077,1026.96153846154,87.6923076923077,1.61538461538462,204.692307692308,0.1075,50.4615384615385,0,0,0,1,0,0,0,0,1,0,1,0,0,0,0,0,0,1,0,0,0,0,0,0,1,0,0,0,0,0,0,0,0,0,0,1,0,0
74,1,23,29,4,7870,56.67112157,9.0134325,276.391379310345,1021.62068965517,89.1379310344828,2.51724137931034,222.758620689655,0,57.8620689655172,0,1,0,0,0,0,0,0,1,0,1,0,0,0,0,0,0,1,0,0,0,0,0,0,1,0,0,0,0,0,0,1,0,0,0,0,0,0
74,1,24,26,4,7870,56.67112157,9.0134325,277.196076923077,1030.07692307692,95.2307692307692,2.65384615384615,242.5,0,33.7692307692308,0,0,0,0,0,1,0,0,1,0,1,0,0,0,0,0,0,1,0,0,0,0,0,0,1,0,0,0,0,0,0,0,0,0,1,0,0,0
74,1,25,25,4,7870,56.67112157,9.0134325,276.48412,1035.68,94.52,4.48,226.16,0,46.32,0,0,0,0,0,0,1,0,1,0,1,0,0,0,0,0,0,1,0,0,0,0,0,0,1,0,0,0,0,0,1,0,0,0,0,0,0,0
74,1,26,27,4,7870,56.67112157,9.0134325,272.816666666667,1028.74074074074,94.6296296296296,2.7037037037037,140.37037037037,0,39.6296296296296,0,0,0,0,1,0,0,0,1,0,1,0,0,0,0,0,0,1,0,0,0,0,0,0,1,0,0,0,0,0,0,0,0,0,1,0,0,0
74,1,27,36,4,7870,56.67112157,9.0134325,274.455555555556,1019.63888888889,81.1944444444444,3.05555555555556,137.777777777778,0,2.80555555555556,1,0,0,0,0,0,0,0,1,0,1,0,0,0,0,0,0,1,0,0,0,0,0,0,1,0,0,0,0,0,0,0,0,0,1,0,0,0
74,1,28,34,4,7870,56.67112157,9.0134325,276.65,1017.70588235294,84.3823529411765,2.85294117647059,137.352941176471,0,34.9411764705882,0,0,1,0,0,0,0,0,1,0,1,0,0,0,0,0,0,1,0,0,0,0,0,0,1,0,0,0,0,0,0,0,0,0,1,0,0,0
74,1,29,20,4,7870,56.67112157,9.0134325,277.6,1011.85,94.9,3.6,196.5,6.3075,83.85,0,0,0,1,0,0,0,0,1,0,1,0,0,0,0,0,0,1,0,0,0,0,0,0,1,0,0,0,0,0,0,0,1,0,0,0,0,0
74,1,30,28,4,7870,56.67112157,9.0134325,276.65,1015.17857142857,92.75,2.28571428571429,84.6428571428571,0,79.8214285714286,0,1,0,0,0,0,0,0,1,0,1,0,0,0,0,0,0,1,0,0,0,0,0,0,1,0,0,0,0,0,0,0,0,1,0,0,0,0
74,1,31,67,4,7870,56.67112157,9.0134325,274.896268656716,1020.35820895522,93.955223880597,3.7910447761194,92.6865671641791,0,72.9850746268657,0,0,0,0,0,1,0,0,1,0,1,0,0,0,0,0,0,1,0,0,0,0,0,0,1,0,0,0,0,0,0,1,0,0,0,0,0,0
74,2,1,64,4,7870,56.67112157,9.0134325,274.85775,1018.59375,93.828125,3.515625,145,0,82.3125,0,0,0,0,0,0,1,0,1,0,1,0,0,0,0,0,0,1,0,0,0,0,0,0,1,0,0,0,0,0,0,1,0,0,0,0,0,0
74,2,2,53,4,7870,56.67112157,9.0134325,274.791509433962,1008.47169811321,98.5660377358491,3.30188679245283,139.245283018868,0,88.0188679245283,0,0,0,0,1,0,0,0,1,0,1,0,0,0,0,0,0,1,0,0,0,0,0,0,1,0,0,0,0,0,0,0,0,0,1,0,0,0
74,2,3,47,4,7870,56.67112157,9.0134325,275.724468085106,1004.72340425532,98.8085106382979,3.74468085106383,125.531914893617,0,90.1276595744681,1,0,0,0,0,0,0,0,1,0,1,0,0,0,0,0,0,1,0,0,0,0,0,0,1,0,0,0,0,0,0,0,0,0,1,0,0,0
74,2,4,41,4,7870,56.67112157,9.0134325,276.784146341463,1001.65853658537,96.5853658536585,2.90243902439024,125.121951219512,0,87.8536585365854,0,0,1,0,0,0,0,0,1,0,1,0,0,0,0,0,0,1,0,0,0,0,0,0,1,0,0,0,0,0,0,0,0,0,1,0,0,0
74,2,5,47,4,7870,56.67112157,9.0134325,275.987957446808,1008.48936170213,98.6808510638298,4.85106382978723,88.7659574468085,0,88.2340425531915,0,0,0,1,0,0,0,0,1,0,1,0,0,0,0,0,0,1,0,0,0,0,0,0,1,0,0,0,0,0,0,0,1,0,0,0,0,0
74,2,6,31.493608578573916,4,7870,56.67112157,9.0134325,275.175,1024.975,86.7,6.075,81.75,0,44.925,0,1,0,0,0,0,0,0,1,0,1,0,0,0,0,0,0,1,0,0,0,0,0,0,1,0,0,0,0,0,0,0,0,0,0,1,0,0
74,2,7,35,4,7870,56.67112157,9.0134325,272.035714285714,1028.28571428571,77.7428571428571,7.02857142857143,85.1428571428571,0,58.8571428571429,0,0,0,0,0,1,0,0,1,0,1,0,0,0,0,0,0,1,0,0,0,0,0,0,1,0,0,0,0,0,0,1,0,0,0,0,0,0
74,2,8,33,4,7870,56.67112157,9.0134325,270.816666666667,1033.9696969697,80.6060606060606,7.39393939393939,70.6060606060606,0,59.6060606060606,0,0,0,0,0,0,1,0,1,0,1,0,0,0,0,0,0,1,0,0,0,0,0,0,1,0,0,0,0,0,0,0,0,0,0,0,1,0
74,2,9,44,4,7870,56.67112157,9.0134325,271.718181818182,1034.97727272727,83.2727272727273,3.90909090909091,63.4090909090909,0,73.8409090909091,0,0,0,0,1,0,0,0,1,0,1,0,0,0,0,0,0,1,0,0,0,0,0,0,1,0,0,0,0,0,0,0,0,0,0,0,1,0
74,2,10,31,4,7870,56.67112157,9.0134325,272.472580645161,1031.90322580645,84.8709677419355,6.06451612903226,86.4516129032258,0,82.3225806451613,1,0,0,0,0,0,0,0,1,0,1,0,0,0,0,0,0,1,0,0,0,0,0,0,1,0,0,0,0,0,0,1,0,0,0,0,0,0
74,2,11,26,4,7870,56.67112157,9.0134325,273.919230769231,1033.03846153846,73.6923076923077,8.42307692307692,83.0769230769231,0,26.0769230769231,0,0,1,0,0,0,0,0,1,0,1,0,0,0,0,0,0,1,0,0,0,0,0,0,1,0,0,0,0,0,1,0,0,0,0,0,0,0
74,2,12,39,4,7870,56.67112157,9.0134325,273.919230769231,1038.12820512821,70.1025641025641,6.64102564102564,85.6410256410256,0,48.7179487179487,0,0,0,1,0,0,0,0,1,0,1,0,0,0,0,0,0,1,0,0,0,0,0,0,1,0,0,0,0,0,0,1,0,0,0,0,0,0
74,2,13,46,4,7870,56.67112157,9.0134325,272.802173913043,1038.71739130435,82.1086956521739,2.19565217391304,107.826086956522,0,23.1521739130435,0,1,0,0,0,0,0,0,1,0,1,0,0,0,0,0,0,1,0,0,0,0,0,0,1,0,0,0,0,0,1,0,0,0,0,0,0,0
74,2,14,35,4,7870,56.67112157,9.0134325,271.7534,1045.31428571429,82.1142857142857,2,115.942857142857,0,0,0,0,0,0,0,1,0,0,1,0,1,0,0,0,0,0,0,1,0,0,0,0,0,0,1,0,0,0,0,0,1,0,0,0,0,0,0,0
74,2,15,33,4,7870,56.67112157,9.0134325,272.799939393939,1041.30303030303,78.6363636363636,1.3030303030303,174.212121212121,0,1.6969696969697,0,0,0,0,0,0,1,0,1,0,1,0,0,0,0,0,0,1,0,0,0,0,0,0,1,0,0,0,0,0,1,0,0,0,0,0,0,0
74,2,16,36.00263078270946,4,7870,56.67112157,9.0134325,278.26829787234,1028.91489361702,94.6595744680851,6.31914893617021,235.744680851064,12.4,90.5531914893617,0,0,0,0,1,0,0,0,1,0,1,0,0,0,0,0,0,1,0,0,0,0,0,0,1,0,0,0,0,0,0,0,0,0,0,1,0,0
74,2,17,42,4,7870,56.67112157,9.0134325,277.184047619048,1026.85714285714,94.3571428571429,2.23809523809524,271.142857142857,2.695,76.2857142857143,1,0,0,0,0,0,0,0,1,0,1,0,0,0,0,0,0,1,0,0,0,0,0,0,1,0,0,0,0,0,0,1,0,0,0,0,0,0
74,2,18,29,4,7870,56.67112157,9.0134325,277.845793103448,1029.24137931034,96.8620689655172,6,250.275862068966,0.825,78.0689655172414,0,0,1,0,0,0,0,0,1,0,1,0,0,0,0,0,0,1,0,0,0,0,0,0,1,0,0,0,0,0,0,1,0,0,0,0,0,0
74,2,19,23.220784210867716,4,7870,56.67112157,9.0134325,279.587181818182,1019,97.5151515151515,5.66666666666667,269.242424242424,10.46,89.8181818181818,0,0,0,1,0,0,0,0,1,0,1,0,0,0,0,0,0,1,0,0,0,0,0,0,1,0,0,0,0,0,0,0,0,0,0,1,0,0
74,2,20,19.745962554297876,4,7870,56.67112157,9.0134325,280.74656,1007.56,96.16,8.48,272.16,24.0375,91.36,0,1,0,0,0,0,0,0,1,0,1,0,0,0,0,0,0,1,0,0,0,0,0,0,1,0,0,0,0,0,0,0,0,0,0,1,0,0
74,2,21,24,4,7870,56.67112157,9.0134325,279.200398173874,1008.875,89.0833333333333,8.16666666666667,279.208333333333,0.15,54.2916666666667,0,0,0,0,0,1,0,0,1,0,1,0,0,0,0,0,0,1,0,0,0,0,0,0,1,0,0,0,0,0,0,1,0,0,0,0,0,0
74,2,22,18,4,7870,56.67112157,9.0134325,280.15,988.055555555556,75,11.3333333333333,257.777777777778,0,48.8888888888889,0,0,0,0,0,0,1,0,1,0,1,0,0,0,0,0,0,1,0,0,0,0,0,0,1,0,0,0,0,0,1,0,0,0,0,0,0,0
74,2,23,35,4,7870,56.67112157,9.0134325,276.778571428571,985.6,89.3714285714286,3.57142857142857,131.714285714286,0,70.2,0,0,0,0,1,0,0,0,1,0,1,0,0,0,0,0,0,1,0,0,0,0,0,0,1,0,0,0,0,0,0,1,0,0,0,0,0,0
74,2,24,70,4,7870,56.67112157,9.0134325,275.878571428571,1004.8,75.7285714285714,5.74285714285714,281.571428571429,0,7.6,1,0,0,0,0,0,0,0,1,0,1,0,0,0,0,0,0,1,0,0,0,0,0,0,1,0,0,0,0,0,1,0,0,0,0,0,0,0
74,2,25,31,4,7870,56.67112157,9.0134325,275.279032258064,1009.61290322581,92.1935483870968,3.83870967741935,185.161290322581,0,56.8387096774194,0,0,1,0,0,0,0,0,1,0,1,0,0,0,0,0,0,1,0,0,0,0,0,0,1,0,0,0,0,0,0,1,0,0,0,0,0,0
74,2,26,39,4,7870,56.67112157,9.0134325,279.970512820513,1000.07692307692,99.1025641025641,4.48717948717949,227.435897435897,0,88.4615384615385,0,0,0,1,0,0,0,0,1,0,1,0,0,0,0,0,0,1,0,0,0,0,0,0,1,0,0,0,0,0,0,0,1,0,0,0,0,0
74,2,27,26,4,7870,56.67112157,9.0134325,280.957692307692,992.923076923077,94.3461538461538,3.46153846153846,190.769230769231,0,88.3076923076923,0,1,0,0,0,0,0,0,1,0,1,0,0,0,0,0,0,1,0,0,0,0,0,0,1,0,0,0,0,0,0,1,0,0,0,0,0,0
74,2,28,70,4,7870,56.67112157,9.0134325,277.935714285714,980.8,82.6428571428571,6.71428571428571,198.857142857143,0.96,64.9857142857143,0,0,0,0,0,1,0,0,1,0,1,0,0,0,0,0,0,1,0,0,0,0,0,0,1,0,0,0,0,0,0,1,0,0,0,0,0,0
74,3,1,55,4,7870,56.67112157,9.0134325,278.895454545455,990.145454545455,83.6,7.07272727272727,246.545454545455,5.225,56.2909090909091,0,0,0,0,0,0,1,0,1,0,1,0,0,0,0,0,0,1,0,0,0,0,0,0,1,0,0,0,0,0,0,1,0,0,0,0,0,0
74,3,2,45,4,7870,56.67112157,9.0134325,278.105555555555,995.688888888889,83.9111111111111,5.22222222222222,247.555555555556,2.48,69.3333333333333,0,0,0,0,1,0,0,0,1,0,1,0,0,0,0,0,0,1,0,0,0,0,0,0,1,0,0,0,0,0,0,1,0,0,0,0,0,0
74,3,3,58,4,7870,56.67112157,9.0134325,278.891379310345,1002.63793103448,91.4655172413793,4.91379310344828,229.827586206897,29.0225,85.5,1,0,0,0,0,0,0,0,1,0,1,0,0,0,0,0,0,1,0,0,0,0,0,0,1,0,0,0,0,0,0,1,0,0,0,0,0,0
74,3,4,49.59961642548442,4,7870,56.67112157,9.0134325,278.571875,996.40625,87.21875,6.359375,93.4375,36.75,90.796875,0,0,1,0,0,0,0,0,1,0,1,0,0,0,0,0,0,1,0,0,0,0,0,0,1,0,0,0,0,0,0,0,0,0,0,1,0,0
74,3,5,31.510523295472378,4,7870,56.67112157,9.0134325,278.003658536585,995.268292682927,91.8048780487805,5.46341463414634,111.317073170732,9.405,90.5365853658537,0,0,0,1,0,0,0,0,1,0,1,0,0,0,0,0,0,1,0,0,0,0,0,0,1,0,0,0,0,0,0,0,0,0,0,1,0,0
74,3,6,33,4,7870,56.67112157,9.0134325,274.786363636364,1006.78787878788,90.1212121212121,7.90909090909091,72.1212121212121,0,75.030303030303,0,1,0,0,0,0,0,0,1,0,1,0,0,0,0,0,0,1,0,0,0,0,0,0,1,0,0,0,0,0,0,0,0,0,1,0,0,0
74,3,7,34,4,7870,56.67112157,9.0134325,272.532352941176,1015.73529411765,87.2058823529412,2.94117647058824,133.823529411765,0,48.2352941176471,0,0,0,0,0,1,0,0,1,0,1,0,0,0,0,0,0,1,0,0,0,0,0,0,1,0,0,0,0,0,0,0,0,0,0,0,1,0
74,3,8,34,4,7870,56.67112157,9.0134325,275.061764705882,1010.44117647059,94,3.32352941176471,151.470588235294,0,82.9411764705882,0,0,0,0,0,0,1,0,1,0,1,0,0,0,0,0,0,1,0,0,0,0,0,0,1,0,0,0,0,0,0,1,0,0,0,0,0,0
74,3,9,33,4,7870,56.67112157,9.0134325,280.543939393939,1009.66666666667,87.6969696969697,3.27272727272727,218.484848484848,0,67.969696969697,0,0,0,0,1,0,0,0,1,0,1,0,0,0,0,0,0,1,0,0,0,0,0,0,1,0,0,0,0,0,0,1,0,0,0,0,0,0
74,3,10,53,4,7870,56.67112157,9.0134325,280.131132075472,1021.47169811321,81.9622641509434,6.28301886792453,302.641509433962,0,42.0377358490566,1,0,0,0,0,0,0,0,1,0,1,0,0,0,0,0,0,1,0,0,0,0,0,0,1,0,0,0,0,0,0,1,0,0,0,0,0,0
74,3,11,45,4,7870,56.67112157,9.0134325,281.927777777778,1024,67.1555555555556,1.88888888888889,179.333333333333,0,49.4,0,0,1,0,0,0,0,0,1,0,1,0,0,0,0,0,0,1,0,0,0,0,0,0,1,0,0,0,0,0,0,0,0,0,1,0,0,0
74,3,12,50,4,7870,56.67112157,9.0134325,278.81,1021.9,62.54,4.12,133.4,0,82.72,0,0,0,1,0,0,0,0,1,0,1,0,0,0,0,0,0,1,0,0,0,0,0,0,1,0,0,0,0,0,0,1,0,0,0,0,0,0
74,3,13,34,4,7870,56.67112157,9.0134325,279.032352941176,1022.5,79.7352941176471,3.44117647058824,200.294117647059,0,69.0588235294118,0,1,0,0,0,0,0,0,1,0,1,0,0,0,0,0,0,1,0,0,0,0,0,0,1,0,0,0,0,0,0,1,0,0,0,0,0,0
74,3,14,40,4,7870,56.67112157,9.0134325,281.6,1020,89.925,6.75,238,0.78,74.6,0,0,0,0,0,1,0,0,1,0,1,0,0,0,0,0,0,1,0,0,0,0,0,0,1,0,0,0,0,0,0,0,0,0,1,0,0,0
74,3,15,38,4,7870,56.67112157,9.0134325,281.017342105263,1024.78947368421,74.6315789473684,9.18421052631579,281.657894736842,0,15.1052631578947,0,0,0,0,0,0,1,0,1,0,1,0,0,0,0,0,0,1,0,0,0,0,0,0,1,0,0,0,0,0,0,1,0,0,0,0,0,0
74,3,16,51,4,7870,56.67112157,9.0134325,283.424509803922,1015.90196078431,77.9607843137255,5.7843137254902,230.78431372549,0,53.9411764705882,0,0,0,0,1,0,0,0,1,0,1,0,0,0,0,0,0,1,0,0,0,0,0,0,1,0,0,0,0,0,0,1,0,0,0,0,0,0
74,3,17,51,4,7870,56.67112157,9.0134325,277.836274509804,1002.62745098039,85.1372549019608,6.98039215686275,262.156862745098,0,50.4705882352941,1,0,0,0,0,0,0,0,1,0,1,0,0,0,0,0,0,1,0,0,0,0,0,0,1,0,0,0,0,0,0,1,0,0,0,0,0,0
74,3,18,43,4,7870,56.67112157,9.0134325,277.777906976744,996.093023255814,79.8604651162791,7,308.139534883721,0,23.2558139534884,0,0,1,0,0,0,0,0,1,0,1,0,0,0,0,0,0,1,0,0,0,0,0,0,1,0,0,0,0,0,0,0,0,0,0,0,1,0
74,3,19,26,4,7870,56.67112157,9.0134325,276.073076923077,998.576923076923,94,3.88461538461538,150.384615384615,1.09,79.6153846153846,0,0,0,1,0,0,0,0,1,0,1,0,0,0,0,0,0,1,0,0,0,0,0,0,1,0,0,0,0,0,0,1,0,0,0,0,0,0
74,3,20,31,4,7870,56.67112157,9.0134325,280.698387096774,997.451612903226,93.741935483871,3.03225806451613,195.483870967742,1.28,81.8064516129032,0,1,0,0,0,0,0,0,1,0,1,0,0,0,0,0,0,1,0,0,0,0,0,0,1,0,0,0,0,0,0,0,0,0,1,0,0,0
74,3,21,30,4,7870,56.67112157,9.0134325,278.45,998.5,82.2333333333333,7.83333333333333,240.333333333333,3.235,51.3333333333333,0,0,0,0,0,1,0,0,1,0,1,0,0,0,0,0,0,1,0,0,0,0,0,0,1,0,0,0,0,0,0,1,0,0,0,0,0,0
74,3,22,27,4,7870,56.67112157,9.0134325,280.631481481481,1014.59259259259,71.6296296296296,4.77777777777778,249.62962962963,0,8.2962962962963,0,0,0,0,0,0,1,0,1,0,1,0,0,0,0,0,0,1,0,0,0,0,0,0,1,0,0,0,0,0,1,0,0,0,0,0,0,0
74,3,23,52,4,7870,56.67112157,9.0134325,280.746153846154,1024.55769230769,58.7884615384615,1.75,163.211538461538,0,9.38461538461539,0,0,0,0,1,0,0,0,1,0,1,0,0,0,0,0,0,1,0,0,0,0,0,0,1,0,0,0,0,0,0,0,0,1,0,0,0,0
74,3,24,54,4,7870,56.67112157,9.0134325,280.001851851852,1031.87037037037,70.2037037037037,3.55555555555556,287.037037037037,0,16,1,0,0,0,0,0,0,0,1,0,1,0,0,0,0,0,0,1,0,0,0,0,0,0,1,0,0,0,0,0,1,0,0,0,0,0,0,0
74,3,25,52,4,7870,56.67112157,9.0134325,281.65,1028.07692307692,83.4038461538462,6.34615384615385,307.692307692308,0,12.6923076923077,0,0,1,0,0,0,0,0,1,0,1,0,0,0,0,0,0,1,0,0,0,0,0,0,1,0,0,0,0,0,0,1,0,0,0,0,0,0
74,3,26,23,4,7870,56.67112157,9.0134325,280.584782608696,1025.69565217391,90.9565217391304,2.82608695652174,235.652173913043,0,62.9565217391304,0,0,0,1,0,0,0,0,1,0,1,0,0,0,0,0,0,1,0,0,0,0,0,0,1,0,0,0,0,0,0,0,0,1,0,0,0,0
74,3,27,28.671941949450414,4,7870,56.67112157,9.0134325,281.95487804878,1023.26829268293,89.1219512195122,4.75609756097561,244.878048780488,0,41.3658536585366,0,1,0,0,0,0,0,0,1,0,1,0,0,0,0,0,0,1,0,0,0,0,0,0,1,0,0,0,0,0,0,0,0,0,0,1,0,0
74,3,28,30,4,7870,56.67112157,9.0134325,281.086533333333,1018.43333333333,85.4,2.9,263.1,0,59.0666666666667,0,0,0,0,0,1,0,0,1,0,1,0,0,0,0,0,0,1,0,0,0,0,0,0,1,0,0,0,0,0,0,0,0,1,0,0,0,0
74,3,29,38,4,7870,56.67112157,9.0134325,280.413157894737,1016.76315789474,88.5,4.18421052631579,278.684210526316,0,75.5263157894737,0,0,0,0,0,0,1,0,1,0,1,0,0,0,0,0,0,1,0,0,0,0,0,0,1,0,0,0,0,0,0,0,0,1,0,0,0,0
74,3,30,54,4,7870,56.67112157,9.0134325,282.724074074074,1016.42592592593,98.3148148148148,4.42592592592593,215.925925925926,3.99,85.4444444444444,0,0,0,0,1,0,0,0,1,0,1,0,0,0,0,0,0,1,0,0,0,0,0,0,1,0,0,0,0,0,0,0,1,0,0,0,0,0
74,3,31,55.365514217177406,4,7870,56.67112157,9.0134325,290.444117647059,1010.82352941176,66.4705882352941,3.90588235294118,189.176470588235,0.5375,63.6235294117647,1,0,0,0,0,0,0,0,1,0,1,0,0,0,0,0,0,1,0,0,0,0,0,0,1,0,0,0,0,0,0,0,0,0,0,1,0,0
74,4,1,67,4,7870,56.67112157,9.0134325,285.49328358209,1010.22388059701,77.6865671641791,2.95522388059702,224.029850746269,0,73.7313432835821,0,0,1,0,0,0,0,0,1,0,1,0,0,0,0,0,0,1,0,0,0,0,0,0,1,0,0,0,0,0,0,0,0,0,1,0,0,0
74,4,2,39,4,7870,56.67112157,9.0134325,283.791025641026,1017.20512820513,83,3.61538461538462,272.307692307692,0,48.8974358974359,0,0,0,1,0,0,0,0,1,0,1,0,0,0,0,0,0,1,0,0,0,0,0,0,1,0,0,0,0,0,0,1,0,0,0,0,0,0
74,4,3,53,4,7870,56.67112157,9.0134325,282.017924528302,1026.09433962264,69.7547169811321,3.15094339622642,281.698113207547,0,16.9811320754717,0,1,0,0,0,0,0,0,1,0,1,0,0,0,0,0,0,1,0,0,0,0,0,0,1,0,0,0,0,0,0,0,0,0,1,0,0,0
74,4,4,40,4,7870,56.67112157,9.0134325,284.275,1023.45,67.975,4.35,219.25,0,16.95,0,0,0,0,0,1,0,0,1,0,1,0,0,0,0,0,0,1,0,0,0,0,0,0,1,0,0,0,0,0,0,0,0,1,0,0,0,0
74,4,5,46,4,7870,56.67112157,9.0134325,280.910869565217,1015.86956521739,76.3260869565217,9.56521739130435,284.782608695652,0,62.304347826087,0,0,0,0,0,0,1,0,1,0,1,0,0,0,0,0,0,1,0,0,0,0,0,0,1,0,0,0,0,0,0,1,0,0,0,0,0,0
74,4,6,31,4,7870,56.67112157,9.0134325,281.15,1019.38709677419,85.4193548387097,9,280,2.695,69.9354838709677,0,0,0,0,1,0,0,0,1,0,1,0,0,0,0,0,0,1,0,0,0,0,0,0,1,0,0,0,0,0,1,0,0,0,0,0,0,0
74,4,7,66,4,7870,56.67112157,9.0134325,283.483333333333,1016.45454545455,86.2424242424242,8.31818181818182,293.484848484848,0,30.8030303030303,1,0,0,0,0,0,0,0,1,0,1,0,0,0,0,0,0,1,0,0,0,0,0,0,1,0,0,0,0,0,0,0,1,0,0,0,0,0
74,4,8,18.874728310108186,4,7870,56.67112157,9.0134325,282.792857142857,1020.78571428571,76.6428571428571,6.39285714285714,280,1.72,64,0,0,1,0,0,0,0,0,1,0,1,0,0,0,0,0,0,1,0,0,0,0,0,0,1,0,0,0,0,0,0,0,0,0,0,1,0,0
74,4,9,23,4,7870,56.67112157,9.0134325,285.889130434783,1019.65217391304,65.3478260869565,5.91304347826087,232.173913043478,0,6.73913043478261,0,0,0,1,0,0,0,0,1,0,1,0,0,0,0,0,0,1,0,0,0,0,0,0,1,0,0,0,0,0,0,1,0,0,0,0,0,0
74,4,10,38,4,7870,56.67112157,9.0134325,281.807894736842,1010.92105263158,71.8157894736842,9.92105263157895,283.684210526316,0,59.0789473684211,0,1,0,0,0,0,0,0,1,0,1,0,0,0,0,0,0,1,0,0,0,0,0,0,1,0,0,0,0,0,0,1,0,0,0,0,0,0
74,4,11,68,4,7870,56.67112157,9.0134325,280.694117647059,1016.44117647059,74.5294117647059,6.92647058823529,266.470588235294,0,44.0735294117647,0,0,0,0,0,1,0,0,1,0,1,0,0,0,0,0,0,1,0,0,0,0,0,0,1,0,0,0,0,0,1,0,0,0,0,0,0,0
74,4,12,33.70856744393241,4,7870,56.67112157,9.0134325,281.618085106383,1003.02127659574,88.9787234042553,6.70212765957447,270,4.48,75.6170212765958,0,0,0,0,0,0,1,0,1,0,1,0,0,0,0,0,0,1,0,0,0,0,0,0,1,0,0,0,0,0,0,0,0,0,0,1,0,0
74,4,13,16.40437760099303,4,7870,56.67112157,9.0134325,280.71802937327,1009.36,87.6,7.52,285.56,7.355,79.44,0,0,0,0,1,0,0,0,1,0,1,0,0,0,0,0,0,1,0,0,0,0,0,0,1,0,0,0,0,0,0,0,0,0,0,1,0,0
74,4,14,45,4,7870,56.67112157,9.0134325,281.283333333333,1008.55555555556,82.0222222222222,4.44444444444444,285.555555555556,1.5225,77.8888888888889,1,0,0,0,0,0,0,0,1,0,1,0,0,0,0,0,0,1,0,0,0,0,0,0,1,0,0,0,0,0,0,1,0,0,0,0,0,0
74,4,15,23.957116141822187,4,7870,56.67112157,9.0134325,278.011111111111,1002.83333333333,93.0555555555556,1.27777777777778,221.944444444444,6.985,83.8611111111111,0,0,1,0,0,0,0,0,1,0,1,0,0,0,0,0,0,1,0,0,0,0,0,0,1,0,0,0,0,0,0,0,0,0,0,1,0,0
74,4,16,26,4,7870,56.67112157,9.0134325,279.034615384615,1013.26923076923,81.8076923076923,2.19230769230769,206.538461538462,5.745,80,0,0,0,1,0,0,0,0,1,0,1,0,0,0,0,0,0,1,0,0,0,0,0,0,1,0,0,0,0,0,0,1,0,0,0,0,0,0
74,4,17,26.203145670879167,4,7870,56.67112157,9.0134325,277.292857142857,1014.51428571429,89.5714285714286,3.51428571428571,219.142857142857,9.055,67.8857142857143,0,1,0,0,0,0,0,0,1,0,1,0,0,0,0,0,0,1,0,0,0,0,0,0,1,0,0,0,0,0,0,0,0,0,0,1,0,0
74,4,18,33,4,7870,56.67112157,9.0134325,277.271212121212,1031.75757575758,68.5454545454545,3.66666666666667,117.272727272727,0,49.4242424242424,0,0,0,0,0,1,0,0,1,0,1,0,0,0,0,0,0,1,0,0,0,0,0,0,1,0,0,0,0,0,0,1,0,0,0,0,0,0
74,4,19,49,4,7870,56.67112157,9.0134325,279.639795918367,1036.14285714286,60.9795918367347,3.08163265306122,280.530612244898,0,16.4897959183673,0,0,0,0,0,0,1,0,1,0,1,0,0,0,0,0,0,1,0,0,0,0,0,0,1,0,0,0,0,0,0,1,0,0,0,0,0,0
74,4,20,43,4,7870,56.67112157,9.0134325,280.708139534884,1028.90697674419,79.3255813953488,6.90697674418605,235.581395348837,2.33,87.3488372093023,0,0,0,0,1,0,0,0,1,0,1,0,0,0,0,0,0,1,0,0,0,0,0,0,1,0,0,0,0,0,0,1,0,0,0,0,0,0
74,4,21,49,4,7870,56.67112157,9.0134325,281.394897959184,1015.83673469388,90.2040816326531,8.16326530612245,277.959183673469,0.245,73.1836734693878,1,0,0,0,0,0,0,0,1,0,1,0,0,0,0,0,0,1,0,0,0,0,0,0,1,0,0,0,0,0,0,0,1,0,0,0,0,0
74,4,22,37,4,7870,56.67112157,9.0134325,280.87972972973,1014.35135135135,71.3783783783784,8.51351351351351,299.459459459459,0,19.8918918918919,0,0,1,0,0,0,0,0,1,0,1,0,0,0,0,0,0,1,0,0,0,0,0,0,1,0,0,0,0,0,0,1,0,0,0,0,0,0
74,4,23,41,4,7870,56.67112157,9.0134325,280.296341463415,1016.39024390244,56.9756097560976,8.68292682926829,305.365853658537,0.485,64.4878048780488,0,0,0,1,0,0,0,0,1,0,1,0,0,0,0,0,0,1,0,0,0,0,0,0,1,0,0,0,0,0,0,1,0,0,0,0,0,0
74,4,24,20.210627226601357,4,7870,56.67112157,9.0134325,279.956451612903,1002.58064516129,69.6129032258064,9.87096774193548,277.741935483871,1.23,35.0645161290323,0,1,0,0,0,0,0,0,1,0,1,0,0,0,0,0,0,1,0,0,0,0,0,0,1,0,0,0,0,0,0,0,0,0,0,1,0,0
74,4,25,40,4,7870,56.67112157,9.0134325,277.525,1000.85,83,4.3,285.75,0,54.075,0,0,0,0,0,1,0,0,1,0,1,0,0,0,0,0,0,1,0,0,0,0,0,0,1,0,0,0,0,0,0,1,0,0,0,0,0,0
74,4,26,47,4,7870,56.67112157,9.0134325,280.426595744681,1009.93617021277,66.1702127659574,1.70212765957447,223.446808510638,0,52.8723404255319,0,0,0,0,0,0,1,0,1,0,1,0,0,0,0,0,0,1,0,0,0,0,0,0,1,0,0,0,0,0,1,0,0,0,0,0,0,0
74,4,27,28.994408525992185,4,7870,56.67112157,9.0134325,280.4,1008.825,79.325,4.35,209,15.87,88.425,0,0,0,0,1,0,0,0,1,0,1,0,0,0,0,0,0,1,0,0,0,0,0,0,1,0,0,0,0,0,0,0,0,0,0,1,0,0
74,4,28,44.75508187739179,4,7870,56.67112157,9.0134325,281.721428571429,1008.67857142857,67.2142857142857,3.98214285714286,228.928571428571,0.45,56.9107142857143,1,0,0,0,0,0,0,0,1,0,1,0,0,0,0,0,0,1,0,0,0,0,0,0,1,0,0,0,0,0,0,0,0,0,0,1,0,0
74,4,29,54,4,7870,56.67112157,9.0134325,280.77962962963,1017.2962962963,70.8888888888889,5.33333333333333,74.2592592592593,0,42.0185185185185,0,0,1,0,0,0,0,0,1,0,1,0,0,0,0,0,0,1,0,0,0,0,0,0,1,0,0,0,0,0,0,0,1,0,0,0,0,0
74,4,30,44,4,7870,56.67112157,9.0134325,284.104545454545,1019.59090909091,56.9090909090909,5.38636363636364,127.272727272727,0,2.18181818181818,0,0,0,1,0,0,0,0,1,0,1,0,0,0,0,0,0,1,0,0,0,0,0,0,1,0,0,0,0,0,1,0,0,0,0,0,0,0
74,5,1,55,4,7870,56.67112157,9.0134325,285.240909090909,1020,56.9636363636364,9.18181818181818,106.363636363636,0,10.1090909090909,0,1,0,0,0,0,0,0,1,0,1,0,0,0,0,0,0,1,0,0,0,0,0,0,1,0,0,0,0,0,1,0,0,0,0,0,0,0
74,5,2,50,4,7870,56.67112157,9.0134325,286.91,1025.96,48.22,7.9,83.2,0,7.28,0,0,0,0,0,1,0,0,1,0,1,0,0,0,0,0,0,1,0,0,0,0,0,0,1,0,0,0,0,0,1,0,0,0,0,0,0,0
74,5,3,45,4,7870,56.67112157,9.0134325,287.55,1029,41.3333333333333,7.28888888888889,69.1111111111111,0,28.6222222222222,0,0,0,0,0,0,1,0,1,0,1,0,0,0,0,0,0,1,0,0,0,0,0,0,1,0,0,0,0,0,0,1,0,0,0,0,0,0
74,5,4,50,4,7870,56.67112157,9.0134325,286.09,1029.1,53.14,8.3,59.6,0,53.2,0,0,0,0,1,0,0,0,1,0,1,0,0,0,0,0,0,1,0,0,0,0,0,0,1,0,0,0,0,0,0,1,0,0,0,0,0,0
74,5,5,52,4,7870,56.67112157,9.0134325,286.976923076923,1024.82692307692,46.3653846153846,4.82692307692308,67.8846153846154,0,37.3076923076923,1,0,0,0,0,0,0,0,1,0,1,0,0,0,0,0,0,1,0,0,0,0,0,0,1,0,0,0,0,0,0,1,0,0,0,0,0,0
74,5,6,50,4,7870,56.67112157,9.0134325,291.77,1016.18,41.04,1.4,39,0,18.4,0,0,1,0,0,0,0,0,1,0,1,0,0,0,0,0,0,1,0,0,0,0,0,0,1,0,0,0,0,0,0,1,0,0,0,0,0,0
74,5,7,39,4,7870,56.67112157,9.0134325,287.252564102564,1012.89743589744,71.0769230769231,2.69230769230769,294.358974358974,0,30.8717948717949,0,0,0,1,0,0,0,0,1,0,1,0,0,0,0,0,0,1,0,0,0,0,0,0,1,0,0,0,0,0,1,0,0,0,0,0,0,0
74,5,8,52,4,7870,56.67112157,9.0134325,282.380769230769,1022.48076923077,40.4615384615385,6.32692307692308,90.3846153846154,0,3,0,1,0,0,0,0,0,0,1,0,1,0,0,0,0,0,0,1,0,0,0,0,0,0,1,0,0,0,0,0,0,1,0,0,0,0,0,0
74,5,9,32,4,7870,56.67112157,9.0134325,282.61875,1014.0625,65.0625,4.78125,255.9375,14.8,73.40625,0,0,0,0,0,1,0,0,1,0,1,0,0,0,0,0,0,1,0,0,0,0,0,0,1,0,0,0,0,0,0,1,0,0,0,0,0,0
74,5,10,34.66787706750911,4,7870,56.67112157,9.0134325,280.954347826087,1005.34782608696,87.9130434782609,3.67391304347826,279.347826086957,1.86,85.9782608695652,0,0,0,0,0,0,1,0,1,0,1,0,0,0,0,0,0,1,0,0,0,0,0,0,1,0,0,0,0,0,0,0,0,0,0,1,0,0
74,5,11,87,4,7870,56.67112157,9.0134325,285.172988505747,1004.54022988506,67.5862068965517,2.52873563218391,111.149425287356,0,77.2068965517241,0,0,0,0,1,0,0,0,1,0,1,0,0,0,0,0,0,1,0,0,0,0,0,0,1,0,0,0,0,0,0,1,0,0,0,0,0,0
74,5,12,55,4,7870,56.67112157,9.0134325,286.459090909091,1006.90909090909,65.3454545454545,8.25454545454545,102,2.94,52.5636363636364,1,0,0,0,0,0,0,0,1,0,1,0,0,0,0,0,0,1,0,0,0,0,0,0,1,0,0,0,0,0,0,1,0,0,0,0,0,0
74,5,13,43.487706550164155,4,7870,56.67112157,9.0134325,290.059090909091,1010.81818181818,68.5454545454545,3,142,9.73,74.4,0,0,1,0,0,0,0,0,1,0,1,0,0,0,0,0,0,1,0,0,0,0,0,0,1,0,0,0,0,0,0,0,0,0,0,1,0,0
74,5,14,21.018280067946762,4,7870,56.67112157,9.0134325,289.328571428571,1017.35714285714,73.6071428571429,3.07142857142857,225.357142857143,11.07,25.7142857142857,0,0,0,1,0,0,0,0,1,0,1,0,0,0,0,0,0,1,0,0,0,0,0,0,1,0,0,0,0,0,0,0,0,0,0,1,0,0
74,5,15,19.567473412142135,4,7870,56.67112157,9.0134325,288.85,1026.36666666667,63.3666666666667,3.73333333333333,253.7,0.115,35.2,0,1,0,0,0,0,0,0,1,0,1,0,0,0,0,0,0,1,0,0,0,0,0,0,1,0,0,0,0,0,0,0,0,0,0,1,0,0
74,5,16,26.67868261039257,4,7870,56.67112157,9.0134325,287.2,1023.475,95.15,4.35,181.75,0,81.875,0,0,0,0,0,1,0,0,1,0,1,0,0,0,0,0,0,1,0,0,0,0,0,0,1,0,0,0,0,0,0,0,0,0,0,1,0,0
74,5,17,40,4,7870,56.67112157,9.0134325,292.075,1018.575,85.35,2.125,172.75,5.8275,65.625,0,0,0,0,0,0,1,0,1,0,1,0,0,0,0,0,0,1,0,0,0,0,0,0,1,0,0,0,0,0,0,0,0,0,1,0,0,0
74,5,18,40,4,7870,56.67112157,9.0134325,291.825,1009.275,76.475,4.725,231.5,0,72.125,0,0,0,0,1,0,0,0,1,0,1,0,0,0,0,0,0,1,0,0,0,0,0,0,1,0,0,0,0,0,0,1,0,0,0,0,0,0
74,5,19,86,4,7870,56.67112157,9.0134325,294.11511627907,1010.03488372093,68.546511627907,1.23255813953488,173.372093023256,15.01,67.3604651162791,1,0,0,0,0,0,0,0,1,0,1,0,0,0,0,0,0,1,0,0,0,0,0,0,1,0,0,0,0,0,0,1,0,0,0,0,0,0
74,5,20,33,4,7870,56.67112157,9.0134325,286.119696969697,1017.48484848485,78.1212121212121,5.45454545454545,253.636363636364,0.675,31.3030303030303,0,0,1,0,0,0,0,0,1,0,1,0,0,0,0,0,0,1,0,0,0,0,0,0,1,0,0,0,0,0,0,1,0,0,0,0,0,0
74,5,21,44,4,7870,56.67112157,9.0134325,289.240909090909,1024.77272727273,63.8863636363636,5.81818181818182,237.954545454545,0,2.11363636363636,0,0,0,1,0,0,0,0,1,0,1,0,0,0,0,0,0,1,0,0,0,0,0,0,1,0,0,0,0,0,1,0,0,0,0,0,0,0
74,5,22,33,4,7870,56.67112157,9.0134325,288.998484848485,1020.42424242424,59.6969696969697,1.87878787878788,264.636363636364,0,33.3030303030303,0,1,0,0,0,0,0,0,1,0,1,0,0,0,0,0,0,1,0,0,0,0,0,0,1,0,0,0,0,0,0,0,0,0,1,0,0,0
74,5,23,37,4,7870,56.67112157,9.0134325,291.285135135135,1012.2972972973,65.3783783783784,4.32432432432432,197.027027027027,7.52,51.1351351351351,0,0,0,0,0,1,0,0,1,0,1,0,0,0,0,0,0,1,0,0,0,0,0,0,1,0,0,0,0,0,0,1,0,0,0,0,0,0
74,5,24,60,4,7870,56.67112157,9.0134325,287.916666666667,1018.31666666667,61.0666666666667,8.05,297,0,22.8,0,0,0,0,0,0,1,0,1,0,1,0,0,0,0,0,0,1,0,0,0,0,0,0,1,0,0,0,0,0,0,1,0,0,0,0,0,0
74,5,25,83,4,7870,56.67112157,9.0134325,289.921084337349,1020.53012048193,69.5542168674699,6.54216867469879,304.939759036145,0,0.771084337349398,0,0,0,0,1,0,0,0,1,0,1,0,0,0,0,0,0,1,0,0,0,0,0,0,1,0,0,0,0,0,1,0,0,0,0,0,0,0
74,5,26,40,4,7870,56.67112157,9.0134325,289.9,1021.975,76.875,2.75,299,0,20,1,0,0,0,0,0,0,0,1,0,1,0,0,0,0,0,0,1,0,0,0,0,0,0,1,0,0,0,0,0,1,0,0,0,0,0,0,0
74,5,27,40,4,7870,56.67112157,9.0134325,298.3,1020.7,54.55,2.8,200.75,0,0.6,0,0,1,0,0,0,0,0,1,0,1,0,0,0,0,0,0,1,0,0,0,0,0,0,1,0,0,0,0,0,0,1,0,0,0,0,0,0
74,5,28,20,4,7870,56.67112157,9.0134325,291,1013.1,78.75,6.3,232.5,0,36.6,0,0,0,1,0,0,0,0,1,0,1,0,0,0,0,0,0,1,0,0,0,0,0,0,1,0,0,0,0,0,0,1,0,0,0,0,0,0
74,5,29,31,4,7870,56.67112157,9.0134325,286.279032258064,1012.87096774194,91.1290322580645,2.93548387096774,249.032258064516,0,40.4516129032258,0,1,0,0,0,0,0,0,1,0,1,0,0,0,0,0,0,1,0,0,0,0,0,0,1,0,0,0,0,0,0,0,1,0,0,0,0,0
74,5,30,32,4,7870,56.67112157,9.0134325,287.4,1009.15625,84.6875,3.59375,270.3125,10.885,57.125,0,0,0,0,0,1,0,0,1,0,1,0,0,0,0,0,0,1,0,0,0,0,0,0,1,0,0,0,0,0,0,0,0,1,0,0,0,0
74,5,31,72,4,7870,56.67112157,9.0134325,286.011111111111,1014.75,74.8611111111111,10.5694444444444,279.166666666667,0,33.4027777777778,0,0,0,0,0,0,1,0,1,0,1,0,0,0,0,0,0,1,0,0,0,0,0,0,1,0,0,0,0,0,0,1,0,0,0,0,0,0
74,6,1,67,4,7870,56.67112157,9.0134325,288.209701492537,1019.76119402985,54.6865671641791,7.22388059701493,279.850746268657,0,16,0,0,0,0,1,0,0,0,1,0,1,0,0,0,0,0,0,1,0,0,0,0,0,0,1,0,0,0,0,0,1,0,0,0,0,0,0,0
74,6,2,64,4,7870,56.67112157,9.0134325,293.15,1017.625,45.796875,2.0625,197.03125,0,62,1,0,0,0,0,0,0,0,1,0,1,0,0,0,0,0,0,1,0,0,0,0,0,0,1,0,0,0,0,0,0,1,0,0,0,0,0,0
74,6,3,64,4,7870,56.67112157,9.0134325,292.634375,1012.953125,65.65625,2.53125,172.5,10.66,70.8125,0,0,1,0,0,0,0,0,1,0,1,0,0,0,0,0,0,1,0,0,0,0,0,0,1,0,0,0,0,0,1,0,0,0,0,0,0,0
74,6,4,32,4,7870,56.67112157,9.0134325,288.5875,1009.1875,77.8125,5.3125,277.8125,0,52.15625,0,0,0,1,0,0,0,0,1,0,1,0,0,0,0,0,0,1,0,0,0,0,0,0,1,0,0,0,0,0,0,1,0,0,0,0,0,0
74,6,5,41,4,7870,56.67112157,9.0134325,288.662195121951,1009.85365853659,80.6585365853659,4.21951219512195,209.268292682927,0,63.4390243902439,0,1,0,0,0,0,0,0,1,0,1,0,0,0,0,0,0,1,0,0,0,0,0,0,1,0,0,0,0,0,1,0,0,0,0,0,0,0
74,6,6,42,4,7870,56.67112157,9.0134325,293.292857142857,999.833333333333,62.1904761904762,6,129.52380952381,0,49.1428571428571,0,0,0,0,0,1,0,0,1,0,1,0,0,0,0,0,0,1,0,0,0,0,0,0,1,0,0,0,0,0,0,1,0,0,0,0,0,0
74,6,7,42,4,7870,56.67112157,9.0134325,286.2915,996.619047619048,90.2619047619048,4.92857142857143,188.309523809524,0.1875,74.7380952380952,0,0,0,0,0,0,1,0,1,0,1,0,0,0,0,0,0,1,0,0,0,0,0,0,1,0,0,0,0,0,0,1,0,0,0,0,0,0
74,6,8,76,4,7870,56.67112157,9.0134325,287.886842105263,1010.26315789474,80.1710526315789,4.67105263157895,208.815789473684,7.295,81.4210526315789,0,0,0,0,1,0,0,0,1,0,1,0,0,0,0,0,0,1,0,0,0,0,0,0,1,0,0,0,0,0,0,0,1,0,0,0,0,0
74,6,9,60,4,7870,56.67112157,9.0134325,290.216666666667,1008.46666666667,88.2666666666667,2.6,226.833333333333,86.63,81.1666666666667,1,0,0,0,0,0,0,0,1,0,1,0,0,0,0,0,0,1,0,0,0,0,0,0,1,0,0,0,0,0,0,1,0,0,0,0,0,0
74,6,10,58,4,7870,56.67112157,9.0134325,291.684482758621,1016.36206896552,65.5172413793103,5.37931034482759,231.896551724138,0,36.8965517241379,0,0,1,0,0,0,0,0,1,0,1,0,0,0,0,0,0,1,0,0,0,0,0,0,1,0,0,0,0,0,0,1,0,0,0,0,0,0
74,6,11,38,4,7870,56.67112157,9.0134325,290.913157894737,1011.13157894737,87.2368421052632,4.81578947368421,221.842105263158,0,68.6315789473684,0,0,0,1,0,0,0,0,1,0,1,0,0,0,0,0,0,1,0,0,0,0,0,0,1,0,0,0,0,0,0,1,0,0,0,0,0,0
74,6,12,25.537168481573463,4,7870,56.67112157,9.0134325,287.93125,1004.40625,81.4375,7.5625,249.0625,2.475,81.90625,0,1,0,0,0,0,0,0,1,0,1,0,0,0,0,0,0,1,0,0,0,0,0,0,1,0,0,0,0,0,0,0,0,0,0,1,0,0
74,6,13,32,4,7870,56.67112157,9.0134325,288.43125,1012.875,74.4375,7.34375,284.375,0,0,0,0,0,0,0,1,0,0,1,0,1,0,0,0,0,0,0,1,0,0,0,0,0,0,1,0,0,0,0,0,1,0,0,0,0,0,0,0
74,6,14,48,4,7870,56.67112157,9.0134325,291.483333333333,1017.66666666667,72.5208333333333,5.22916666666667,265,0,27.0833333333333,0,0,0,0,0,0,1,0,1,0,1,0,0,0,0,0,0,1,0,0,0,0,0,0,1,0,0,0,0,0,1,0,0,0,0,0,0,0
74,6,15,53,4,7870,56.67112157,9.0134325,292.829245283019,1013.15094339623,69.3207547169811,2.9811320754717,166.037735849057,0,68.0943396226415,0,0,0,0,1,0,0,0,1,0,1,0,0,0,0,0,0,1,0,0,0,0,0,0,1,0,0,0,0,0,0,0,0,1,0,0,0,0
74,6,16,69,4,7870,56.67112157,9.0134325,289.802173913043,1010.47826086957,70.7101449275362,9.56521739130435,287.101449275362,0,10.4057971014493,1,0,0,0,0,0,0,0,1,0,1,0,0,0,0,0,0,1,0,0,0,0,0,0,1,0,0,0,0,0,0,1,0,0,0,0,0,0
74,6,17,44,4,7870,56.67112157,9.0134325,291.309090909091,1020.25,67.7045454545455,5.75,292.727272727273,0,4.45454545454545,0,0,1,0,0,0,0,0,1,0,1,0,0,0,0,0,0,1,0,0,0,0,0,0,1,0,0,0,0,0,0,1,0,0,0,0,0,0
74,6,18,21,4,7870,56.67112157,9.0134325,296.245238095238,1022,66.9523809523809,5.23809523809524,259.52380952381,0,0,0,0,0,1,0,0,0,0,1,0,1,0,0,0,0,0,0,1,0,0,0,0,0,0,1,0,0,0,0,0,1,0,0,0,0,0,0,0
74,6,19,52,4,7870,56.67112157,9.0134325,295.419230769231,1019.05769230769,70.1538461538462,3.71153846153846,241.153846153846,0,9.69230769230769,0,1,0,0,0,0,0,0,1,0,1,0,0,0,0,0,0,1,0,0,0,0,0,0,1,0,0,0,0,0,0,0,0,0,1,0,0,0
74,6,20,33,4,7870,56.67112157,9.0134325,289.271212121212,1017.81818181818,63.1212121212121,8.03030303030303,301.212121212121,0,0,0,0,0,0,0,1,0,0,1,0,1,0,0,0,0,0,0,1,0,0,0,0,0,0,1,0,0,0,0,0,1,0,0,0,0,0,0,0
74,6,21,33,4,7870,56.67112157,9.0134325,288.619333333333,1017.69696969697,64.7272727272727,5.03030303030303,278.545454545455,0.87,75.030303030303,0,0,0,0,0,0,1,0,1,0,1,0,0,0,0,0,0,1,0,0,0,0,0,0,1,0,0,0,0,0,0,1,0,0,0,0,0,0
74,6,22,45.69504249853781,4,7870,56.67112157,9.0134325,292.251694915254,1006.59322033898,77.8813559322034,1.94915254237288,109.322033898305,55.555,87.2542372881356,0,0,0,0,1,0,0,0,1,0,1,0,0,0,0,0,0,1,0,0,0,0,0,0,1,0,0,0,0,0,0,0,0,0,0,1,0,0
74,6,23,55,4,7870,56.67112157,9.0134325,290.240909090909,1007.34545454545,87.4,4.4,249.454545454545,11.075,84.8,1,0,0,0,0,0,0,0,1,0,1,0,0,0,0,0,0,1,0,0,0,0,0,0,1,0,0,0,0,0,0,0,0,0,1,0,0,0
74,6,24,45,4,7870,56.67112157,9.0134325,289.327777777778,1004.48888888889,73.6222222222222,6.37777777777778,252.888888888889,0,55.6888888888889,0,0,1,0,0,0,0,0,1,0,1,0,0,0,0,0,0,1,0,0,0,0,0,0,1,0,0,0,0,0,0,1,0,0,0,0,0,0
74,6,25,23,4,7870,56.67112157,9.0134325,289.367391304348,1002.26086956522,59.4347826086956,8.82608695652174,256.521739130435,0,87.304347826087,0,0,0,1,0,0,0,0,1,0,1,0,0,0,0,0,0,1,0,0,0,0,0,0,1,0,0,0,0,0,0,1,0,0,0,0,0,0
74,6,26,35,4,7870,56.67112157,9.0134325,288.092857142857,1007.31428571429,65.8571428571429,8.34285714285714,276.285714285714,0,67.3142857142857,0,1,0,0,0,0,0,0,1,0,1,0,0,0,0,0,0,1,0,0,0,0,0,0,1,0,0,0,0,0,0,1,0,0,0,0,0,0
74,6,27,27,4,7870,56.67112157,9.0134325,287.631481481481,1011.18518518519,62.7407407407407,3.25925925925926,290.37037037037,0,43.2592592592593,0,0,0,0,0,1,0,0,1,0,1,0,0,0,0,0,0,1,0,0,0,0,0,0,1,0,0,0,0,0,1,0,0,0,0,0,0,0
74,6,28,39,4,7870,56.67112157,9.0134325,290.15,1004.4358974359,65.3333333333333,5.97435897435897,91.025641025641,10.315,85.2307692307692,0,0,0,0,0,0,1,0,1,0,1,0,0,0,0,0,0,1,0,0,0,0,0,0,1,0,0,0,0,0,0,1,0,0,0,0,0,0
74,6,29,38,4,7870,56.67112157,9.0134325,288.834210526316,998.526315789474,92.9210526315789,4.97368421052632,62.6315789473684,14.98,93.4736842105263,0,0,0,0,1,0,0,0,1,0,1,0,0,0,0,0,0,1,0,0,0,0,0,0,1,0,0,0,0,0,0,0,1,0,0,0,0,0
74,6,30,57.441801905224565,4,7870,56.67112157,9.0134325,288.91,998.84,87.0666666666667,4.45333333333333,32.1333333333333,24.8425,71.2,1,0,0,0,0,0,0,0,1,0,1,0,0,0,0,0,0,1,0,0,0,0,0,0,1,0,0,0,0,0,0,0,0,0,0,1,0,0
74,7,1,70,4,7870,56.67112157,9.0134325,294.25,1005.54285714286,58.9714285714286,4.95714285714286,259.714285714286,0,5.71428571428571,0,0,1,0,0,0,0,0,1,0,1,0,0,0,0,0,0,1,0,0,0,0,0,0,1,0,0,0,0,0,0,1,0,0,0,0,0,0
74,7,2,1,4,7870,56.67112157,9.0134325,288.090536258379,1011,84,7,281,0,31,0,0,0,1,0,0,0,0,1,0,1,0,0,0,0,0,0,1,0,0,0,0,0,0,1,0,0,0,0,0,0,1,0,0,0,0,0,0
100,1,4,71,8,7800,56.56678482,9.02660419,275.995070422535,1003.76056338028,67.4084507042254,6.52112676056338,355.070422535211,0,23.6619718309859,0,0,0,0,0,0,1,1,0,0,1,0,0,0,0,0,1,0,0,0,0,1,0,0,0,0,0,0,0,0,1,0,0,0,0,0,0,0
100,1,5,61,8,7800,56.56678482,9.02660419,268.379508196721,1035.3606557377,71.4590163934426,2.85245901639344,48.1967213114754,0,2.55737704918033,0,0,0,0,1,0,0,1,0,0,1,0,0,0,0,0,1,0,0,0,0,1,0,0,0,0,0,0,0,0,0,1,0,0,0,0,0,0
100,1,6,74,8,7800,56.56678482,9.02660419,269.339189189189,1037.51351351351,68.5945945945946,4.67567567567568,176.756756756757,0,32.2162162162162,1,0,0,0,0,0,0,1,0,0,1,0,0,0,0,0,1,0,0,0,0,1,0,0,0,0,0,0,0,0,1,0,0,0,0,0,0,0
100,1,9,62,8,7800,56.56678482,9.02660419,278.843548387097,1017.40322580645,96.2741935483871,4,201.129032258065,0,75,0,1,0,0,0,0,0,1,0,0,1,0,0,0,0,0,1,0,0,0,0,1,0,0,0,0,0,0,0,0,0,0,1,0,0,0,0,0
100,1,10,43,8,7800,56.56678482,9.02660419,276.15,1004.04651162791,100,4.3953488372093,175.116279069767,0,75,0,0,0,0,0,1,0,1,0,0,1,0,0,0,0,0,1,0,0,0,0,1,0,0,0,0,0,0,0,0,0,0,1,0,0,0,0,0
100,1,11,33.457074431842194,8,7800,56.56678482,9.02660419,279.354545454545,983.113636363636,88.6363636363636,7.22727272727273,242.5,0,75.3409090909091,0,0,0,0,0,0,1,1,0,0,1,0,0,0,0,0,1,0,0,0,0,1,0,0,0,0,0,0,0,0,0,0,0,0,0,1,0,0
100,1,12,48,8,7800,56.56678482,9.02660419,276.9,990.791666666667,82.0625,7.5,259.375,0,47.2916666666667,0,0,0,0,1,0,0,1,0,0,1,0,0,0,0,0,1,0,0,0,0,1,0,0,0,0,0,0,0,0,0,1,0,0,0,0,0,0
100,1,13,66,8,7800,56.56678482,9.02660419,275.059090909091,989.666666666667,89.3636363636364,2.15151515151515,196.515151515152,0,18,1,0,0,0,0,0,0,1,0,0,1,0,0,0,0,0,1,0,0,0,0,1,0,0,0,0,0,0,0,0,1,0,0,0,0,0,0,0
100,1,16,56,8,7800,56.56678482,9.02660419,269.185714285714,1028.46428571429,89.4285714285714,1.75,299.142857142857,0,1.78571428571429,0,1,0,0,0,0,0,1,0,0,1,0,0,0,0,0,1,0,0,0,0,1,0,0,0,0,0,0,0,0,0,0,0,1,0,0,0,0
100,1,17,47,8,7800,56.56678482,9.02660419,272.639361702128,1035,94.936170212766,2.40425531914894,200.425531914894,2.46,90.0425531914894,0,0,0,0,0,1,0,1,0,0,1,0,0,0,0,0,1,0,0,0,0,1,0,0,0,0,0,0,0,0,0,1,0,0,0,0,0,0
100,1,18,42,8,7800,56.56678482,9.02660419,277.459523809524,1034,97,4.21428571428571,230.952380952381,0,90,0,0,0,0,0,0,1,1,0,0,1,0,0,0,0,0,1,0,0,0,0,1,0,0,0,0,0,0,0,0,0,0,0,0,1,0,0,0
100,1,19,64,8,7800,56.56678482,9.02660419,280.0875,1033.203125,91.6875,4.328125,251.875,0,81.375,0,0,0,0,1,0,0,1,0,0,1,0,0,0,0,0,1,0,0,0,0,1,0,0,0,0,0,0,0,0,0,1,0,0,0,0,0,0
100,1,20,68,8,7800,56.56678482,9.02660419,280.547058823529,1031.61764705882,87.7058823529412,5.01470588235294,265,0,15.7058823529412,1,0,0,0,0,0,0,1,0,0,1,0,0,0,0,0,1,0,0,0,0,1,0,0,0,0,0,0,0,0,0,1,0,0,0,0,0,0
100,1,23,56,8,7800,56.56678482,9.02660419,277.275,1021.73214285714,87.9107142857143,2.89285714285714,225.892857142857,0,64.6428571428571,0,1,0,0,0,0,0,1,0,0,1,0,0,0,0,0,1,0,0,0,0,1,0,0,0,0,0,0,0,0,0,0,0,0,1,0,0,0
100,1,24,48,8,7800,56.56678482,9.02660419,277.858333333333,1025.1875,98.5416666666667,2.33333333333333,242.916666666667,0,72.6041666666667,0,0,0,0,0,1,0,1,0,0,1,0,0,0,0,0,1,0,0,0,0,1,0,0,0,0,0,0,0,0,0,0,0,0,1,0,0,0
100,1,25,61,8,7800,56.56678482,9.02660419,277.125573770492,1037.2131147541,96.9180327868852,4.9672131147541,226.016393442623,0,16.327868852459,0,0,0,0,0,0,1,1,0,0,1,0,0,0,0,0,1,0,0,0,0,1,0,0,0,0,0,0,0,0,1,0,0,0,0,0,0,0
100,1,26,69,8,7800,56.56678482,9.02660419,272.729710144928,1029.21739130435,94.5072463768116,2.56521739130435,147.101449275362,0,55.4202898550725,0,0,0,0,1,0,0,1,0,0,1,0,0,0,0,0,1,0,0,0,0,1,0,0,0,0,0,0,0,0,0,1,0,0,0,0,0,0
100,1,27,84,8,7800,56.56678482,9.02660419,275.709523809524,1019.5119047619,73.6904761904762,3.58333333333333,133.809523809524,0,0,1,0,0,0,0,0,0,1,0,0,1,0,0,0,0,0,1,0,0,0,0,1,0,0,0,0,0,0,0,0,1,0,0,0,0,0,0,0
100,1,30,53,8,7800,56.56678482,9.02660419,276.885849056604,1015,94.0566037735849,1.71698113207547,100.754716981132,0,78.9622641509434,0,1,0,0,0,0,0,1,0,0,1,0,0,0,0,0,1,0,0,0,0,1,0,0,0,0,0,0,0,0,0,0,0,0,1,0,0,0
100,1,31,131,8,7800,56.56678482,9.02660419,274.630916030534,1020.09923664122,95.5343511450382,4.04580152671756,94.7328244274809,0,74.7480916030534,0,0,0,0,0,1,0,1,0,0,1,0,0,0,0,0,1,0,0,0,0,1,0,0,0,0,0,0,0,0,0,0,0,0,1,0,0,0
100,2,1,89,8,7800,56.56678482,9.02660419,275.302539325843,1019.80898876404,91.7977528089888,3.75280898876404,151.348314606742,0,82.0224719101124,0,0,0,0,0,0,1,1,0,0,1,0,0,0,0,0,1,0,0,0,0,1,0,0,0,0,0,0,0,0,0,0,0,0,1,0,0,0
100,2,2,86.01092745689677,8,7800,56.56678482,9.02660419,274.631818181818,1009.04545454545,97.4727272727273,3.32727272727273,144.272727272727,0,85.2272727272727,0,0,0,0,1,0,0,1,0,0,1,0,0,0,0,0,1,0,0,0,0,1,0,0,0,0,0,0,0,0,0,0,0,0,0,1,0,0
100,2,3,102,8,7800,56.56678482,9.02660419,275.914705882353,1004.86274509804,97.9411764705882,3.8921568627451,127.549019607843,0,90,1,0,0,0,0,0,0,1,0,0,1,0,0,0,0,0,1,0,0,0,0,1,0,0,0,0,0,0,0,0,0,0,0,0,1,0,0,0
100,2,6,72,8,7800,56.56678482,9.02660419,275.636111111111,1024.75,88,5.86111111111111,82.5,0,34.5555555555556,0,1,0,0,0,0,0,1,0,0,1,0,0,0,0,0,1,0,0,0,0,1,0,0,0,0,0,0,0,0,0,1,0,0,0,0,0,0
100,2,7,51,8,7800,56.56678482,9.02660419,272.15,1028.01960784314,83.5294117647059,6.50980392156863,88.2352941176471,0,69.0196078431373,0,0,0,0,0,1,0,1,0,0,1,0,0,0,0,0,1,0,0,0,0,1,0,0,0,0,0,0,0,0,0,0,0,0,0,0,1,0
100,2,8,58,8,7800,56.56678482,9.02660419,271.253448275862,1033.98275862069,77.3103448275862,7.93103448275862,73.1034482758621,0,50.3793103448276,0,0,0,0,0,0,1,1,0,0,1,0,0,0,0,0,1,0,0,0,0,1,0,0,0,0,0,0,0,0,0,0,0,0,0,0,1,0
100,2,9,70,8,7800,56.56678482,9.02660419,271.792857142857,1035.17142857143,83.1714285714286,4,62.1428571428571,0,72.3142857142857,0,0,0,0,1,0,0,1,0,0,1,0,0,0,0,0,1,0,0,0,0,1,0,0,0,0,0,0,0,0,0,0,0,0,0,0,1,0
100,2,10,79,8,7800,56.56678482,9.02660419,272.732278481013,1031.92405063291,86.3544303797468,6.41772151898734,87.4683544303797,0,83.4936708860759,1,0,0,0,0,0,0,1,0,0,1,0,0,0,0,0,1,0,0,0,0,1,0,0,0,0,0,0,0,0,0,1,0,0,0,0,0,0
100,2,13,86,8,7800,56.56678482,9.02660419,273.347674418605,1038.91860465116,81,2.3953488372093,112.906976744186,0,30.2906976744186,0,1,0,0,0,0,0,1,0,0,1,0,0,0,0,0,1,0,0,0,0,1,0,0,0,0,0,0,0,0,0,1,0,0,0,0,0,0
100,2,14,51,8,7800,56.56678482,9.02660419,272.72362745098,1045.86274509804,79.4705882352941,1.74509803921569,113.176470588235,0,0,0,0,0,0,0,1,0,1,0,0,1,0,0,0,0,0,1,0,0,0,0,1,0,0,0,0,0,0,0,0,1,0,0,0,0,0,0,0
100,2,15,48,8,7800,56.56678482,9.02660419,273.009791666667,1042.10416666667,79.1041666666667,1,176.333333333333,0,2.33333333333333,0,0,0,0,0,0,1,1,0,0,1,0,0,0,0,0,1,0,0,0,0,1,0,0,0,0,0,0,0,0,1,0,0,0,0,0,0,0
100,2,16,41.979014322580774,8,7800,56.56678482,9.02660419,278.873903225806,1029.08064516129,95.3548387096774,6.75806451612903,238.58064516129,16.89,90.7096774193548,0,0,0,0,1,0,0,1,0,0,1,0,0,0,0,0,1,0,0,0,0,1,0,0,0,0,0,0,0,0,0,0,0,0,0,1,0,0
100,2,17,42.54665948245675,8,7800,56.56678482,9.02660419,277.776982142857,1027.01785714286,95.2857142857143,2.51785714285714,272.660714285714,5.025,88,1,0,0,0,0,0,0,1,0,0,1,0,0,0,0,0,1,0,0,0,0,1,0,0,0,0,0,0,0,0,0,0,0,0,0,1,0,0
100,2,20,34.25023792150896,8,7800,56.56678482,9.02660419,280.898571428571,1007.5306122449,96.7551020408163,7.97959183673469,269.122448979592,49.1275,92,0,1,0,0,0,0,0,1,0,0,1,0,0,0,0,0,1,0,0,0,0,1,0,0,0,0,0,0,0,0,0,0,0,0,0,1,0,0
100,2,21,38,8,7800,56.56678482,9.02660419,279.12200877193,1014.65789473684,91.1052631578947,9.63157894736842,291.368421052632,0.475,69.8421052631579,0,0,0,0,0,1,0,1,0,0,1,0,0,0,0,0,1,0,0,0,0,1,0,0,0,0,0,0,0,0,0,1,0,0,0,0,0,0
100,2,22,52,8,7800,56.56678482,9.02660419,280.15,988.326923076923,75,11.8461538461538,259.230769230769,0,59.2307692307692,0,0,0,0,0,0,1,1,0,0,1,0,0,0,0,0,1,0,0,0,0,1,0,0,0,0,0,0,0,0,1,0,0,0,0,0,0,0
100,2,23,52,8,7800,56.56678482,9.02660419,277.553846153846,987.096153846154,90.9423076923077,2.11538461538462,170.769230769231,0,71.5192307692308,0,0,0,0,1,0,0,1,0,0,1,0,0,0,0,0,1,0,0,0,0,1,0,0,0,0,0,0,0,0,0,1,0,0,0,0,0,0
100,2,24,69,8,7800,56.56678482,9.02660419,276.744202898551,1003.78260869565,68.7536231884058,6.34782608695652,283.04347826087,0,9.39130434782609,1,0,0,0,0,0,0,1,0,0,1,0,0,0,0,0,1,0,0,0,0,1,0,0,0,0,0,0,0,0,1,0,0,0,0,0,0,0
100,2,27,32.387368141103074,8,7800,56.56678482,9.02660419,280.660638297872,994.63829787234,96.4255319148936,3.48936170212766,198.297872340426,0,86.8510638297872,0,1,0,0,0,0,0,1,0,0,1,0,0,0,0,0,1,0,0,0,0,1,0,0,0,0,0,0,0,0,0,0,0,0,0,1,0,0
100,2,28,60.17149291350506,8,7800,56.56678482,9.02660419,278.4,980.684782608696,81.5326086956522,6.64130434782609,201.521739130435,0,55.6739130434783,0,0,0,0,0,1,0,1,0,0,1,0,0,0,0,0,1,0,0,0,0,1,0,0,0,0,0,0,0,0,0,0,0,0,0,1,0,0
100,3,1,100,8,7800,56.56678482,9.02660419,279.01,989.66,85.07,7.58,248.8,15.675,71.68,0,0,0,0,0,0,1,1,0,0,1,0,0,0,0,0,1,0,0,0,0,1,0,0,0,0,0,0,0,0,0,1,0,0,0,0,0,0
100,3,2,111,8,7800,56.56678482,9.02660419,279.267117117117,995.405405405405,78.8288288288288,6.12612612612613,265.675675675676,13.33,70.0990990990991,0,0,0,0,1,0,0,1,0,0,1,0,0,0,0,0,1,0,0,0,0,1,0,0,0,0,0,0,0,0,0,1,0,0,0,0,0,0
100,3,3,58.084402441210116,8,7800,56.56678482,9.02660419,278.573076923077,1003.15384615385,93.8974358974359,5.11538461538461,228.461538461538,21.5125,86.5128205128205,1,0,0,0,0,0,0,1,0,0,1,0,0,0,0,0,1,0,0,0,0,1,0,0,0,0,0,0,0,0,0,0,0,0,0,1,0,0
100,3,6,60,8,7800,56.56678482,9.02660419,275.016666666667,1006.8,93.7333333333333,8.66666666666667,73.8333333333333,0,71.2666666666667,0,1,0,0,0,0,0,1,0,0,1,0,0,0,0,0,1,0,0,0,0,1,0,0,0,0,0,0,0,0,0,1,0,0,0,0,0,0
100,3,7,59,8,7800,56.56678482,9.02660419,272.743220338983,1015.66101694915,89.593220338983,3.35593220338983,102.372881355932,0,55.0508474576271,0,0,0,0,0,1,0,1,0,0,1,0,0,0,0,0,1,0,0,0,0,1,0,0,0,0,0,0,0,0,0,1,0,0,0,0,0,0
100,3,8,57,8,7800,56.56678482,9.02660419,275.483333333333,1011.05263157895,91.1578947368421,3.3859649122807,150.175438596491,0,82.3684210526316,0,0,0,0,0,0,1,1,0,0,1,0,0,0,0,0,1,0,0,0,0,1,0,0,0,0,0,0,0,0,0,1,0,0,0,0,0,0
100,3,9,69,8,7800,56.56678482,9.02660419,281.251449275362,1009.66666666667,85.5652173913043,4.1304347826087,212.31884057971,0,54.6521739130435,0,0,0,0,1,0,0,1,0,0,1,0,0,0,0,0,1,0,0,0,0,1,0,0,0,0,0,0,0,0,0,1,0,0,0,0,0,0
100,3,10,57,8,7800,56.56678482,9.02660419,280.869298245614,1021.7543859649101,79.7368421052632,6.66666666666667,309.649122807018,0,47.2456140350877,1,0,0,0,0,0,0,1,0,0,1,0,0,0,0,0,1,0,0,0,0,1,0,0,0,0,0,0,0,0,0,1,0,0,0,0,0,0
100,3,13,70,8,7800,56.56678482,9.02660419,278.764285714286,1022.6,80.1571428571429,3.2,186,0,45.4285714285714,0,1,0,0,0,0,0,1,0,0,1,0,0,0,0,0,1,0,0,0,0,1,0,0,0,0,0,0,0,0,0,1,0,0,0,0,0,0
100,3,14,43,8,7800,56.56678482,9.02660419,282.591860465116,1019.95348837209,86.1627906976744,7.02325581395349,233.255813953488,3.12,78.1627906976744,0,0,0,0,0,1,0,1,0,0,1,0,0,0,0,0,1,0,0,0,0,1,0,0,0,0,0,0,0,0,0,1,0,0,0,0,0,0
100,3,15,46,8,7800,56.56678482,9.02660419,281.399260869565,1026.21739130435,73.6304347826087,10.2608695652174,285.478260869565,0,24.1304347826087,0,0,0,0,0,0,1,1,0,0,1,0,0,0,0,0,1,0,0,0,0,1,0,0,0,0,0,0,0,0,1,0,0,0,0,0,0,0
100,3,16,52,8,7800,56.56678482,9.02660419,284.803846153846,1016.40384615385,71.8269230769231,6.61538461538461,227.5,0,55.3846153846154,0,0,0,0,1,0,0,1,0,0,1,0,0,0,0,0,1,0,0,0,0,1,0,0,0,0,0,0,0,0,1,0,0,0,0,0,0,0
100,3,17,83,8,7800,56.56678482,9.02660419,277.583734939759,1003.06024096386,85.578313253012,7.83132530120482,266.867469879518,0,60.3373493975904,1,0,0,0,0,0,0,1,0,0,1,0,0,0,0,0,1,0,0,0,0,1,0,0,0,0,0,0,0,0,0,1,0,0,0,0,0,0
100,3,20,55,8,7800,56.56678482,9.02660419,281.568181818182,998.345454545455,91.7454545454545,3.36363636363636,184.545454545455,3.2,83.3272727272727,0,1,0,0,0,0,0,1,0,0,1,0,0,0,0,0,1,0,0,0,0,1,0,0,0,0,0,0,0,0,0,1,0,0,0,0,0,0
100,3,21,50,8,7800,56.56678482,9.02660419,279.35,996.92,83.06,8.38,238.6,0,50.96,0,0,0,0,0,1,0,1,0,0,1,0,0,0,0,0,1,0,0,0,0,1,0,0,0,0,0,0,0,0,0,1,0,0,0,0,0,0
100,3,22,66,8,7800,56.56678482,9.02660419,282.089393939394,1013.54545454545,60.0606060606061,6.60606060606061,250.30303030303,0,3.63636363636364,0,0,0,0,0,0,1,1,0,0,1,0,0,0,0,0,1,0,0,0,0,1,0,0,0,0,0,0,0,0,1,0,0,0,0,0,0,0
100,3,23,57,8,7800,56.56678482,9.02660419,281.483333333333,1024.78947368421,57.0175438596491,1.26315789473684,97.3684210526316,0,11.0175438596491,0,0,0,0,1,0,0,1,0,0,1,0,0,0,0,0,1,0,0,0,0,1,0,0,0,0,0,0,0,0,0,1,0,0,0,0,0,0
100,3,24,94,8,7800,56.56678482,9.02660419,281.373404255319,1031.77659574468,66.5957446808511,3.48936170212766,293.936170212766,0,2.38297872340426,1,0,0,0,0,0,0,1,0,0,1,0,0,0,0,0,1,0,0,0,0,1,0,0,0,0,0,0,0,0,1,0,0,0,0,0,0,0
100,3,27,50,8,7800,56.56678482,9.02660419,283.35,1023.48,85.24,5.24,243,0,28.1,0,1,0,0,0,0,0,1,0,0,1,0,0,0,0,0,1,0,0,0,0,1,0,0,0,0,0,0,0,0,0,1,0,0,0,0,0,0
100,3,28,43,8,7800,56.56678482,9.02660419,280.708139534884,1018.90697674419,93.1860465116279,3.97674418604651,240.697674418605,0,71.3720930232558,0,0,0,0,0,1,0,1,0,0,1,0,0,0,0,0,1,0,0,0,0,1,0,0,0,0,0,0,0,0,0,0,0,0,1,0,0,0
100,3,29,48,8,7800,56.56678482,9.02660419,280.4625,1016.22916666667,91.1458333333333,4.70833333333333,275.625,0,75,0,0,0,0,0,0,1,1,0,0,1,0,0,0,0,0,1,0,0,0,0,1,0,0,0,0,0,0,0,0,0,0,1,0,0,0,0,0
100,3,30,50,8,7800,56.56678482,9.02660419,283.15,1016.54,97.76,4.64,213.2,3.08,83.72,0,0,0,0,1,0,0,1,0,0,1,0,0,0,0,0,1,0,0,0,0,1,0,0,0,0,0,0,0,0,0,0,1,0,0,0,0,0
100,3,31,133,8,7800,56.56678482,9.02660419,291.022180451128,1011.18045112782,67.1203007518797,3.30075187969925,180.15037593985,0,58.5263157894737,1,0,0,0,0,0,0,1,0,0,1,0,0,0,0,0,1,0,0,0,0,1,0,0,0,0,0,0,0,0,0,1,0,0,0,0,0,0
100,4,3,101,8,7800,56.56678482,9.02660419,282.85297029703,1026.30693069307,63.3069306930693,3.17821782178218,290.990099009901,0,2.8019801980198,0,1,0,0,0,0,0,1,0,0,1,0,0,0,0,0,1,0,0,0,0,1,0,0,0,0,0,0,0,0,0,1,0,0,0,0,0,0
100,4,4,85,8,7800,56.56678482,9.02660419,286.420588235294,1024.17647058824,61.4588235294118,4.49411764705882,224,0,5.50588235294118,0,0,0,0,0,1,0,1,0,0,1,0,0,0,0,0,1,0,0,0,0,1,0,0,0,0,0,0,0,0,1,0,0,0,0,0,0,0
100,4,5,79,8,7800,56.56678482,9.02660419,281.909493670886,1016.58227848101,68.0759493670886,10.5443037974684,283.924050632911,0,80.1518987341772,0,0,0,0,0,0,1,1,0,0,1,0,0,0,0,0,1,0,0,0,0,1,0,0,0,0,0,0,0,0,0,1,0,0,0,0,0,0
100,4,6,59,8,7800,56.56678482,9.02660419,281.455084745763,1020.5593220339,76.7457627118644,8.69491525423729,289.491525423729,0,39.1864406779661,0,0,0,0,1,0,0,1,0,0,1,0,0,0,0,0,1,0,0,0,0,1,0,0,0,0,0,0,0,0,1,0,0,0,0,0,0,0
100,4,7,88,8,7800,56.56678482,9.02660419,284.775,1016.02272727273,81.3636363636364,8.82954545454546,295.227272727273,0,41.6590909090909,1,0,0,0,0,0,0,1,0,0,1,0,0,0,0,0,1,0,0,0,0,1,0,0,0,0,0,0,0,0,0,1,0,0,0,0,0,0
100,4,10,88,8,7800,56.56678482,9.02660419,282.661363636364,1010.56818181818,68.3181818181818,10.3068181818182,280.227272727273,0,80,0,1,0,0,0,0,0,1,0,0,1,0,0,0,0,0,1,0,0,0,0,1,0,0,0,0,0,0,0,0,0,1,0,0,0,0,0,0
100,4,11,85,8,7800,56.56678482,9.02660419,282.020588235294,1017.22352941176,63.7058823529412,8.05882352941176,279.764705882353,0,25.5058823529412,0,0,0,0,0,1,0,1,0,0,1,0,0,0,0,0,1,0,0,0,0,1,0,0,0,0,0,0,0,0,1,0,0,0,0,0,0,0
100,4,12,67.86182464113226,8,7800,56.56678482,9.02660419,282.077835051546,1002.9793814433,86.4329896907217,6.91752577319588,272.989690721649,13.405,72.1237113402062,0,0,0,0,0,0,1,1,0,0,1,0,0,0,0,0,1,0,0,0,0,1,0,0,0,0,0,0,0,0,0,0,0,0,0,1,0,0
100,4,18,94,8,7800,56.56678482,9.02660419,278.415957446808,1031.6914893617,60.0744680851064,4.46808510638298,64.7872340425532,0,44.3617021276596,0,0,0,0,0,1,0,1,0,0,1,0,0,0,0,0,1,0,0,0,0,1,0,0,0,0,0,0,0,0,0,1,0,0,0,0,0,0
100,4,19,81,8,7800,56.56678482,9.02660419,280.273456790123,1036.46913580247,60.1111111111111,2.8641975308642,263.333333333333,0,28.358024691358,0,0,0,0,0,0,1,1,0,0,1,0,0,0,0,0,1,0,0,0,0,1,0,0,0,0,0,0,0,0,1,0,0,0,0,0,0,0
100,4,20,86,8,7800,56.56678482,9.02660419,281.045348837209,1029.87209302326,71.2790697674419,7.59302325581395,231.395348837209,8.47,87.7674418604651,0,0,0,0,1,0,0,1,0,0,1,0,0,0,0,0,1,0,0,0,0,1,0,0,0,0,0,0,0,0,0,1,0,0,0,0,0,0
100,4,21,75.66526474673302,8,7800,56.56678482,9.02660419,281.861538461538,1016.5,93.875,7.84615384615385,275.576923076923,0.1225,77.4230769230769,1,0,0,0,0,0,0,1,0,0,1,0,0,0,0,0,1,0,0,0,0,1,0,0,0,0,0,0,0,0,0,0,0,0,0,1,0,0
100,4,24,68,8,7800,56.56678482,9.02660419,280.576470588235,1002.39705882353,71.4705882352941,10.3970588235294,283.235294117647,7.175,27.5294117647059,0,1,0,0,0,0,0,1,0,0,1,0,0,0,0,0,1,0,0,0,0,1,0,0,0,0,0,0,0,0,0,1,0,0,0,0,0,0
100,4,25,88,8,7800,56.56678482,9.02660419,276.968181818182,1000.54545454545,87.625,5.07954545454545,272.613636363636,0,50.7386363636364,0,0,0,0,0,1,0,1,0,0,1,0,0,0,0,0,1,0,0,0,0,1,0,0,0,0,0,0,0,0,0,1,0,0,0,0,0,0
100,4,26,54,8,7800,56.56678482,9.02660419,280.112962962963,1009.7962962963,70.7592592592593,1.88888888888889,206.111111111111,0,57.3148148148148,0,0,0,0,0,0,1,1,0,0,1,0,0,0,0,0,1,0,0,0,0,1,0,0,0,0,0,0,0,0,1,0,0,0,0,0,0,0
100,4,27,58.326236590254126,8,7800,56.56678482,9.02660419,280.541891891892,1009.37837837838,74.8918918918919,4.68918918918919,228.918918918919,49.055,84.5945945945946,0,0,0,0,1,0,0,1,0,0,1,0,0,0,0,0,1,0,0,0,0,1,0,0,0,0,0,0,0,0,0,0,0,0,0,1,0,0
100,4,28,153,8,7800,56.56678482,9.02660419,282.646732026144,1008.22222222222,63.8627450980392,4.81699346405229,239.607843137255,10.2,71.0261437908497,1,0,0,0,0,0,0,1,0,0,1,0,0,0,0,0,1,0,0,0,0,1,0,0,0,0,0,0,0,0,0,1,0,0,0,0,0,0
100,5,1,93,8,7800,56.56678482,9.02660419,285.633870967742,1020,53.4301075268817,9.74193548387097,108.172043010753,0,13.5483870967742,0,1,0,0,0,0,0,1,0,0,1,0,0,0,0,0,1,0,0,0,0,1,0,0,0,0,0,0,0,0,1,0,0,0,0,0,0,0
100,5,2,88,8,7800,56.56678482,9.02660419,287.468181818182,1025.88636363636,39.2045454545455,8.56818181818182,89.4318181818182,0,5.72727272727273,0,0,0,0,0,1,0,1,0,0,1,0,0,0,0,0,1,0,0,0,0,1,0,0,0,0,0,0,0,0,1,0,0,0,0,0,0,0
100,5,3,88,8,7800,56.56678482,9.02660419,288.411363636364,1029.59090909091,37.9659090909091,8.02272727272727,79.5454545454545,0,19.2727272727273,0,0,0,0,0,0,1,1,0,0,1,0,0,0,0,0,1,0,0,0,0,1,0,0,0,0,0,0,0,0,0,1,0,0,0,0,0,0
100,5,4,57,8,7800,56.56678482,9.02660419,286.220175438596,1029.45614035088,52.0350877192982,8.54385964912281,60.7017543859649,0,64.280701754386,0,0,0,0,1,0,0,1,0,0,1,0,0,0,0,0,1,0,0,0,0,1,0,0,0,0,0,0,0,0,0,1,0,0,0,0,0,0
100,5,5,91,8,7800,56.56678482,9.02660419,288.644505494505,1025.21978021978,40.4725274725275,6.92307692307692,58.021978021978,0,27.032967032967,1,0,0,0,0,0,0,1,0,0,1,0,0,0,0,0,1,0,0,0,0,1,0,0,0,0,0,0,0,0,0,1,0,0,0,0,0,0
100,5,8,78,8,7800,56.56678482,9.02660419,283.239743589744,1022.34615384615,36.9102564102564,6.85897435897436,22.8205128205128,0,4.92307692307692,0,1,0,0,0,0,0,1,0,0,1,0,0,0,0,0,1,0,0,0,0,1,0,0,0,0,0,0,0,0,1,0,0,0,0,0,0,0
100,5,9,65,8,7800,56.56678482,9.02660419,283.842307692308,1014.95384615385,60.6,4.81538461538462,246,0,68.4307692307692,0,0,0,0,0,1,0,1,0,0,1,0,0,0,0,0,1,0,0,0,0,1,0,0,0,0,0,0,0,0,0,1,0,0,0,0,0,0
100,5,10,51.406067233113575,8,7800,56.56678482,9.02660419,281.013636363636,1005.60606060606,90.3636363636364,3.21212121212121,292.121212121212,0,90.1666666666667,0,0,0,0,0,0,1,1,0,0,1,0,0,0,0,0,1,0,0,0,0,1,0,0,0,0,0,0,0,0,0,0,0,0,0,1,0,0
100,5,11,99,8,7800,56.56678482,9.02660419,285.190404040404,1004.87878787879,64.8080808080808,1.93939393939394,101.010101010101,0,77.1313131313131,0,0,0,0,1,0,0,1,0,0,1,0,0,0,0,0,1,0,0,0,0,1,0,0,0,0,0,0,0,0,0,1,0,0,0,0,0,0
100,5,15,87,8,7800,56.56678482,9.02660419,290.529310344828,1026.57471264368,54.5632183908046,4.26436781609195,257.241379310345,0,15.816091954023,0,1,0,0,0,0,0,1,0,0,1,0,0,0,0,0,1,0,0,0,0,1,0,0,0,0,0,0,0,0,0,1,0,0,0,0,0,0
100,5,16,32.199549841322,8,7800,56.56678482,9.02660419,286.987209302326,1023.53488372093,93.9767441860465,4.55813953488372,178.604651162791,0,78.1395348837209,0,0,0,0,0,1,0,1,0,0,1,0,0,0,0,0,1,0,0,0,0,1,0,0,0,0,0,0,0,0,0,0,0,0,0,1,0,0
100,5,17,38.268183699529615,8,7800,56.56678482,9.02660419,291.65,1020.25862068966,85.4827586206897,2.32758620689655,208.965517241379,5.7375,75.2586206896552,0,0,0,0,0,0,1,1,0,0,1,0,0,0,0,0,1,0,0,0,0,1,0,0,0,0,0,0,0,0,0,0,0,0,0,1,0,0
100,5,18,53,8,7800,56.56678482,9.02660419,294.753773584906,1008.1320754717,68.4905660377358,5.62264150943396,215.283018867925,0,73.5283018867924,0,0,0,0,1,0,0,1,0,0,1,0,0,0,0,0,1,0,0,0,0,1,0,0,0,0,0,0,0,0,0,1,0,0,0,0,0,0
100,5,19,70,8,7800,56.56678482,9.02660419,293.45,1010,63.9142857142857,2.1,108.285714285714,0,36.5714285714286,1,0,0,0,0,0,0,1,0,0,1,0,0,0,0,0,1,0,0,0,0,1,0,0,0,0,0,0,0,0,0,1,0,0,0,0,0,0
100,5,22,57,8,7800,56.56678482,9.02660419,289.892807017544,1022.68421052632,58.9649122807018,2.3859649122807,271.929824561404,0,31.2280701754386,0,1,0,0,0,0,0,1,0,0,1,0,0,0,0,0,1,0,0,0,0,1,0,0,0,0,0,0,0,0,0,1,0,0,0,0,0,0
100,5,23,80,8,7800,56.56678482,9.02660419,293.6625,1011.9625,55.2,4.1125,144.75,2.13,37.4,0,0,0,0,0,1,0,1,0,0,1,0,0,0,0,0,1,0,0,0,0,1,0,0,0,0,0,0,0,0,0,1,0,0,0,0,0,0
100,5,24,81,8,7800,56.56678482,9.02660419,289.495679012346,1018.22222222222,57.1111111111111,8.58024691358025,300.987654320988,0,25.7777777777778,0,0,0,0,0,0,1,1,0,0,1,0,0,0,0,0,1,0,0,0,0,1,0,0,0,0,0,0,0,0,1,0,0,0,0,0,0,0
100,5,29,67,8,7800,56.56678482,9.02660419,286.403731343284,1012.98507462687,91.7313432835821,2.7910447761194,251.34328358209,0,65.4328358208955,0,1,0,0,0,0,0,1,0,0,1,0,0,0,0,0,1,0,0,0,0,1,0,0,0,0,0,0,0,0,0,0,0,0,1,0,0,0
100,5,30,68,8,7800,56.56678482,9.02660419,287.502941176471,1009,85.5,2.52941176470588,283.088235294118,31.1,67.25,0,0,0,0,0,1,0,1,0,0,1,0,0,0,0,0,1,0,0,0,0,1,0,0,0,0,0,0,0,0,0,1,0,0,0,0,0,0
100,5,31,105,8,7800,56.56678482,9.02660419,286.207142857143,1014.52380952381,76.552380952381,11.1619047619048,279.714285714286,0,48.4095238095238,0,0,0,0,0,0,1,1,0,0,1,0,0,0,0,0,1,0,0,0,0,1,0,0,0,0,0,0,0,0,0,1,0,0,0,0,0,0
100,6,1,119,8,7800,56.56678482,9.02660419,289.133193277311,1020,50.6386554621849,7.61344537815126,285.042016806723,0,16.4033613445378,0,0,0,0,1,0,0,1,0,0,1,0,0,0,0,0,1,0,0,0,0,1,0,0,0,0,0,0,0,0,1,0,0,0,0,0,0,0
100,6,2,85,8,7800,56.56678482,9.02660419,293.691176470588,1017.91764705882,42.3176470588235,1.63529411764706,207.294117647059,0,52.0941176470588,1,0,0,0,0,0,0,1,0,0,1,0,0,0,0,0,1,0,0,0,0,1,0,0,0,0,0,0,0,0,0,1,0,0,0,0,0,0
100,6,6,76,8,7800,56.56678482,9.02660419,294.702631578947,1000.35526315789,54.75,7.11842105263158,123.289473684211,0,34.7763157894737,0,0,0,0,0,1,0,1,0,0,1,0,0,0,0,0,1,0,0,0,0,1,0,0,0,0,0,0,0,0,0,1,0,0,0,0,0,0
100,6,7,47.19120050692,8,7800,56.56678482,9.02660419,287.037096774194,996,86.5645161290323,4.88709677419355,180.322580645161,0,75,0,0,0,0,0,0,1,1,0,0,1,0,0,0,0,0,1,0,0,0,0,1,0,0,0,0,0,0,0,0,0,0,0,0,0,1,0,0
100,6,8,53.43540127864108,8,7800,56.56678482,9.02660419,289.054109589041,1010.79452054795,65.6849315068493,6.10958904109589,233.287671232877,12.895,83.8904109589041,0,0,0,0,1,0,0,1,0,0,1,0,0,0,0,0,1,0,0,0,0,1,0,0,0,0,0,0,0,0,0,0,0,0,0,1,0,0
100,6,9,51.44873824729584,8,7800,56.56678482,9.02660419,291.294736842105,1008.64473684211,83.0394736842105,2.19736842105263,194.210526315789,221.56,86.8552631578947,1,0,0,0,0,0,0,1,0,0,1,0,0,0,0,0,1,0,0,0,0,1,0,0,0,0,0,0,0,0,0,0,0,0,0,1,0,0
100,6,12,52,8,7800,56.56678482,9.02660419,288.15,1004.44230769231,80.6538461538462,7.76923076923077,252.307692307692,3.06,80.1538461538462,0,1,0,0,0,0,0,1,0,0,1,0,0,0,0,0,1,0,0,0,0,1,0,0,0,0,0,0,0,0,0,1,0,0,0,0,0,0
100,6,13,42,8,7800,56.56678482,9.02660419,288.435714285714,1011.71428571429,73.1190476190476,7.95238095238095,291.666666666667,0,0,0,0,0,0,0,1,0,1,0,0,1,0,0,0,0,0,1,0,0,0,0,1,0,0,0,0,0,0,0,0,1,0,0,0,0,0,0,0
100,6,14,65,8,7800,56.56678482,9.02660419,291.95,1018,70.0769230769231,5.53846153846154,278.461538461538,0,29.9076923076923,0,0,0,0,0,0,1,1,0,0,1,0,0,0,0,0,1,0,0,0,0,1,0,0,0,0,0,0,0,0,0,1,0,0,0,0,0,0
100,6,15,68,8,7800,56.56678482,9.02660419,294.120588235294,1013.97058823529,62.5882352941176,2.63235294117647,173.970588235294,0,70.5882352941177,0,0,0,0,1,0,0,1,0,0,1,0,0,0,0,0,1,0,0,0,0,1,0,0,0,0,0,0,0,0,0,1,0,0,0,0,0,0
100,6,16,65,8,7800,56.56678482,9.02660419,290.15,1010.10769230769,69.4153846153846,9.70769230769231,287.846153846154,0,9.72307692307692,1,0,0,0,0,0,0,1,0,0,1,0,0,0,0,0,1,0,0,0,0,1,0,0,0,0,0,0,0,0,0,1,0,0,0,0,0,0
100,6,19,66,8,7800,56.56678482,9.02660419,297.256060606061,1019.43939393939,60.8030303030303,3.03030303030303,234.242424242424,0,1.93939393939394,0,1,0,0,0,0,0,1,0,0,1,0,0,0,0,0,1,0,0,0,0,1,0,0,0,0,0,0,0,0,1,0,0,0,0,0,0,0
100,6,20,47,8,7800,56.56678482,9.02660419,289.852127659574,1018,59.3404255319149,8.65957446808511,303.404255319149,0,0,0,0,0,0,0,1,0,1,0,0,1,0,0,0,0,0,1,0,0,0,0,1,0,0,0,0,0,0,0,0,1,0,0,0,0,0,0,0
100,6,21,44,8,7800,56.56678482,9.02660419,289.218181818182,1017.86363636364,61.5454545454545,5.59090909090909,288.181818181818,0,74.8181818181818,0,0,0,0,0,0,1,1,0,0,1,0,0,0,0,0,1,0,0,0,0,1,0,0,0,0,0,0,0,0,0,1,0,0,0,0,0,0
100,6,22,38.7361081256764,8,7800,56.56678482,9.02660419,292.255263157895,1007.66666666667,75.5438596491228,1.7719298245614,102.456140350877,89.7,82.1754385964912,0,0,0,0,1,0,0,1,0,0,1,0,0,0,0,0,1,0,0,0,0,1,0,0,0,0,0,0,0,0,0,0,0,0,0,1,0,0
100,6,23,85,8,7800,56.56678482,9.02660419,290.914705882353,1007.16470588235,88.9058823529412,4.42352941176471,259.647058823529,8.33,80.9529411764706,1,0,0,0,0,0,0,1,0,0,1,0,0,0,0,0,1,0,0,0,0,1,0,0,0,0,0,0,0,0,0,0,0,0,1,0,0,0
100,6,26,70,8,7800,56.56678482,9.02660419,289.264285714286,1007.12857142857,63.5714285714286,8.44285714285714,273.285714285714,0,79.4285714285714,0,1,0,0,0,0,0,1,0,0,1,0,0,0,0,0,1,0,0,0,0,1,0,0,0,0,0,0,0,0,0,1,0,0,0,0,0,0
100,6,27,56,8,7800,56.56678482,9.02660419,288.596428571429,1011.91071428571,57.1607142857143,3.66071428571429,286.071428571429,0,38.2857142857143,0,0,0,0,0,1,0,1,0,0,1,0,0,0,0,0,1,0,0,0,0,1,0,0,0,0,0,0,0,0,0,1,0,0,0,0,0,0
100,6,28,47.55704939563293,8,7800,56.56678482,9.02660419,290.937878787879,1004.86363636364,59.3030303030303,5.96969696969697,92.2727272727273,30.56,88.9090909090909,0,0,0,0,0,0,1,1,0,0,1,0,0,0,0,0,1,0,0,0,0,1,0,0,0,0,0,0,0,0,0,0,0,0,0,1,0,0
100,6,29,72,8,7800,56.56678482,9.02660419,288.566666666667,998.430555555556,94.1944444444444,5.98611111111111,70.8333333333333,4.815,90.8333333333333,0,0,0,0,1,0,0,1,0,0,1,0,0,0,0,0,1,0,0,0,0,1,0,0,0,0,0,0,0,0,0,1,0,0,0,0,0,0
100,6,30,85.84311652276666,8,7800,56.56678482,9.02660419,289.175,998.791666666667,85.9416666666667,4.68333333333333,32.5833333333333,17.36,67.9083333333333,1,0,0,0,0,0,0,1,0,0,1,0,0,0,0,0,1,0,0,0,0,1,0,0,0,0,0,0,0,0,0,0,0,0,0,1,0,0
101,1,4,42.872899231780316,2,7100,55.7050151,9.5323321,275.606129032258,1004.87096774194,76.241935483871,6.62903225806452,337.741935483871,2.08,17.9516129032258,0,0,0,0,0,0,1,1,0,0,1,0,1,0,0,0,0,0,0,0,0,0,0,0,0,0,1,0,0,0,0,0,0,0,0,1,0,0
101,1,5,50,2,7100,55.7050151,9.5323321,268.9492,1035.96,66.7,2.8,73.2,0,26.38,0,0,0,0,1,0,0,1,0,0,1,0,1,0,0,0,0,0,0,0,0,0,0,0,0,0,1,0,0,0,0,0,0,0,0,0,1,0
101,1,6,51,2,7100,55.7050151,9.5323321,269.181568627451,1037.66666666667,69.156862745098,4.03921568627451,172.352941176471,0,23.2156862745098,1,0,0,0,0,0,0,1,0,0,1,0,1,0,0,0,0,0,0,0,0,0,0,0,0,0,1,0,0,0,1,0,0,0,0,0,0,0
101,1,7,37,2,7100,55.7050151,9.5323321,277.597297297297,1021.64864864865,98.2972972972973,3.59459459459459,277.297297297297,0,62.2702702702703,0,0,1,0,0,0,0,1,0,0,1,0,1,0,0,0,0,0,0,0,0,0,0,0,0,0,1,0,0,0,0,0,1,0,0,0,0,0
101,1,8,34,2,7100,55.7050151,9.5323321,274.796176470588,1029.55882352941,93.1470588235294,2.05882352941176,234.411764705882,0,68.2352941176471,0,0,0,1,0,0,0,1,0,0,1,0,1,0,0,0,0,0,0,0,0,0,0,0,0,0,1,0,0,0,0,1,0,0,0,0,0,0
101,1,9,32,2,7100,55.7050151,9.5323321,276.4525,1017,95.40625,4.34375,179.6875,0,87.75,0,1,0,0,0,0,0,1,0,0,1,0,1,0,0,0,0,0,0,0,0,0,0,0,0,0,1,0,0,0,0,0,1,0,0,0,0,0
101,1,10,22,2,7100,55.7050151,9.5323321,275.828181818182,1005.31818181818,100,4.40909090909091,167.727272727273,0,78.7272727272727,0,0,0,0,0,1,0,1,0,0,1,0,1,0,0,0,0,0,0,0,0,0,0,0,0,0,1,0,0,0,0,0,1,0,0,0,0,0
101,1,11,21.41133950685617,2,7100,55.7050151,9.5323321,278.455666666667,986.1,86.6666666666667,9.06666666666667,245.333333333333,0,75,0,0,0,0,0,0,1,1,0,0,1,0,1,0,0,0,0,0,0,0,0,0,0,0,0,0,1,0,0,0,0,0,0,0,0,1,0,0
101,1,12,26.032741093542427,2,7100,55.7050151,9.5323321,276.468055555556,993.027777777778,84.3055555555556,6.86111111111111,248.888888888889,0,43.75,0,0,0,0,1,0,0,1,0,0,1,0,1,0,0,0,0,0,0,0,0,0,0,0,0,0,1,0,0,0,0,0,0,0,0,1,0,0
101,1,13,42,2,7100,55.7050151,9.5323321,275.011428571429,990.785714285714,89,2.21428571428571,198.571428571429,0,15.0238095238095,1,0,0,0,0,0,0,1,0,0,1,0,1,0,0,0,0,0,0,0,0,0,0,0,0,0,1,0,0,0,0,0,0,0,1,0,0,0
101,1,14,31,2,7100,55.7050151,9.5323321,274.784838709677,1000.03225806452,80.5483870967742,5.38709677419355,281.612903225806,0,46.7096774193548,0,0,1,0,0,0,0,1,0,0,1,0,1,0,0,0,0,0,0,0,0,0,0,0,0,0,1,0,0,0,0,0,0,0,0,0,1,0
101,1,15,20,2,7100,55.7050151,9.5323321,273.642,1017.4,92.9,1.15,321.5,0,0,0,0,0,1,0,0,0,1,0,0,1,0,1,0,0,0,0,0,0,0,0,0,0,0,0,0,1,0,0,0,1,0,0,0,0,0,0,0
101,1,16,35,2,7100,55.7050151,9.5323321,271.914,1029.25714285714,87.4857142857143,1.71428571428571,309.142857142857,0,0.428571428571429,0,1,0,0,0,0,0,1,0,0,1,0,1,0,0,0,0,0,0,0,0,0,0,0,0,0,1,0,0,0,1,0,0,0,0,0,0,0
101,1,17,35,2,7100,55.7050151,9.5323321,273.198857142857,1035.91428571429,87.0571428571429,1.57142857142857,186.571428571429,4.865,82.7428571428571,0,0,0,0,0,1,0,1,0,0,1,0,1,0,0,0,0,0,0,0,0,0,0,0,0,0,1,0,0,0,0,1,0,0,0,0,0,0
101,1,18,16.962736004497856,2,7100,55.7050151,9.5323321,276.7152,1035.32,91.6,4.52,232,2.0875,76.96,0,0,0,0,0,0,1,1,0,0,1,0,1,0,0,0,0,0,0,0,0,0,0,0,0,0,1,0,0,0,0,0,0,0,0,1,0,0
101,1,19,35,2,7100,55.7050151,9.5323321,278.862,1034.22857142857,95.8,4.02857142857143,256.857142857143,0,55.4285714285714,0,0,0,0,1,0,0,1,0,0,1,0,1,0,0,0,0,0,0,0,0,0,0,0,0,0,1,0,0,0,0,0,1,0,0,0,0,0
101,1,20,70,2,7100,55.7050151,9.5323321,278.739714285714,1032.58571428571,93.2285714285714,4.34285714285714,265.285714285714,0,61.8,1,0,0,0,0,0,0,1,0,0,1,0,1,0,0,0,0,0,0,0,0,0,0,0,0,0,1,0,0,0,0,1,0,0,0,0,0,0
101,1,21,32,2,7100,55.7050151,9.5323321,279.1396875,1030.6875,92,2.6875,275.96875,3,86.78125,0,0,1,0,0,0,0,1,0,0,1,0,1,0,0,0,0,0,0,0,0,0,0,0,0,0,1,0,0,0,0,0,0,1,0,0,0,0
101,1,22,22,2,7100,55.7050151,9.5323321,276.949545454545,1027.40909090909,82.7272727272727,1.54545454545455,195.454545454545,0,56,0,0,0,1,0,0,0,1,0,0,1,0,1,0,0,0,0,0,0,0,0,0,0,0,0,0,1,0,0,0,0,1,0,0,0,0,0,0
101,1,23,35,2,7100,55.7050151,9.5323321,275.413428571429,1022.71428571429,93.4857142857143,1.82857142857143,208.857142857143,0,64.8,0,1,0,0,0,0,0,1,0,0,1,0,1,0,0,0,0,0,0,0,0,0,0,0,0,0,1,0,0,0,0,0,0,0,1,0,0,0
101,1,24,33,2,7100,55.7050151,9.5323321,276.401151515151,1027.9696969697,97.3333333333333,1.96969696969697,241.757575757576,0,71.5454545454545,0,0,0,0,0,1,0,1,0,0,1,0,1,0,0,0,0,0,0,0,0,0,0,0,0,0,1,0,0,0,0,0,0,0,1,0,0,0
101,1,25,31,2,7100,55.7050151,9.5323321,275.033838709677,1034.87096774194,98.2903225806452,4.32258064516129,227.032258064516,0,64,0,0,0,0,0,0,1,1,0,0,1,0,1,0,0,0,0,0,0,0,0,0,0,0,0,0,1,0,0,0,0,1,0,0,0,0,0,0
101,1,26,39,2,7100,55.7050151,9.5323321,273.288205128205,1028.82051282051,95.025641025641,3.71794871794872,127.948717948718,0,51.2051282051282,0,0,0,0,1,0,0,1,0,0,1,0,1,0,0,0,0,0,0,0,0,0,0,0,0,0,1,0,0,0,0,0,0,0,1,0,0,0
101,1,27,47,2,7100,55.7050151,9.5323321,274.245531914894,1019.74468085106,82.936170212766,4.27659574468085,131.276595744681,0,0,1,0,0,0,0,0,0,1,0,0,1,0,1,0,0,0,0,0,0,0,0,0,0,0,0,0,1,0,0,0,0,0,0,0,1,0,0,0
101,1,28,31,2,7100,55.7050151,9.5323321,276.118387096774,1017.93548387097,92.4516129032258,3.38709677419355,122.58064516129,0,15.8709677419355,0,0,1,0,0,0,0,1,0,0,1,0,1,0,0,0,0,0,0,0,0,0,0,0,0,0,1,0,0,0,0,0,0,0,1,0,0,0
101,1,29,13,2,7100,55.7050151,9.5323321,276.67,1013,93.5384615384615,3.92307692307692,188.461538461538,0,86.1538461538462,0,0,0,1,0,0,0,1,0,0,1,0,1,0,0,0,0,0,0,0,0,0,0,0,0,0,1,0,0,0,0,0,1,0,0,0,0,0
101,1,30,37,2,7100,55.7050151,9.5323321,276.038378378378,1014.05405405405,96.027027027027,3.37837837837838,80,0,76.1621621621622,0,1,0,0,0,0,0,1,0,0,1,0,1,0,0,0,0,0,0,0,0,0,0,0,0,0,1,0,0,0,0,0,1,0,0,0,0,0
101,1,31,102,2,7100,55.7050151,9.5323321,275.893431372549,1019.94117647059,90.8725490196078,4.15686274509804,82.0588235294118,0,82.2745098039216,0,0,0,0,0,1,0,1,0,0,1,0,1,0,0,0,0,0,0,0,0,0,0,0,0,0,1,0,0,0,0,0,0,0,1,0,0,0
101,2,1,57,2,7100,55.7050151,9.5323321,274.432912280702,1019.31578947368,99.4035087719298,5.15789473684211,139.508771929825,0,56.4385964912281,0,0,0,0,0,0,1,1,0,0,1,0,1,0,0,0,0,0,0,0,0,0,0,0,0,0,1,0,0,0,0,0,0,0,1,0,0,0
101,2,2,59,2,7100,55.7050151,9.5323321,274.839661016949,1008.91525423729,98.4576271186441,4.59322033898305,127.627118644068,0,89.2203389830509,0,0,0,0,1,0,0,1,0,0,1,0,1,0,0,0,0,0,0,0,0,0,0,0,0,0,1,0,0,0,0,0,0,0,0,0,1,0
101,2,3,56,2,7100,55.7050151,9.5323321,274.443392857143,1004.53571428571,100,4.21428571428571,116.785714285714,0,91.4285714285714,1,0,0,0,0,0,0,1,0,0,1,0,1,0,0,0,0,0,0,0,0,0,0,0,0,0,1,0,0,0,0,0,0,1,0,0,0,0
101,2,4,54,2,7100,55.7050151,9.5323321,276.868888888889,1000.98148148148,100,3.09259259259259,120.37037037037,0,89.4074074074074,0,0,1,0,0,0,0,1,0,0,1,0,1,0,0,0,0,0,0,0,0,0,0,0,0,0,1,0,0,0,0,0,0,1,0,0,0,0
101,2,5,23,2,7100,55.7050151,9.5323321,276.080434782609,1007.04347826087,100,4.69565217391304,83.4782608695652,0,91.2173913043478,0,0,0,1,0,0,0,1,0,0,1,0,1,0,0,0,0,0,0,0,0,0,0,0,0,0,1,0,0,0,0,0,0,0,1,0,0,0
101,2,6,35,2,7100,55.7050151,9.5323321,275.128571428571,1024.31428571429,94.4857142857143,5.6,76.8571428571429,0,63.0857142857143,0,1,0,0,0,0,0,1,0,0,1,0,1,0,0,0,0,0,0,0,0,0,0,0,0,0,1,0,0,0,0,0,1,0,0,0,0,0
101,2,7,45,2,7100,55.7050151,9.5323321,272.076,1027.31111111111,85.1111111111111,7.42222222222222,75.3333333333333,0,73.6222222222222,0,0,0,0,0,1,0,1,0,0,1,0,1,0,0,0,0,0,0,0,0,0,0,0,0,0,1,0,0,0,0,0,0,0,0,0,1,0
101,2,8,45,2,7100,55.7050151,9.5323321,271.287111111111,1032.68888888889,87.6,5.77777777777778,59.5555555555556,0,81,0,0,0,0,0,0,1,1,0,0,1,0,1,0,0,0,0,0,0,0,0,0,0,0,0,0,1,0,0,0,0,0,0,0,0,0,1,0
101,2,9,31,2,7100,55.7050151,9.5323321,271.20935483871,1034.35483870968,84.7096774193548,3.38709677419355,70.6451612903226,0,75.1290322580645,0,0,0,0,1,0,0,1,0,0,1,0,1,0,0,0,0,0,0,0,0,0,0,0,0,0,1,0,0,0,0,0,0,0,0,0,1,0
101,2,10,55,2,7100,55.7050151,9.5323321,272.219454545455,1030.54545454545,87.3818181818182,7.54545454545455,84.5454545454545,0,82.6909090909091,1,0,0,0,0,0,0,1,0,0,1,0,1,0,0,0,0,0,0,0,0,0,0,0,0,0,1,0,0,0,0,1,0,0,0,0,0,0
101,2,11,31,2,7100,55.7050151,9.5323321,273.840322580645,1030.93548387097,77.0322580645161,8.61290322580645,70.3225806451613,0,28.7096774193548,0,0,1,0,0,0,0,1,0,0,1,0,1,0,0,0,0,0,0,0,0,0,0,0,0,0,1,0,0,0,1,0,0,0,0,0,0,0
101,2,12,21,2,7100,55.7050151,9.5323321,273.209047619048,1036.85714285714,84.6666666666667,6.90476190476191,80.4761904761905,0,39.8095238095238,0,0,0,1,0,0,0,1,0,0,1,0,1,0,0,0,0,0,0,0,0,0,0,0,0,0,1,0,0,0,0,1,0,0,0,0,0,0
101,2,13,38,2,7100,55.7050151,9.5323321,272.397631578947,1038.44736842105,87.2631578947368,3.36842105263158,91.8421052631579,0,13.9473684210526,0,1,0,0,0,0,0,1,0,0,1,0,1,0,0,0,0,0,0,0,0,0,0,0,0,0,1,0,0,0,0,1,0,0,0,0,0,0
101,2,14,51,2,7100,55.7050151,9.5323321,273.558882352941,1042.43137254902,87.0980392156863,3,121.666666666667,0,0,0,0,0,0,0,1,0,1,0,0,1,0,1,0,0,0,0,0,0,0,0,0,0,0,0,0,1,0,0,0,1,0,0,0,0,0,0,0
101,2,15,35,2,7100,55.7050151,9.5323321,274.138,1038.37142857143,87.9142857142857,1.54285714285714,186.457142857143,0,7.42857142857143,0,0,0,0,0,0,1,1,0,0,1,0,1,0,0,0,0,0,0,0,0,0,0,0,0,0,1,0,0,0,1,0,0,0,0,0,0,0
101,2,16,25.580339407129216,2,7100,55.7050151,9.5323321,278.44925,1027.47222222222,93.9444444444444,6.19444444444444,242.166666666667,7.84,84.3333333333333,0,0,0,0,1,0,0,1,0,0,1,0,1,0,0,0,0,0,0,0,0,0,0,0,0,0,1,0,0,0,0,0,0,0,0,1,0,0
101,2,17,53,2,7100,55.7050151,9.5323321,277.880679245283,1024.77358490566,97.9622641509434,2.22641509433962,273.037735849057,4.885,76.3018867924528,1,0,0,0,0,0,0,1,0,0,1,0,1,0,0,0,0,0,0,0,0,0,0,0,0,0,1,0,0,0,0,1,0,0,0,0,0,0
101,2,18,23.180516729538795,2,7100,55.7050151,9.5323321,277.588484848485,1027.87878787879,96.0909090909091,5.06060606060606,265.727272727273,2.7,70.3030303030303,0,0,1,0,0,0,0,1,0,0,1,0,1,0,0,0,0,0,0,0,0,0,0,0,0,0,1,0,0,0,0,0,0,0,0,1,0,0
101,2,19,9.337657037214376,2,7100,55.7050151,9.5323321,279.906428571429,1017.78571428571,96.3571428571429,5.78571428571429,271.714285714286,2.495,67.4285714285714,0,0,0,1,0,0,0,1,0,0,1,0,1,0,0,0,0,0,0,0,0,0,0,0,0,0,1,0,0,0,0,0,0,0,0,1,0,0
101,2,20,16.656131540983914,2,7100,55.7050151,9.5323321,280.886291666667,1006.125,93.6666666666667,8.125,268.458333333333,21.635,92,0,1,0,0,0,0,0,1,0,0,1,0,1,0,0,0,0,0,0,0,0,0,0,0,0,0,1,0,0,0,0,0,0,0,0,1,0,0
101,2,21,30,2,7100,55.7050151,9.5323321,279.028688547624,1011.8,87.8,9.3,287.533333333333,1.05,48.1,0,0,0,0,0,1,0,1,0,0,1,0,1,0,0,0,0,0,0,0,0,0,0,0,0,0,1,0,0,0,0,1,0,0,0,0,0,0
101,2,22,33,2,7100,55.7050151,9.5323321,279.519090909091,989.878787878788,75.2424242424242,11.1515151515152,260.30303030303,0.56,68.2424242424242,0,0,0,0,0,0,1,1,0,0,1,0,1,0,0,0,0,0,0,0,0,0,0,0,0,0,1,0,0,0,0,1,0,0,0,0,0,0
101,2,23,36,2,7100,55.7050151,9.5323321,276.196666666667,986.333333333333,93.3888888888889,3.11111111111111,165,0,72.5,0,0,0,0,1,0,0,1,0,0,1,0,1,0,0,0,0,0,0,0,0,0,0,0,0,0,1,0,0,0,1,0,0,0,0,0,0,0
101,2,24,46,2,7100,55.7050151,9.5323321,276.492608695652,1005.9347826087,72.3695652173913,6.10869565217391,278.260869565217,0,7.56521739130435,1,0,0,0,0,0,0,1,0,0,1,0,1,0,0,0,0,0,0,0,0,0,0,0,0,0,1,0,0,0,1,0,0,0,0,0,0,0
101,2,25,46,2,7100,55.7050151,9.5323321,276.090869565217,1010.39130434783,94.3695652173913,5.32608695652174,186.086956521739,0,79.5434782608696,0,0,1,0,0,0,0,1,0,0,1,0,1,0,0,0,0,0,0,0,0,0,0,0,0,0,1,0,0,0,0,1,0,0,0,0,0,0
101,2,26,10.091028540756088,2,7100,55.7050151,9.5323321,280.089230769231,1001.46153846154,99.4615384615385,5,233.846153846154,0,92,0,0,0,1,0,0,0,1,0,0,1,0,1,0,0,0,0,0,0,0,0,0,0,0,0,0,1,0,0,0,0,0,0,0,0,1,0,0
101,2,27,28,2,7100,55.7050151,9.5323321,281.148214285714,994.142857142857,95.2857142857143,4.92857142857143,185.357142857143,0,75.6071428571429,0,1,0,0,0,0,0,1,0,0,1,0,1,0,0,0,0,0,0,0,0,0,0,0,0,0,1,0,0,0,0,0,1,0,0,0,0,0
101,2,28,61.06871893716743,2,7100,55.7050151,9.5323321,277.486470588235,982.611764705882,84.4588235294118,7,204.588235294118,0,70.0588235294118,0,0,0,0,0,1,0,1,0,0,1,0,1,0,0,0,0,0,0,0,0,0,0,0,0,0,1,0,0,0,0,0,0,0,0,1,0,0
101,3,1,77,2,7100,55.7050151,9.5323321,278.595324675325,991.688311688312,84.2337662337662,6.88311688311688,237.792207792208,0,61.4415584415584,0,0,0,0,0,0,1,1,0,0,1,0,1,0,0,0,0,0,0,0,0,0,0,0,0,0,1,0,0,0,0,1,0,0,0,0,0,0
101,3,2,37.552820848382545,2,7100,55.7050151,9.5323321,278.64612244898,997.755102040816,78.6938775510204,6.44897959183673,255.510204081633,0,53.4285714285714,0,0,0,0,1,0,0,1,0,0,1,0,1,0,0,0,0,0,0,0,0,0,0,0,0,0,1,0,0,0,0,0,0,0,0,1,0,0
101,3,3,49.784032552095596,2,7100,55.7050151,9.5323321,279.684637681159,1004.08695652174,80.1594202898551,5.68115942028986,220.579710144928,0.105,58.4057971014493,1,0,0,0,0,0,0,1,0,0,1,0,1,0,0,0,0,0,0,0,0,0,0,0,0,0,1,0,0,0,0,0,0,0,0,1,0,0
101,3,4,43.872700268693734,2,7100,55.7050151,9.5323321,279.266363636364,995.418181818182,83.6545454545455,6.4,90,6.18,87.8545454545455,0,0,1,0,0,0,0,1,0,0,1,0,1,0,0,0,0,0,0,0,0,0,0,0,0,0,1,0,0,0,0,0,0,0,0,1,0,0
101,3,5,21,2,7100,55.7050151,9.5323321,278.279047619048,995.190476190476,93.6666666666667,2.80952380952381,154.761904761905,0,92,0,0,0,1,0,0,0,1,0,0,1,0,1,0,0,0,0,0,0,0,0,0,0,0,0,0,1,0,0,0,0,0,0,0,1,0,0,0
101,3,6,25.73363466563169,2,7100,55.7050151,9.5323321,275.361052631579,1006,94.3947368421053,6.81578947368421,63.9473684210526,0,78,0,1,0,0,0,0,0,1,0,0,1,0,1,0,0,0,0,0,0,0,0,0,0,0,0,0,1,0,0,0,0,0,0,0,0,1,0,0
101,3,7,29,2,7100,55.7050151,9.5323321,273.679310344828,1015.62068965517,87.4137931034483,2.48275862068966,18.6206896551724,0,62.6206896551724,0,0,0,0,0,1,0,1,0,0,1,0,1,0,0,0,0,0,0,0,0,0,0,0,0,0,1,0,0,0,0,0,0,0,0,0,1,0
101,3,8,39,2,7100,55.7050151,9.5323321,277.151025641026,1010.61538461538,92.8205128205128,4.05128205128205,150,0,75.4358974358974,0,0,0,0,0,0,1,1,0,0,1,0,1,0,0,0,0,0,0,0,0,0,0,0,0,0,1,0,0,0,0,1,0,0,0,0,0,0
101,3,9,48,2,7100,55.7050151,9.5323321,278.905833333333,1011.14583333333,92.75,3.64583333333333,212.083333333333,0,70.8958333333333,0,0,0,0,1,0,0,1,0,0,1,0,1,0,0,0,0,0,0,0,0,0,0,0,0,0,1,0,0,0,0,1,0,0,0,0,0,0
101,3,10,53,2,7100,55.7050151,9.5323321,280.988301886792,1022.41509433962,73.6415094339623,6.49056603773585,299.811320754717,0,51.8301886792453,1,0,0,0,0,0,0,1,0,0,1,0,1,0,0,0,0,0,0,0,0,0,0,0,0,0,1,0,0,0,0,1,0,0,0,0,0,0
101,3,11,33,2,7100,55.7050151,9.5323321,280.782121212121,1024.84848484848,83,2.6969696969697,153.030303030303,0,36.3636363636364,0,0,1,0,0,0,0,1,0,0,1,0,1,0,0,0,0,0,0,0,0,0,0,0,0,0,1,0,0,0,0,0,0,0,1,0,0,0
101,3,12,16,2,7100,55.7050151,9.5323321,278.660625,1022,56.6875,5.9375,125,0,85.5,0,0,0,1,0,0,0,1,0,0,1,0,1,0,0,0,0,0,0,0,0,0,0,0,0,0,1,0,0,0,0,1,0,0,0,0,0,0
101,3,13,36,2,7100,55.7050151,9.5323321,278.851666666667,1023.30555555556,73.5833333333333,2.94444444444444,188.611111111111,0,40.3333333333333,0,1,0,0,0,0,0,1,0,0,1,0,1,0,0,0,0,0,0,0,0,0,0,0,0,0,1,0,0,0,0,1,0,0,0,0,0,0
101,3,14,31,2,7100,55.7050151,9.5323321,282.240322580645,1021.93548387097,86.1935483870968,6.70967741935484,237.096774193548,0,59.258064516129,0,0,0,0,0,1,0,1,0,0,1,0,1,0,0,0,0,0,0,0,0,0,0,0,0,0,1,0,0,0,0,1,0,0,0,0,0,0
101,3,15,33,2,7100,55.7050151,9.5323321,281.324545454545,1024.9696969697,66.7878787878788,9,280.909090909091,0,33.9393939393939,0,0,0,0,0,0,1,1,0,0,1,0,1,0,0,0,0,0,0,0,0,0,0,0,0,0,1,0,0,0,1,0,0,0,0,0,0,0
101,3,16,38,2,7100,55.7050151,9.5323321,284.027631578947,1016.36842105263,70.8157894736842,6.36842105263158,222.894736842105,0,31.3684210526316,0,0,0,0,1,0,0,1,0,0,1,0,1,0,0,0,0,0,0,0,0,0,0,0,0,0,1,0,0,0,0,1,0,0,0,0,0,0
101,3,17,41,2,7100,55.7050151,9.5323321,278.410731707317,1003.9512195122,84.4634146341463,7.39024390243902,265.853658536585,0,75,1,0,0,0,0,0,0,1,0,0,1,0,1,0,0,0,0,0,0,0,0,0,0,0,0,0,1,0,0,0,0,1,0,0,0,0,0,0
101,3,18,37,2,7100,55.7050151,9.5323321,279.141351351351,997.027027027027,78.7297297297297,8.81081081081081,301.081081081081,0,23.6756756756757,0,0,1,0,0,0,0,1,0,0,1,0,1,0,0,0,0,0,0,0,0,0,0,0,0,0,1,0,0,0,0,0,1,0,0,0,0,0
101,3,19,18,2,7100,55.7050151,9.5323321,275.694444444444,999,93.3888888888889,5.38888888888889,133.888888888889,0,90.6111111111111,0,0,0,1,0,0,0,1,0,0,1,0,1,0,0,0,0,0,0,0,0,0,0,0,0,0,1,0,0,0,0,0,1,0,0,0,0,0
101,3,20,42,2,7100,55.7050151,9.5323321,281.171904761905,998.571428571429,92.3809523809524,3.69047619047619,181.428571428571,0.885,85.2142857142857,0,1,0,0,0,0,0,1,0,0,1,0,1,0,0,0,0,0,0,0,0,0,0,0,0,0,1,0,0,0,0,0,0,0,1,0,0,0
101,3,21,24.46866604470415,2,7100,55.7050151,9.5323321,278.861612903226,1000.06451612903,80.5483870967742,8.45161290322581,239.354838709677,0.265,74.6451612903226,0,0,0,0,0,1,0,1,0,0,1,0,1,0,0,0,0,0,0,0,0,0,0,0,0,0,1,0,0,0,0,0,0,0,0,1,0,0
101,3,22,45,2,7100,55.7050151,9.5323321,281.774222222222,1014.62222222222,65.8888888888889,5.66666666666667,229.111111111111,5.12,62.5555555555556,0,0,0,0,0,0,1,1,0,0,1,0,1,0,0,0,0,0,0,0,0,0,0,0,0,0,1,0,0,0,1,0,0,0,0,0,0,0
101,3,23,32,2,7100,55.7050151,9.5323321,281.7065625,1024.0625,65.21875,2.5,60.3125,0,3,0,0,0,0,1,0,0,1,0,0,1,0,1,0,0,0,0,0,0,0,0,0,0,0,0,0,1,0,0,0,0,0,0,0,1,0,0,0
101,3,24,53,2,7100,55.7050151,9.5323321,281.15641509434,1032,62.4150943396226,3.86792452830189,288.679245283019,0,15.4716981132075,1,0,0,0,0,0,0,1,0,0,1,0,1,0,0,0,0,0,0,0,0,0,0,0,0,0,1,0,0,0,1,0,0,0,0,0,0,0
101,3,25,47,2,7100,55.7050151,9.5323321,282.000212765957,1028.8085106383,75.6170212765958,5.1063829787234,300,0,31.8297872340426,0,0,1,0,0,0,0,1,0,0,1,0,1,0,0,0,0,0,0,0,0,0,0,0,0,0,1,0,0,0,0,1,0,0,0,0,0,0
101,3,26,13,2,7100,55.7050151,9.5323321,279.680769230769,1027,97.3076923076923,1.76923076923077,220.769230769231,0,21.2307692307692,0,0,0,1,0,0,0,1,0,0,1,0,1,0,0,0,0,0,0,0,0,0,0,0,0,0,1,0,0,0,0,0,0,0,1,0,0,0
101,3,27,26,2,7100,55.7050151,9.5323321,280.638846153846,1023.69230769231,86.6538461538462,4.03846153846154,265.769230769231,0,40.6153846153846,0,1,0,0,0,0,0,1,0,0,1,0,1,0,0,0,0,0,0,0,0,0,0,0,0,0,1,0,0,0,0,0,0,0,1,0,0,0
101,3,28,34,2,7100,55.7050151,9.5323321,282.441882352941,1019.23529411765,72.6176470588235,3.14705882352941,257.117647058824,0,71.9411764705882,0,0,0,0,0,1,0,1,0,0,1,0,1,0,0,0,0,0,0,0,0,0,0,0,0,0,1,0,0,0,0,0,0,1,0,0,0,0
101,3,29,28,2,7100,55.7050151,9.5323321,280.9975,1017.64285714286,90.9285714285714,4.92857142857143,274.642857142857,0,68.9285714285714,0,0,0,0,0,0,1,1,0,0,1,0,1,0,0,0,0,0,0,0,0,0,0,0,0,0,1,0,0,0,0,0,0,0,1,0,0,0
101,3,30,36.03052411555546,2,7100,55.7050151,9.5323321,283.701836734694,1017.79591836735,92.7755102040816,4.46938775510204,215.30612244898,5.3175,89.7959183673469,0,0,0,0,1,0,0,1,0,0,1,0,1,0,0,0,0,0,0,0,0,0,0,0,0,0,1,0,0,0,0,0,0,0,0,1,0,0
101,3,31,149,2,7100,55.7050151,9.5323321,290.064563758389,1011.10067114094,58.9328859060403,3.2751677852349,179.261744966443,0,64.2348993288591,1,0,0,0,0,0,0,1,0,0,1,0,1,0,0,0,0,0,0,0,0,0,0,0,0,0,1,0,0,0,0,1,0,0,0,0,0,0
101,4,1,59,2,7100,55.7050151,9.5323321,286.627627118644,1010.98305084746,67.864406779661,3.59322033898305,218.305084745763,0,46.5084745762712,0,0,1,0,0,0,0,1,0,0,1,0,1,0,0,0,0,0,0,0,0,0,0,0,0,0,1,0,0,0,0,0,0,0,1,0,0,0
101,4,2,26,2,7100,55.7050151,9.5323321,284.100384615385,1017.11538461538,78.5384615384615,3.46153846153846,245.384615384615,0,60.6538461538462,0,0,0,1,0,0,0,1,0,0,1,0,1,0,0,0,0,0,0,0,0,0,0,0,0,0,1,0,0,0,0,0,0,0,1,0,0,0
101,4,3,40,2,7100,55.7050151,9.5323321,282.0915,1026.775,66.775,3.275,281.75,0,8.1,0,1,0,0,0,0,0,1,0,0,1,0,1,0,0,0,0,0,0,0,0,0,0,0,0,0,1,0,0,0,0,0,0,0,1,0,0,0
101,4,4,47,2,7100,55.7050151,9.5323321,284.778510638298,1024.04255319149,56.2553191489362,4.27659574468085,218.936170212766,0,15.531914893617,0,0,0,0,0,1,0,1,0,0,1,0,1,0,0,0,0,0,0,0,0,0,0,0,0,0,1,0,0,0,1,0,0,0,0,0,0,0
101,4,5,47,2,7100,55.7050151,9.5323321,281.341276595745,1017.10638297872,69.4042553191489,9.74468085106383,282.553191489362,0,70,0,0,0,0,0,0,1,1,0,0,1,0,1,0,0,0,0,0,0,0,0,0,0,0,0,0,1,0,0,0,0,1,0,0,0,0,0,0
101,4,6,30,2,7100,55.7050151,9.5323321,281.492,1021.13333333333,74.7666666666667,7.83333333333333,286,1.52,78.3666666666667,0,0,0,0,1,0,0,1,0,0,1,0,1,0,0,0,0,0,0,0,0,0,0,0,0,0,1,0,0,0,0,1,0,0,0,0,0,0
101,4,7,57,2,7100,55.7050151,9.5323321,284.012807017544,1017.33333333333,82.8421052631579,8.35087719298246,289.473684210526,0,42.1052631578947,1,0,0,0,0,0,0,1,0,0,1,0,1,0,0,0,0,0,0,0,0,0,0,0,0,0,1,0,0,0,0,0,1,0,0,0,0,0
101,4,8,31,2,7100,55.7050151,9.5323321,283.241612903226,1022,71.1290322580645,6.74193548387097,281.612903225806,0,28.4838709677419,0,0,1,0,0,0,0,1,0,0,1,0,1,0,0,0,0,0,0,0,0,0,0,0,0,0,1,0,0,0,0,1,0,0,0,0,0,0
101,4,9,18,2,7100,55.7050151,9.5323321,285.572777777778,1021.72222222222,63.1666666666667,5.5,227.222222222222,0,0,0,0,0,1,0,0,0,1,0,0,1,0,1,0,0,0,0,0,0,0,0,0,0,0,0,0,1,0,0,0,1,0,0,0,0,0,0,0
101,4,10,46,2,7100,55.7050151,9.5323321,281.854782608696,1012.76086956522,66.0217391304348,10.695652173913,274.347826086957,0,71.5217391304348,0,1,0,0,0,0,0,1,0,0,1,0,1,0,0,0,0,0,0,0,0,0,0,0,0,0,1,0,0,0,0,1,0,0,0,0,0,0
101,4,11,48,2,7100,55.7050151,9.5323321,281.070416666667,1018.27083333333,60.3333333333333,7.14583333333333,270,0,57.9375,0,0,0,0,0,1,0,1,0,0,1,0,1,0,0,0,0,0,0,0,0,0,0,0,0,0,1,0,0,0,0,1,0,0,0,0,0,0
101,4,12,70,2,7100,55.7050151,9.5323321,281.464142857143,1004.07142857143,87.0285714285714,6.94285714285714,269,0,79.4857142857143,0,0,0,0,0,0,1,1,0,0,1,0,1,0,0,0,0,0,0,0,0,0,0,0,0,0,1,0,0,0,0,0,1,0,0,0,0,0
101,4,15,49,2,7100,55.7050151,9.5323321,280.278979591837,1002.59183673469,85.7551020408163,7.40816326530612,276.734693877551,0,74.2857142857143,0,0,1,0,0,0,0,1,0,0,1,0,1,0,0,0,0,0,0,0,0,0,0,0,0,0,1,0,0,0,0,1,0,0,0,0,0,0
101,4,18,40,2,7100,55.7050151,9.5323321,278.1015,1031.3,51.05,4.5,94.75,0,35.525,0,0,0,0,0,1,0,1,0,0,1,0,1,0,0,0,0,0,0,0,0,0,0,0,0,0,1,0,0,0,0,1,0,0,0,0,0,0
101,4,19,39,2,7100,55.7050151,9.5323321,279.774615384615,1036.64102564103,49.4358974358974,2.94871794871795,164.358974358974,0,41.7435897435897,0,0,0,0,0,0,1,1,0,0,1,0,1,0,0,0,0,0,0,0,0,0,0,0,0,0,1,0,0,0,1,0,0,0,0,0,0,0
101,4,20,64,2,7100,55.7050151,9.5323321,280.82,1030.75,71.265625,6.171875,233.59375,0.67,67.0625,0,0,0,0,1,0,0,1,0,0,1,0,1,0,0,0,0,0,0,0,0,0,0,0,0,0,1,0,0,0,0,1,0,0,0,0,0,0
101,4,21,58,2,7100,55.7050151,9.5323321,281.841034482759,1016.8275862069,85.6551724137931,7.81034482758621,272.931034482759,0,61.551724137931,1,0,0,0,0,0,0,1,0,0,1,0,1,0,0,0,0,0,0,0,0,0,0,0,0,0,1,0,0,0,0,0,1,0,0,0,0,0
101,4,22,34.45264636189677,2,7100,55.7050151,9.5323321,281.288666666667,1015.08888888889,74.2666666666667,8.15555555555556,289.333333333333,0,43.6666666666667,0,0,1,0,0,0,0,1,0,0,1,0,1,0,0,0,0,0,0,0,0,0,0,0,0,0,1,0,0,0,0,0,0,0,0,1,0,0
101,4,23,10.263901537342463,2,7100,55.7050151,9.5323321,280.597333333333,1017,50.3333333333333,9.6,298,0,62.9333333333333,0,0,0,1,0,0,0,1,0,0,1,0,1,0,0,0,0,0,0,0,0,0,0,0,0,0,1,0,0,0,0,0,0,0,0,1,0,0
101,4,24,48,2,7100,55.7050151,9.5323321,280.609583333333,1004.20833333333,70.4166666666667,9.04166666666667,269.375,0,48.125,0,1,0,0,0,0,0,1,0,0,1,0,1,0,0,0,0,0,0,0,0,0,0,0,0,0,1,0,0,0,0,1,0,0,0,0,0,0
101,4,25,34.130975373787805,2,7100,55.7050151,9.5323321,278.767045454545,1001.86363636364,69.8863636363636,5.47727272727273,274.090909090909,0,56.9090909090909,0,0,0,0,0,1,0,1,0,0,1,0,1,0,0,0,0,0,0,0,0,0,0,0,0,0,1,0,0,0,0,0,0,0,0,1,0,0
101,4,26,41,2,7100,55.7050151,9.5323321,279.199512195122,1010.63414634146,80.7073170731707,3.17073170731707,147.317073170732,0,45.4878048780488,0,0,0,0,0,0,1,1,0,0,1,0,1,0,0,0,0,0,0,0,0,0,0,0,0,0,1,0,0,0,1,0,0,0,0,0,0,0
101,4,27,34.51469553094358,2,7100,55.7050151,9.5323321,279.666666666667,1010.29166666667,74.8958333333333,5.22916666666667,217.708333333333,0,71.0416666666667,0,0,0,0,1,0,0,1,0,0,1,0,1,0,0,0,0,0,0,0,0,0,0,0,0,0,1,0,0,0,0,0,0,0,0,1,0,0
101,4,28,89.14110198616982,2,7100,55.7050151,9.5323321,280.972173913043,1009.53043478261,71.7478260869565,4.39130434782609,247.04347826087,0,72.0260869565217,1,0,0,0,0,0,0,1,0,0,1,0,1,0,0,0,0,0,0,0,0,0,0,0,0,0,1,0,0,0,0,0,0,0,0,1,0,0
101,4,29,75,2,7100,55.7050151,9.5323321,280.7552,1017.33333333333,70.2266666666667,4.69333333333333,56.4,0,63.8666666666667,0,0,1,0,0,0,0,1,0,0,1,0,1,0,0,0,0,0,0,0,0,0,0,0,0,0,1,0,0,0,0,1,0,0,0,0,0,0
101,4,30,33,2,7100,55.7050151,9.5323321,283.845151515151,1019.24242424242,66.7878787878788,6.36363636363636,127.272727272727,0,0.484848484848485,0,0,0,1,0,0,0,1,0,0,1,0,1,0,0,0,0,0,0,0,0,0,0,0,0,0,1,0,0,0,1,0,0,0,0,0,0,0
101,5,1,65,2,7100,55.7050151,9.5323321,284.992615384615,1019.16923076923,49.2461538461538,10.4769230769231,88.9230769230769,0,10.3384615384615,0,1,0,0,0,0,0,1,0,0,1,0,1,0,0,0,0,0,0,0,0,0,0,0,0,0,1,0,0,0,1,0,0,0,0,0,0,0
101,5,2,46,2,7100,55.7050151,9.5323321,285.409782608696,1025.02173913043,47.6739130434783,8.39130434782609,75.2173913043478,0,22.695652173913,0,0,0,0,0,1,0,1,0,0,1,0,1,0,0,0,0,0,0,0,0,0,0,0,0,0,1,0,0,0,1,0,0,0,0,0,0,0
101,5,3,58,2,7100,55.7050151,9.5323321,287.092586206897,1028,46.5344827586207,7.89655172413793,76.2068965517241,0,5.44827586206897,0,0,0,0,0,0,1,1,0,0,1,0,1,0,0,0,0,0,0,0,0,0,0,0,0,0,1,0,0,0,0,1,0,0,0,0,0,0
101,5,4,53,2,7100,55.7050151,9.5323321,285.31679245283,1027.8301886792501,57.4905660377358,8.52830188679245,46.4150943396226,0,56.4528301886792,0,0,0,0,1,0,0,1,0,0,1,0,1,0,0,0,0,0,0,0,0,0,0,0,0,0,1,0,0,0,0,1,0,0,0,0,0,0
101,5,5,63,2,7100,55.7050151,9.5323321,284.644285714286,1024.28571428571,44.6984126984127,6.03174603174603,59.0476190476191,0.91,59.9365079365079,1,0,0,0,0,0,0,1,0,0,1,0,1,0,0,0,0,0,0,0,0,0,0,0,0,0,1,0,0,0,0,1,0,0,0,0,0,0
101,5,6,48,2,7100,55.7050151,9.5323321,287.720625,1016.85416666667,43.3125,2.64583333333333,101.458333333333,0,34,0,0,1,0,0,0,0,1,0,0,1,0,1,0,0,0,0,0,0,0,0,0,0,0,0,0,1,0,0,0,0,1,0,0,0,0,0,0
101,5,7,20,2,7100,55.7050151,9.5323321,290.3535,1013,46.55,3.1,266.5,0,21.6,0,0,0,1,0,0,0,1,0,0,1,0,1,0,0,0,0,0,0,0,0,0,0,0,0,0,1,0,0,0,0,0,0,0,1,0,0,0
101,5,8,49,2,7100,55.7050151,9.5323321,282.626326530612,1021.59183673469,36.5918367346939,5.69387755102041,33.469387755102,0,6.85714285714286,0,1,0,0,0,0,0,1,0,0,1,0,1,0,0,0,0,0,0,0,0,0,0,0,0,0,1,0,0,0,0,1,0,0,0,0,0,0
101,5,9,38.069345337711276,2,7100,55.7050151,9.5323321,281.610625,1015.08333333333,62.0416666666667,5.3125,245.416666666667,6.2,84.0416666666667,0,0,0,0,0,1,0,1,0,0,1,0,1,0,0,0,0,0,0,0,0,0,0,0,0,0,1,0,0,0,0,0,0,0,0,1,0,0
101,5,10,45,2,7100,55.7050151,9.5323321,281.341333333333,1005.8,84.7333333333333,4.62222222222222,271.555555555556,0,71.8222222222222,0,0,0,0,0,0,1,1,0,0,1,0,1,0,0,0,0,0,0,0,0,0,0,0,0,0,1,0,0,0,0,0,1,0,0,0,0,0
101,5,11,63,2,7100,55.7050151,9.5323321,285.156666666667,1004.69841269841,63,2.50793650793651,142.857142857143,0,55.1746031746032,0,0,0,0,1,0,0,1,0,0,1,0,1,0,0,0,0,0,0,0,0,0,0,0,0,0,1,0,0,0,0,1,0,0,0,0,0,0
101,5,13,34.26199253689265,2,7100,55.7050151,9.5323321,289.027333333333,1010.84444444444,64.8444444444444,3.73333333333333,120.666666666667,11.52,40.5111111111111,0,0,1,0,0,0,0,1,0,0,1,0,1,0,0,0,0,0,0,0,0,0,0,0,0,0,1,0,0,0,0,0,0,0,0,1,0,0
101,5,14,12,2,7100,55.7050151,9.5323321,289.313333333333,1018.58333333333,64.4166666666667,4.08333333333333,221.666666666667,0,46.9166666666667,0,0,0,1,0,0,0,1,0,0,1,0,1,0,0,0,0,0,0,0,0,0,0,0,0,0,1,0,0,0,0,0,0,0,1,0,0,0
101,5,15,33.33893798589706,2,7100,55.7050151,9.5323321,288.861458333333,1027.29166666667,53.125,3.6875,253.541666666667,1.575,18.75,0,1,0,0,0,0,0,1,0,0,1,0,1,0,0,0,0,0,0,0,0,0,0,0,0,0,1,0,0,0,0,0,0,0,0,1,0,0
101,5,17,20.79439193813596,2,7100,55.7050151,9.5323321,293.313793103448,1019.31034482759,70.2758620689655,2.27586206896552,172.758620689655,1.6875,88,0,0,0,0,0,0,1,1,0,0,1,0,1,0,0,0,0,0,0,0,0,0,0,0,0,0,1,0,0,0,0,0,0,0,0,1,0,0
101,5,18,33,2,7100,55.7050151,9.5323321,290.838787878788,1010.15151515152,75.6666666666667,4.75757575757576,237.575757575758,0,58.030303030303,0,0,0,0,1,0,0,1,0,0,1,0,1,0,0,0,0,0,0,0,0,0,0,0,0,0,1,0,0,0,0,1,0,0,0,0,0,0
101,5,19,51,2,7100,55.7050151,9.5323321,290.450784313725,1010.05882352941,74.3725490196078,2.35294117647059,148.235294117647,0,53.7647058823529,1,0,0,0,0,0,0,1,0,0,1,0,1,0,0,0,0,0,0,0,0,0,0,0,0,0,1,0,0,0,0,0,0,0,1,0,0,0
101,5,20,25.97323319804855,2,7100,55.7050151,9.5323321,286.777142857143,1018.77142857143,71.3428571428571,5.48571428571429,250.571428571429,0,9.25714285714286,0,0,1,0,0,0,0,1,0,0,1,0,1,0,0,0,0,0,0,0,0,0,0,0,0,0,1,0,0,0,0,0,0,0,0,1,0,0
101,5,21,20,2,7100,55.7050151,9.5323321,289.494,1025.75,55.2,5.05,230,0,28.8,0,0,0,1,0,0,0,1,0,0,1,0,1,0,0,0,0,0,0,0,0,0,0,0,0,0,1,0,0,0,0,1,0,0,0,0,0,0
101,5,22,31,2,7100,55.7050151,9.5323321,290.153870967742,1020.87096774194,53.3870967741936,3.19354838709677,261.935483870968,0,16.2258064516129,0,1,0,0,0,0,0,1,0,0,1,0,1,0,0,0,0,0,0,0,0,0,0,0,0,0,1,0,0,0,0,0,0,0,1,0,0,0
101,5,23,45,2,7100,55.7050151,9.5323321,291.71,1013.15555555556,58.7333333333333,4.75555555555556,196.222222222222,0.92,45.4222222222222,0,0,0,0,0,1,0,1,0,0,1,0,1,0,0,0,0,0,0,0,0,0,0,0,0,0,1,0,0,0,0,1,0,0,0,0,0,0
101,5,24,43,2,7100,55.7050151,9.5323321,288.697674418605,1019.23255813953,54.906976744186,7.37209302325581,291.860465116279,0,14.046511627907,0,0,0,0,0,0,1,1,0,0,1,0,1,0,0,0,0,0,0,0,0,0,0,0,0,0,1,0,0,0,1,0,0,0,0,0,0,0
101,5,26,39,2,7100,55.7050151,9.5323321,292.445897435897,1022.35897435897,64.7948717948718,2.79487179487179,295.128205128205,0,0,1,0,0,0,0,0,0,1,0,0,1,0,1,0,0,0,0,0,0,0,0,0,0,0,0,0,1,0,0,0,1,0,0,0,0,0,0,0
101,5,27,25,2,7100,55.7050151,9.5323321,296.654,1021.48,44.96,3.36,171.2,0,0,0,0,1,0,0,0,0,1,0,0,1,0,1,0,0,0,0,0,0,0,0,0,0,0,0,0,1,0,0,0,1,0,0,0,0,0,0,0
101,5,28,15,2,7100,55.7050151,9.5323321,292.003333333333,1014.86666666667,67.3333333333333,7.06666666666667,240.666666666667,0,8,0,0,0,1,0,0,0,1,0,0,1,0,1,0,0,0,0,0,0,0,0,0,0,0,0,0,1,0,0,0,0,1,0,0,0,0,0,0
101,5,29,37,2,7100,55.7050151,9.5323321,286.502432432432,1013.45945945946,89.054054054054,3.16216216216216,261.081081081081,0,25.5675675675676,0,1,0,0,0,0,0,1,0,0,1,0,1,0,0,0,0,0,0,0,0,0,0,0,0,0,1,0,0,0,0,0,0,0,1,0,0,0
101,5,30,42,2,7100,55.7050151,9.5323321,289.824285714286,1009.28571428571,80.6904761904762,3.71428571428571,278.571428571429,2.24,76.6904761904762,0,0,0,0,0,1,0,1,0,0,1,0,1,0,0,0,0,0,0,0,0,0,0,0,0,0,1,0,0,0,0,1,0,0,0,0,0,0
101,5,31,80,2,7100,55.7050151,9.5323321,286.322,1016.375,66.275,10.525,277.125,0,1.8,0,0,0,0,0,0,1,1,0,0,1,0,1,0,0,0,0,0,0,0,0,0,0,0,0,0,1,0,0,0,0,1,0,0,0,0,0,0
101,6,1,55,2,7100,55.7050151,9.5323321,288.490545454545,1020.4,52.3454545454545,6.83636363636364,280.545454545455,0,13.6,0,0,0,0,1,0,0,1,0,0,1,0,1,0,0,0,0,0,0,0,0,0,0,0,0,0,1,0,0,0,0,1,0,0,0,0,0,0
101,6,2,109,2,7100,55.7050151,9.5323321,292.061376146789,1017.42201834862,33.9082568807339,2.19266055045872,219.082568807339,0,13.7247706422018,1,0,0,0,0,0,0,1,0,0,1,0,1,0,0,0,0,0,0,0,0,0,0,0,0,0,1,0,0,0,0,1,0,0,0,0,0,0
101,6,3,56,2,7100,55.7050151,9.5323321,291.483928571429,1013.19642857143,73.5714285714286,2.51785714285714,111.785714285714,0,73.2142857142857,0,0,1,0,0,0,0,1,0,0,1,0,1,0,0,0,0,0,0,0,0,0,0,0,0,0,1,0,0,0,1,0,0,0,0,0,0,0
101,6,6,53,2,7100,55.7050151,9.5323321,292.337547169811,999.490566037736,58.6415094339623,7.32075471698113,136.22641509434,7.8925,38.1698113207547,0,0,0,0,0,1,0,1,0,0,1,0,1,0,0,0,0,0,0,0,0,0,0,0,0,0,1,0,0,0,0,1,0,0,0,0,0,0
101,6,7,32.53566528961528,2,7100,55.7050151,9.5323321,285.3874,997.5,89.78,5.78,193.4,0,75,0,0,0,0,0,0,1,1,0,0,1,0,1,0,0,0,0,0,0,0,0,0,0,0,0,0,1,0,0,0,0,0,0,0,0,1,0,0
101,6,8,47,2,7100,55.7050151,9.5323321,287.333404255319,1011.82978723404,78.5957446808511,4.46808510638298,198.723404255319,2.13,92,0,0,0,0,1,0,0,1,0,0,1,0,1,0,0,0,0,0,0,0,0,0,0,0,0,0,1,0,0,0,0,1,0,0,0,0,0,0
101,6,9,31.365354559884874,2,7100,55.7050151,9.5323321,289.405319148936,1008.76595744681,90.0212765957447,2.5531914893617,201.808510638298,0,78.6170212765958,1,0,0,0,0,0,0,1,0,0,1,0,1,0,0,0,0,0,0,0,0,0,0,0,0,0,1,0,0,0,0,0,0,0,0,1,0,0
101,6,10,42,2,7100,55.7050151,9.5323321,291.603571428571,1017.59523809524,59.8809523809524,4.35714285714286,225.714285714286,0,46.9523809523809,0,0,1,0,0,0,0,1,0,0,1,0,1,0,0,0,0,0,0,0,0,0,0,0,0,0,1,0,0,0,0,1,0,0,0,0,0,0
101,6,11,17,2,7100,55.7050151,9.5323321,292.489411764706,1012.29411764706,80.9411764705882,5.82352941176471,217.058823529412,0,86.3529411764706,0,0,0,1,0,0,0,1,0,0,1,0,1,0,0,0,0,0,0,0,0,0,0,0,0,0,1,0,0,0,0,1,0,0,0,0,0,0
101,6,12,37,2,7100,55.7050151,9.5323321,287.988918918919,1006.43243243243,76.8918918918919,8.2972972972973,255.675675675676,1.8,77.027027027027,0,1,0,0,0,0,0,1,0,0,1,0,1,0,0,0,0,0,0,0,0,0,0,0,0,0,1,0,0,0,0,1,0,0,0,0,0,0
101,6,13,32,2,7100,55.7050151,9.5323321,288.2425,1013.40625,74.6875,8.09375,277.5,0,17.84375,0,0,0,0,0,1,0,1,0,0,1,0,1,0,0,0,0,0,0,0,0,0,0,0,0,0,1,0,0,0,0,1,0,0,0,0,0,0
101,6,14,30,2,7100,55.7050151,9.5323321,290.818333333333,1018.6,70.1333333333333,4.66666666666667,279.666666666667,0,35.7,0,0,0,0,0,0,1,1,0,0,1,0,1,0,0,0,0,0,0,0,0,0,0,0,0,0,1,0,0,0,0,1,0,0,0,0,0,0
101,6,15,39,2,7100,55.7050151,9.5323321,293.057948717949,1013.71794871795,64.5128205128205,3.30769230769231,137.948717948718,0,69.5384615384615,0,0,0,0,1,0,0,1,0,0,1,0,1,0,0,0,0,0,0,0,0,0,0,0,0,0,1,0,0,0,0,1,0,0,0,0,0,0
101,6,16,58,2,7100,55.7050151,9.5323321,289.15224137931,1011.93103448276,70.8793103448276,9.03448275862069,279.827586206897,0,54.6724137931034,1,0,0,0,0,0,0,1,0,0,1,0,1,0,0,0,0,0,0,0,0,0,0,0,0,0,1,0,0,0,1,0,0,0,0,0,0,0
101,6,17,51,2,7100,55.7050151,9.5323321,292.279607843137,1020.78431372549,57.7254901960784,5.74509803921569,293.529411764706,0,11.0588235294118,0,0,1,0,0,0,0,1,0,0,1,0,1,0,0,0,0,0,0,0,0,0,0,0,0,0,1,0,0,0,1,0,0,0,0,0,0,0
101,6,18,16,2,7100,55.7050151,9.5323321,295.60375,1023.0625,61,7,269.375,0,5.25,0,0,0,1,0,0,0,1,0,0,1,0,1,0,0,0,0,0,0,0,0,0,0,0,0,0,1,0,0,0,0,1,0,0,0,0,0,0
101,6,19,41,2,7100,55.7050151,9.5323321,296.206097560976,1019.24390243902,60.1707317073171,3.48780487804878,226.585365853659,0,11.219512195122,0,1,0,0,0,0,0,1,0,0,1,0,1,0,0,0,0,0,0,0,0,0,0,0,0,0,1,0,0,0,0,0,0,0,1,0,0,0
101,6,20,38,2,7100,55.7050151,9.5323321,289.883157894737,1018.81578947368,55.8684210526316,6.92105263157895,298.947368421053,0,0,0,0,0,0,0,1,0,1,0,0,1,0,1,0,0,0,0,0,0,0,0,0,0,0,0,0,1,0,0,0,1,0,0,0,0,0,0,0
101,6,21,38,2,7100,55.7050151,9.5323321,288.858157894737,1018.15789473684,63.1315789473684,5.10526315789474,288.684210526316,0,56.8421052631579,0,0,0,0,0,0,1,1,0,0,1,0,1,0,0,0,0,0,0,0,0,0,0,0,0,0,1,0,0,0,0,1,0,0,0,0,0,0
101,6,22,24,2,7100,55.7050151,9.5323321,293.03125,1006.41666666667,76.6666666666667,2.33333333333333,129.166666666667,40.1775,70.3333333333333,0,0,0,0,1,0,0,1,0,0,1,0,1,0,0,0,0,0,0,0,0,0,0,0,0,0,1,0,0,0,0,0,0,0,0,0,0,1
101,6,23,59,2,7100,55.7050151,9.5323321,289.96813559322,1008.66101694915,80.8305084745763,5.61016949152542,259.152542372881,2.03,87.8983050847458,1,0,0,0,0,0,0,1,0,0,1,0,1,0,0,0,0,0,0,0,0,0,0,0,0,0,1,0,0,0,0,0,1,0,0,0,0,0
101,6,24,44,2,7100,55.7050151,9.5323321,288.947045454545,1005.54545454545,82.0227272727273,6.72727272727273,256.818181818182,0,64.3636363636364,0,0,1,0,0,0,0,1,0,0,1,0,1,0,0,0,0,0,0,0,0,0,0,0,0,0,1,0,0,0,0,0,1,0,0,0,0,0
101,6,25,15,2,7100,55.7050151,9.5323321,289.173333333333,1003.66666666667,56.9333333333333,8.93333333333333,258,0,64.5333333333333,0,0,0,1,0,0,0,1,0,0,1,0,1,0,0,0,0,0,0,0,0,0,0,0,0,0,1,0,0,0,0,1,0,0,0,0,0,0
101,6,26,34.298494761018084,2,7100,55.7050151,9.5323321,288.477755102041,1008.87755102041,65.2857142857143,7.87755102040816,276.122448979592,0,58.8571428571429,0,1,0,0,0,0,0,1,0,0,1,0,1,0,0,0,0,0,0,0,0,0,0,0,0,0,1,0,0,0,0,0,0,0,0,1,0,0
101,6,27,31,2,7100,55.7050151,9.5323321,288.935806451613,1011.77419354839,55.1290322580645,2.7741935483871,213.548387096774,0,38.9677419354839,0,0,0,0,0,1,0,1,0,0,1,0,1,0,0,0,0,0,0,0,0,0,0,0,0,0,1,0,0,0,1,0,0,0,0,0,0,0
101,6,28,36,2,7100,55.7050151,9.5323321,290.221944444444,1003.05555555556,69.6111111111111,6.08333333333333,76.1111111111111,0,83.6666666666667,0,0,0,0,0,0,1,1,0,0,1,0,1,0,0,0,0,0,0,0,0,0,0,0,0,0,1,0,0,0,0,0,1,0,0,0,0,0
101,6,29,51,2,7100,55.7050151,9.5323321,289.066078431373,997.627450980392,93,3.68627450980392,60,0,75,0,0,0,0,1,0,0,1,0,0,1,0,1,0,0,0,0,0,0,0,0,0,0,0,0,0,1,0,0,0,0,0,1,0,0,0,0,0
101,6,30,104,2,7100,55.7050151,9.5323321,287.392884615385,998.403846153846,91.6153846153846,2.74038461538462,60.7692307692308,0,81.8653846153846,1,0,0,0,0,0,0,1,0,0,1,0,1,0,0,0,0,0,0,0,0,0,0,0,0,0,1,0,0,0,0,0,1,0,0,0,0,0
101,7,1,64,2,7100,55.7050151,9.5323321,294.01390625,1005.609375,53.296875,3.5,283.90625,0,30.25,0,0,1,0,0,0,0,1,0,0,1,0,1,0,0,0,0,0,0,0,0,0,0,0,0,0,1,0,0,0,0,1,0,0,0,0,0,0
101,7,2,2,2,7100,55.7050151,9.5323321,289.041306586035,1012,80,8,283,0,51,0,0,0,1,0,0,0,1,0,0,1,0,1,0,0,0,0,0,0,0,0,0,0,0,0,0,1,0,0,0,0,1,0,0,0,0,0,0
108,6,23,1.35112801482901,53,8362,56.0909997,10.0331445,290.37,1007,77,1.5,240,1.02,92,1,0,0,0,0,0,0,1,0,0,1,0,0,0,0,1,0,0,0,0,0,0,0,0,0,0,0,1,0,0,0,0,0,0,0,1,0,0
108,6,24,28,53,8362,56.0909997,10.0331445,289.414285714286,1004.14285714286,75.8214285714286,3.96428571428571,256.428571428571,0,51.4285714285714,0,0,1,0,0,0,0,1,0,0,1,0,0,0,0,1,0,0,0,0,0,0,0,0,0,0,0,1,0,0,0,1,0,0,0,0,0,0
108,6,26,4,53,8362,56.0909997,10.0331445,289.4,1007.5,47.75,10,270,0,23,0,1,0,0,0,0,0,1,0,0,1,0,0,0,0,1,0,0,0,0,0,0,0,0,0,0,0,1,0,0,0,1,0,0,0,0,0,0
108,6,27,7,53,8362,56.0909997,10.0331445,288.655714285714,1011.14285714286,47.5714285714286,2.28571428571429,225.714285714286,0,50.2857142857143,0,0,0,0,0,1,0,1,0,0,1,0,0,0,0,1,0,0,0,0,0,0,0,0,0,0,0,1,0,0,0,1,0,0,0,0,0,0
108,6,28,5.356711021333467,53,8362,56.0909997,10.0331445,290.595714285714,1005.85714285714,55.1428571428571,5.28571428571429,95.7142857142857,0.375,81.1428571428571,0,0,0,0,0,0,1,1,0,0,1,0,0,0,0,1,0,0,0,0,0,0,0,0,0,0,0,1,0,0,0,0,0,0,0,1,0,0
108,6,29,5.399569160211832,53,8362,56.0909997,10.0331445,289.37,999,73.375,4.125,57.5,0,92,0,0,0,0,1,0,0,1,0,0,1,0,0,0,0,1,0,0,0,0,0,0,0,0,0,0,0,1,0,0,0,0,0,0,0,1,0,0
108,6,30,13.148841189127415,53,8362,56.0909997,10.0331445,288.103684210526,997.736842105263,87.9473684210526,4.73684210526316,101.578947368421,0,80.2105263157895,1,0,0,0,0,0,0,1,0,0,1,0,0,0,0,1,0,0,0,0,0,0,0,0,0,0,0,1,0,0,0,0,0,0,0,1,0,0
108,7,1,11,53,8362,56.0909997,10.0331445,294.520909090909,1004.63636363636,50.2727272727273,4.72727272727273,322.727272727273,0,14.1818181818182,0,0,1,0,0,0,0,1,0,0,1,0,0,0,0,1,0,0,0,0,0,0,0,0,0,0,0,1,0,0,0,1,0,0,0,0,0,0
108,7,2,5,53,8362,56.0909997,10.0331445,288.918482498221,1009.2,76.4,4.4,267.2,0,1.8,0,0,0,1,0,0,0,1,0,0,1,0,0,0,0,1,0,0,0,0,0,0,0,0,0,0,0,1,0,0,0,0,1,0,0,0,0,0
